filename,nct,pipe_drugs,ct_drugs,n_pipe,n_ct,n_overlap,mismatch
30738780 CT_Summary_SoE.pdf,NCT02043678,"abiraterone,placebo,prednisolone,prednisone,radium","abiraterone,placebo,prednisolone,prednisone,radium",5,5,5,False
PIMD 27718847 a_Summary_SoE.pdf,NCT02142738,pembrolizumab,"carboplatin,cisplatin,gemcitabine,paclitaxel,pembrolizumab,pemetrexed",1,6,1,False
PMID 19213681 a_Summary_SoE.pdf,NCT00295646,"anastrozole,tamoxifen,zoledronic","anastrozole,goserelin,tamoxifen,zoledronic",3,4,3,False
PMID 20525992 a_Summary_SoE.pdf,NCT00094653,,,0,0,0,False
PMID 20525993 a_Summary_SoE.pdf,NCT00471497,,,0,0,0,False
PMID 20525995 a_Summary_SoE.pdf,NCT00481247,,,0,0,0,False
PMID 20570559 CT a_Summary_SoE.pdf,NCT00312377,"docetaxel,placebo,vandetanib","docetaxel,vandetanib",3,2,2,False
PMID 20818862 a_Summary_SoE.pdf,NCT00065442,"placebo,sipuleucel","placebo,sipuleucel",2,2,2,False
PMID 20826719 a_Summary_SoE.pdf,NCT00075803,,,0,0,0,False
PMID 21121833 a_Summary_SoE.pdf,NCT00121992,,"cyclophosphamide,docetaxel,doxorubicin,fluorouracil",0,4,0,False
PMID 21282542 CT_Summary_SoE.pdf,NCT00364351,erlotinib,"erlotinib,vandetanib",1,2,1,False
PMID 21306237 a_Summary_SoE.pdf,NCT00428597,"placebo,sunitinib","placebo,sunitinib",2,2,2,False
PMID 21306238 a_Summary_SoE.pdf,NCT00510068,placebo,"everolimus,placebo",1,2,1,False
PMID 21410393 a_Summary_SoE.pdf,NCT00414648,placebo,placebo,1,1,1,False
PMID 21612468 a_Summary_SoE.pdf,NCT00638690,"abiraterone,placebo,prednisone","abiraterone,placebo,prednisolone,prednisone",3,4,3,False
PMID 21621716 CT_Summary_SoE.pdf,NCT00130728,"bevacizumab,erlotinib,placebo","bevacizumab,erlotinib,placebo",3,3,3,False
PMID 21631324 a_Summary_SoE.pdf,NCT00019682,,,0,0,0,False
PMID 21639808 a_Summary_SoE.pdf,NCT01006980,dacarbazine,"dacarbazine,vemurafenib",1,2,1,False
PMID 21639810 a_Summary_SoE.pdf,NCT00324155,"dacarbazine,ipilimumab,placebo","dacarbazine,ipilimumab,placebo",3,3,3,False
PMID 21751904 a_Summary_SoE.pdf,NCT00002597,,"flutamide,goserelin,leuprolide",0,3,0,False
PMID 21962393 CT_Summary_SoE.pdf,NCT00075829,,"dexamethasone,thalidomide",0,2,0,False
PMID 21990397 a_Summary_SoE.pdf,NCT00281697,"bevacizumab,placebo","bevacizumab,placebo",2,2,2,False
PMID 21991949 a_Summary_SoE.pdf,NCT00021255,"carboplatin,cyclophosphamide,docetaxel,doxorubicin,trastuzumab","carboplatin,cyclophosphamide,docetaxel,doxorubicin,trastuzumab",5,5,5,False
PMID 22025146 CT_Summary_SoE.pdf,NCT00410761,"placebo,vandetanib",vandetanib,2,1,1,False
PMID 22119496 a_Summary_SoE.pdf,NCT00412061,"everolimus,placebo","everolimus,octreotide,placebo",2,3,2,False
PMID 22149875 a_Summary_SoE.pdf,NCT00567190,"docetaxel,pertuzumab,placebo,trastuzumab","docetaxel,pertuzumab,placebo,trastuzumab",4,4,4,False
PMID 22149876 a_Summary_SoE.pdf,NCT00863655,"everolimus,exemestane,placebo","everolimus,exemestane,placebo",3,3,3,False
PMID 22204724 a_Summary_SoE.pdf,NCT00262847,"bevacizumab,placebo","bevacizumab,carboplatin,paclitaxel,placebo",2,4,2,False
PMID 22257673 a_Summary_SoE.pdf,NCT00553358,"lapatinib,trastuzumab","lapatinib,paclitaxel,trastuzumab",2,3,2,False
PMID 22271472 a_Summary_SoE.pdf,NCT00004859,thalidomide,"carboplatin,paclitaxel,thalidomide",1,3,1,False
PMID 22375970 a_Summary_SoE.pdf,NCT00934544,ruxolitinib,ruxolitinib,1,1,1,False
PMID 22375971 a_Summary_SoE.pdf,NCT00952289,placebo,"placebo,ruxolitinib",1,2,1,False
PMID 22454414 a_Summary_SoE.pdf,NCT00110214,"bevacizumab,docetaxel,placebo,prednisone","bevacizumab,docetaxel,placebo,prednisone",4,4,4,False
PMID 22508813 a_Summary_SoE.pdf,NCT00602420,placebo,placebo,1,1,1,False
PMID 22529265 a_Summary_SoE.pdf,NCT00434642,"bevacizumab,carboplatin,gemcitabine,placebo","bevacizumab,carboplatin,gemcitabine,placebo",4,4,4,False
PMID 22551107 a_Summary_SoE.pdf,NCT00094497,"cisplatin,doxorubicin,etoposide","cisplatin,doxorubicin,etoposide",3,3,3,False
PMID 22564989 a_Summary_SoE.pdf,NCT00457392,"erlotinib,placebo,sunitinib","erlotinib,placebo,sunitinib",3,3,3,False
PMID 22571200 a_Summary_SoE.pdf,NCT00405756,"lenalidomide,placebo","melphalan,placebo,prednisone",2,3,1,False
PMID 22571201 a_Summary_SoE.pdf,NCT00114101,"lenalidomide,placebo","lenalidomide,melphalan,placebo",2,3,2,False
PMID 22585697 a_Summary_SoE.pdf,NCT00317642,"cytarabine,placebo","cytarabine,placebo",2,2,2,False
PMID 22663011 a_Summary_SoE.pdf,NCT01245062,"dacarbazine,paclitaxel,trametinib",,3,0,0,False
PMID 22689805 a_Summary_SoE.pdf,NCT00260832,"cytarabine,decitabine","cytarabine,decitabine",2,2,2,False
PMID 22735384 a_Summary_SoE.pdf,NCT01227889,dacarbazine,dacarbazine,1,1,1,False
PMID 22808955 a_Summary_SoE.pdf,NCT00007644,,,0,0,0,False
PMID 22851564 a_Summary_SoE.pdf,NCT00449033,"cisplatin,gemcitabine,placebo,sorafenib","cisplatin,gemcitabine,placebo,sorafenib",4,4,4,False
PMID 22853014 a_Summary_SoE.pdf,NCT00075764,"anastrozole,fulvestrant","anastrozole,fulvestrant",2,2,2,False
PMID 22894553 a_Summary_SoE.pdf,NCT00974311,placebo,"enzalutamide,placebo",1,2,1,False
PMID 22915657 a_Summary_SoE.pdf,NCT00475085,"aprepitant,dexamethasone,granisetron,placebo","aprepitant,dexamethasone,granisetron,placebo",4,4,4,False
PMID 22949154 a_Summary_SoE.pdf,NCT00574873,,,0,0,0,False
PMID 22965961 a_Summary_SoE.pdf,NCT00384176,"bevacizumab,cediranib","bevacizumab,cediranib,fluorouracil,leucovorin,oxaliplatin",2,5,2,False
PMID 22965962 a_Summary_SoE.pdf,NCT00532155,"aflibercept,docetaxel,placebo","aflibercept,dexamethasone,docetaxel,placebo",3,4,3,False
PMID 22965965 a_Summary_SoE.pdf,NCT00399035,"cediranib,placebo","capecitabine,cediranib,fluorouracil,leucovorin,oxaliplatin,placebo",2,6,2,False
PMID 22987089 a_Summary_SoE.pdf,NCT00091169,placebo,placebo,1,1,1,False
PMID 23075175 a_Summary_SoE.pdf,NCT00075816,,,0,0,0,False
PMID 23177515 a_Summary_SoE.pdf,NCT01271712,"placebo,regorafenib","placebo,regorafenib",2,2,2,False
PMID 23228172 a_Summary_SoE.pdf,NCT00887198,"abiraterone,placebo,prednisone","abiraterone,placebo,prednisone",3,3,3,False
PMID 23234763 a_Summary_SoE.pdf,NCT00374322,"lapatinib,placebo","lapatinib,placebo",2,2,2,False
PMID 23248256 a_Summary_SoE.pdf,NCT00110019,"carboplatin,paclitaxel,placebo,sorafenib","carboplatin,paclitaxel,placebo,sorafenib",4,4,4,False
PMID 23295789 a_Summary_SoE.pdf,NCT00210353,"chlorambucil,rituximab","chlorambucil,rituximab",2,2,2,False
PMID 23295793 a_Summary_SoE.pdf,NCT00106691,placebo,placebo,1,1,1,False
PMID 23358971 a_Summary_SoE.pdf,NCT00066573,"anastrozole,exemestane,placebo","anastrozole,exemestane",3,2,2,False
PMID 23358972_Summary_SoE.pdf,NCT00457691,"placebo,sunitinib","fluorouracil,irinotecan,leucovorin,placebo,sunitinib",2,5,2,False
PMID 23460714 a_Summary_SoE.pdf,NCT00088907,"docetaxel,placebo","docetaxel,gefitinib,placebo",2,3,2,False
PMID 23478059 a_Summary_SoE.pdf,NCT00418574,placebo,placebo,1,1,1,False
PMID 23509322 a_Summary_SoE.pdf,NCT00281658,"lapatinib,paclitaxel,placebo","lapatinib,paclitaxel,placebo",3,3,3,False
PMID 23569308 a_Summary_SoE.pdf,NCT00617669,"docetaxel,placebo","docetaxel,placebo",2,2,2,False
PMID 23690416 a_Summary_SoE.pdf,NCT00499109,"carboplatin,gemcitabine","carboplatin,docetaxel,gemcitabine,vinorelbine",2,4,2,False
PMID 23724913 a_Summary_SoE.pdf,NCT00932893,,"docetaxel,pemetrexed",0,2,0,False
PMID 23733756 a_Summary_SoE.pdf,NCT00775645,placebo,placebo,1,1,1,False
PMID 23733779 a_Summary_SoE.pdf,NCT00129389,paclitaxel,"cyclophosphamide,doxorubicin,fluorouracil,paclitaxel",1,4,1,False
PMID 23816960 a_Summary_SoE.pdf,NCT00949650,"afatinib,cisplatin,pemetrexed","cisplatin,pemetrexed",3,2,2,False
PMID 23835708 a_Summary_SoE.pdf,NCT00961415,"bevacizumab,pemetrexed","bevacizumab,cisplatin,pemetrexed",2,3,2,False
PMID 23857972 a_Summary_SoE.pdf,NCT00435409,"capecitabine,sunitinib","capecitabine,sunitinib",2,2,2,False
PMID 23863050 a_Summary_SoE.pdf,NCT00699751,"placebo,radium","placebo,radium",2,2,2,False
PMID 23940216 a_Summary_SoE.pdf,NCT00777153,"cediranib,lomustine,placebo","cediranib,lomustine,placebo",3,3,3,False
PMID 23940225 a_Summary_SoE.pdf,NCT00093795,,"cyclophosphamide,docetaxel,doxorubicin,gemcitabine,paclitaxel",0,5,0,False
PMID 23960180 a_Summary_SoE.pdf,NCT01144364,rituximab,rituximab,1,1,1,False
PMID 23980091 a_Summary_SoE.pdf,NCT00049543,"gefitinib,placebo","gefitinib,placebo",2,2,2,False
PMID 24043745 a_Summary_SoE.pdf,NCT00879333,"everolimus,placebo","everolimus,placebo",2,2,2,False
PMID 24081940 a_Summary_SoE.pdf,NCT00354432,placebo,placebo,1,1,1,False
PMID 24101040 a_Summary_SoE.pdf,NCT00304031,,temozolomide,0,1,0,False
PMID 24101054 a_Summary_SoE.pdf,NCT00257608,"bevacizumab,erlotinib,placebo","bevacizumab,erlotinib,placebo",3,3,3,False
PMID 24131140 a_Summary_SoE.pdf,NCT00844649,gemcitabine,"gemcitabine,paclitaxel",1,2,1,False
PMID 24145346 a_Summary_SoE.pdf,NCT00762034,"bevacizumab,carboplatin,paclitaxel,pemetrexed","bevacizumab,carboplatin,paclitaxel,pemetrexed",4,4,4,False
PMID 24297945 a_Summary_SoE.pdf,NCT00631371,"bevacizumab,interferon,temsirolimus","bevacizumab,interferon,temsirolimus",3,3,3,False
PMID 24297950 a_Summary_SoE.pdf,NCT00474786,"sorafenib,temsirolimus","sorafenib,temsirolimus",2,2,2,False
PMID 24297951 a_Summary_SoE.pdf,NCT01099449,placebo,"oxaliplatin,placebo",1,2,1,False
PMID 24323035 a_Summary_SoE.pdf,NCT00676650,"placebo,prednisone,sunitinib","placebo,prednisone,sunitinib",3,3,3,False
PMID 24395863 a_Summary_SoE.pdf,NCT00262821,cisplatin,cisplatin,1,1,1,False
PMID 24401022 a_Summary_SoE.pdf,NCT01998880,"chlorambucil,obinutuzumab,rituximab","chlorambucil,obinutuzumab,rituximab",3,3,3,False
PMID 24439929 CT_Summary_SoE.pdf,NCT01121393,"afatinib,cisplatin,gemcitabine","cisplatin,gemcitabine",3,2,2,False
PMID 24450857 a_Summary_SoE.pdf,NCT01539512,"idelalisib,placebo,rituximab","idelalisib,placebo,rituximab",3,3,3,False
PMID 24552317 a_Summary_SoE.pdf,NCT00884741,"bevacizumab,placebo","bevacizumab,placebo,temozolomide",2,3,2,False
PMID 24552318 a_Summary_SoE.pdf,NCT00943826,"bevacizumab,placebo,temozolomide","bevacizumab,placebo,temozolomide",3,3,3,False
PMID 24552320 a_Summary_SoE.pdf,NCT00803062,"bevacizumab,cisplatin,paclitaxel,topotecan","bevacizumab,cisplatin,paclitaxel,topotecan",4,4,4,False
PMID 24590644 a_Summary_SoE.pdf,NCT00079001,"placebo,zoledronic","placebo,zoledronic",2,2,2,False
PMID 24637997 a_Summary_SoE.pdf,NCT00976911,bevacizumab,"bevacizumab,doxorubicin,paclitaxel,topotecan",1,4,1,False
PMID 24733799 a_Summary_SoE.pdf,NCT01156142,"doxepin,placebo","doxepin,placebo",2,2,2,False
PMID 24768112 a_Summary_SoE.pdf,NCT00984282,"placebo,sorafenib","placebo,sorafenib",2,2,2,False
PMID 24868024 a_Summary_SoE.pdf,NCT00486954,"lapatinib,paclitaxel","lapatinib,paclitaxel",2,2,2,False
PMID 24881463 a_Summary_SoE.pdf,NCT00066703,"exemestane,tamoxifen","exemestane,tamoxifen",2,2,2,False
PMID 24881631 a_Summary_SoE.pdf,NCT01578707,ibrutinib,ibrutinib,1,1,1,False
PMID 24881730 a_Summary_SoE.pdf,NCT01212991,"enzalutamide,placebo","enzalutamide,placebo",2,2,2,False
PMID 24888818 a_Summary_SoE.pdf,NCT00382018,,,0,0,0,False
PMID 24898665 CT_Summary_SoE.pdf,NCT00268983,rituximab,rituximab,1,1,1,False
PMID 24933332 a_Summary_SoE.pdf,NCT01168973,"docetaxel,placebo,ramucirumab","docetaxel,placebo,ramucirumab",3,3,3,False
PMID 24934787 a_Summary_SoE.pdf,NCT00041119,"cyclophosphamide,doxorubicin,paclitaxel","cyclophosphamide,doxorubicin,paclitaxel",3,3,3,False
PMID 24982457 a_Summary_SoE.pdf,NCT00107172,,,0,0,0,False
PMID 24982504 CT_Summary_SoE.pdf,NCT00406393,methotrexate,methotrexate,1,1,1,False
PMID 25014687 a_Summary_SoE.pdf,NCT00353496,"lanreotide,placebo","lanreotide,placebo",2,2,2,False
PMID 25092781 a_Summary_SoE.pdf,NCT00372593,,"cytarabine,daunorubicin,etoposide,gemtuzumab,mitoxantrone",0,5,0,False
PMID 25154829 a_Summary_SoE.pdf,NCT00075946,rituximab,rituximab,1,1,1,False
PMID 25184863 a_Summary_SoE.pdf,NCT00689936,,"dexamethasone,lenalidomide,melphalan,prednisone,thalidomide",0,5,0,False
PMID 25225436 a_Summary_SoE.pdf,NCT00866697,"pazopanib,placebo","pazopanib,placebo",2,2,2,False
PMID 25265494 a_Summary_SoE.pdf,NCT01689519,"cobimetinib,placebo,vemurafenib","cobimetinib,placebo,vemurafenib",3,3,3,False
PMID 25267740 a_Summary_SoE.pdf,NCT00078949,rituximab,"cisplatin,cytarabine,dexamethasone,gemcitabine,rituximab",1,5,1,False
PMID 25311218 a_Summary_SoE.pdf,NCT00025259,,"bleomycin,cisplatin,cyclophosphamide,cytarabine,dexamethasone,doxorubicin,etoposide,filgrastim,prednisone,vincristine",0,10,0,False
PMID 25332243 a_Summary_SoE.pdf,NCT00006237,"filgrastim,interferon","cisplatin,dacarbazine,filgrastim,interferon,interleukin,vinblastine",2,6,2,False
PMID 25348000 a_Summary_SoE.pdf,NCT00390455,"fulvestrant,lapatinib,placebo","fulvestrant,lapatinib,placebo",3,3,3,False
PMID 25354103 a_Summary_SoE.pdf,NCT00412360,,"cyclophosphamide,fludarabine",0,2,0,False
PMID 25366680 a_Summary_SoE.pdf,NCT00047008,cisplatin,cisplatin,1,1,1,False
PMID 25399551 a_Summary_SoE.pdf,NCT01597908,"dabrafenib,trametinib,vemurafenib","dabrafenib,trametinib,vemurafenib",3,3,3,False
PMID 25399552 a_Summary_SoE.pdf,NCT01721772,"dacarbazine,nivolumab","dacarbazine,nivolumab,placebo",2,3,2,False
PMID 25422488 a_Summary_SoE.pdf,NCT00070564,paclitaxel,"cyclophosphamide,doxorubicin,paclitaxel,pegfilgrastim",1,4,1,False
PMID 25470694 a_Summary_SoE.pdf,NCT01154140,"carboplatin,cisplatin,crizotinib,pemetrexed",,4,0,0,False
PMID 25482145 a_Summary_SoE.pdf,NCT01080391,"carfilzomib,dexamethasone,lenalidomide","carfilzomib,dexamethasone,lenalidomide",3,3,3,False
PMID 25495490 a_Summary_SoE.pdf,NCT00066690,"exemestane,tamoxifen","exemestane,tamoxifen",2,2,2,False
PMID 25547503 a_Summary_SoE.pdf,NCT00901901,"erlotinib,placebo,sorafenib","erlotinib,placebo,sorafenib",3,3,3,False
PMID 25605862 a_Summary_SoE.pdf,NCT00337103,"capecitabine,eribulin","capecitabine,eribulin",2,2,2,False
PMID 25629741 a_Summary_SoE.pdf,NCT01243944,ruxolitinib,ruxolitinib,1,1,1,False
PMID 25671254 a_Summary_SoE.pdf,NCT01321554,"lenvatinib,placebo","lenvatinib,placebo",2,2,2,False
PMID 25682602 a_Summary_SoE.pdf,NCT00929695,prednisone,prednisone,1,1,1,False
PMID 25713428 a_Summary_SoE.pdf,NCT01012297,"bevacizumab,docetaxel,filgrastim,gemcitabine,placebo","bevacizumab,docetaxel,filgrastim,gemcitabine,pegfilgrastim,placebo",5,6,5,False
PMID 25738668 a_Summary_SoE.pdf,NCT00068601,"cyclophosphamide,goserelin","cyclophosphamide,goserelin",2,2,2,False
PMID 25738670 a_Summary_SoE.pdf,NCT00722137,,"bortezomib,cyclophosphamide,doxorubicin,prednisone,rituximab,vincristine",0,6,0,False
PMID 25779558 a_Summary_SoE.pdf,NCT00667251,"lapatinib,trastuzumab","docetaxel,lapatinib,paclitaxel,trastuzumab",2,4,2,False
PMID 25891173 a_Summary_SoE.pdf,NCT01866319,ipilimumab,"ipilimumab,pembrolizumab",1,2,1,False
PMID 25897156 a_Summary_SoE.pdf,NCT00369785,placebo,placebo,1,1,1,False
PMID 25940724 a_Summary_SoE.pdf,NCT01385137,placebo,placebo,1,1,1,False
PMID 25970050 a_Summary_SoE.pdf,NCT01607957,placebo,placebo,1,1,1,False
PMID 26014293 a_Summary_SoE.pdf,NCT00769704,,talimogene,0,1,0,False
PMID 26027431 a_Summary_SoE.pdf,NCT01844505,"ipilimumab,nivolumab","ipilimumab,nivolumab,placebo",2,3,2,False
PMID 26028407 a_Summary_SoE.pdf,NCT01642004,"docetaxel,nivolumab","docetaxel,nivolumab",2,2,2,False
PMID 26030518 a_Summary_SoE.pdf,NCT01942135,"fulvestrant,palbociclib,placebo","fulvestrant,palbociclib,placebo",3,3,3,False
PMID 26035255 a_Summary_SoE.pdf,NCT01239797,"dexamethasone,elotuzumab,lenalidomide","dexamethasone,elotuzumab,lenalidomide",3,3,3,False
PMID 26040499 a_Summary_SoE.pdf,NCT00556374,"denosumab,placebo","denosumab,placebo,zoledronic",2,3,2,False
PMID 26056177 a_Summary_SoE.pdf,NCT00507416,"bortezomib,dexamethasone,melphalan,prednisone,thalidomide","bortezomib,dexamethasone,melphalan,prednisone,thalidomide",5,5,5,False
PMID 26122726 a_Summary_SoE.pdf,NCT01519700,,filgrastim,0,1,0,False
PMID 26159065 CT_Summary_SoE.pdf,NCT01544179,"cisplatin,gefitinib,pemetrexed,placebo","cisplatin,gefitinib,pemetrexed,placebo",4,4,4,False
PMID 26169611 a_Summary_SoE.pdf,NCT01244191,"erlotinib,placebo","erlotinib,placebo",2,2,2,False
PMID 26206652 CT_Summary_SoE.pdf,NCT01596283,,,0,0,0,False
PMID 26244877 a_Summary_SoE.pdf,NCT00309985,docetaxel,docetaxel,1,1,1,False
PMID 26351350 a_Summary_SoE.pdf,NCT01989572,placebo,placebo,1,1,1,False
PMID 26371143 a_Summary_SoE.pdf,NCT01343277,"dacarbazine,trabectedin","dacarbazine,trabectedin",2,2,2,False
PMID 26377300 CT_Summary_SoE.pdf,NCT01039376,,,0,0,0,False
PMID 26406148 a_Summary_SoE.pdf,NCT01668784,"everolimus,nivolumab","everolimus,nivolumab",2,2,2,False
PMID 26406150 a_Summary_SoE.pdf,NCT01865747,"cabozantinib,everolimus","cabozantinib,everolimus",2,2,2,False
PMID 26412349 a_Summary_SoE.pdf,NCT00310180,,"anastrozole,exemestane,letrozole,tamoxifen",0,4,0,False
PMID 26412456 a_Summary_SoE.pdf,NCT01673867,"docetaxel,nivolumab","docetaxel,nivolumab",2,2,2,False
PMID 26416999 a_Summary_SoE.pdf,NCT00129935,"capecitabine,cyclophosphamide,docetaxel,epirubicin","capecitabine,cyclophosphamide,docetaxel,epirubicin",4,4,4,False
PMID 26527790 a_Summary_SoE.pdf,NCT00424255,"lapatinib,placebo","lapatinib,placebo",2,2,2,False
PMID 26540028 a_Summary_SoE.pdf,NCT00402779,"erlotinib,placebo","erlotinib,placebo",2,2,2,False
PMID 26598744 a_Summary_SoE.pdf,NCT00490139,"lapatinib,trastuzumab","lapatinib,trastuzumab",2,2,2,False
PMID 26628478 a_Summary_SoE.pdf,NCT00680901,"lapatinib,placebo","capecitabine,lapatinib,oxaliplatin,placebo",2,4,2,False
PMID 26639149 a_Summary_SoE.pdf,NCT01722487,"chlorambucil,ibrutinib","chlorambucil,ibrutinib",2,2,2,False
PMID 26655421 CT_Summary_SoE.pdf,NCT01611090,"bendamustine,ibrutinib,placebo,rituximab","bendamustine,ibrutinib,placebo,rituximab",4,4,4,False
PMID 26673811 a_Summary_SoE.pdf,NCT01646021,"ibrutinib,temsirolimus","ibrutinib,temsirolimus",2,2,2,False
PMID 26703889 a_Summary_SoE.pdf,NCT01524783,"everolimus,placebo","everolimus,placebo",2,2,2,False
PMID 26712084b_Summary_SoE.pdf,NCT01905657,docetaxel,"docetaxel,pembrolizumab",1,2,1,False
PMID 26811519 a_Summary_SoE.pdf,NCT00686959,"cisplatin,etoposide,pemetrexed","carboplatin,cisplatin,etoposide,paclitaxel,pemetrexed,vinorelbine",3,6,3,False
PMID 26858335 a_Summary_SoE.pdf,NCT00338286,,,0,0,0,False
PMID 26884585 a_Summary_SoE.pdf,NCT01512745,placebo,placebo,1,1,1,False
PMID 26933849 a_Summary_SoE.pdf,NCT01167712,"carboplatin,paclitaxel","bevacizumab,carboplatin,paclitaxel",2,3,2,False
PMID 26997579 a _Summary_SoE.pdf,NCT02106494,"dexamethasone,granisetron,ondansetron","dexamethasone,ondansetron,placebo",3,3,2,False
PMID 27044935 a_Summary_SoE.pdf,NCT00331773,,,0,0,0,False
PMID 27119237 a_Summary_SoE.pdf,NCT01564537,"dexamethasone,lenalidomide,placebo","dexamethasone,ixazomib,lenalidomide,placebo",3,4,3,False
PMID 27264120 a_Summary_SoE.pdf,NCT00754845,"letrozole,placebo","letrozole,placebo",2,2,2,False
PMID 27354480 a_Summary_SoE.pdf,NCT01029262,"lenalidomide,placebo","lenalidomide,placebo",2,2,2,False
PMID 27458307 a_Summary_SoE.pdf,NCT01450761,"etoposide,ipilimumab,placebo","carboplatin,cisplatin,etoposide,ipilimumab,placebo",3,5,3,False
PMID 27458945 a_Summary_SoE.pdf,NCT00377156,,,0,0,0,False
PMID 27557302 a_Summary_SoE.pdf,NCT02136134,"bortezomib,daratumumab,dexamethasone","bortezomib,daratumumab,dexamethasone",3,3,3,False
PMID 27569442 CT_Summary_SoE.pdf,NCT00134030,"etoposide,ifosfamide,interferon","cisplatin,doxorubicin,etoposide,ifosfamide,methotrexate",3,5,2,False
PMID 27705267 a_Summary_SoE.pdf,NCT02076009,"daratumumab,dexamethasone,lenalidomide","daratumumab,dexamethasone,lenalidomide",3,3,3,False
PMID 27717299 a_Summary_SoE.pdf,NCT01847274,"niraparib,placebo","niraparib,placebo",2,2,2,False
PMID 27717303 a_Summary_SoE.pdf,NCT01958021,"letrozole,placebo","letrozole,placebo,ribociclib",2,3,2,False
PMID 27718781 a_Summary_SoE.pdf,NCT00375674,"placebo,sunitinib","placebo,sunitinib",2,2,2,False
PMID 27718784 a_Summary_SoE.pdf,NCT02105636,nivolumab,"cetuximab,docetaxel,methotrexate,nivolumab",1,4,1,False
PMID 27731748 a_Summary_SoE.pdf,NCT00824265,"cyclophosphamide,fludarabine","cyclophosphamide,fludarabine",2,2,2,False
PMID 27787547 a_Summary_SoE.pdf,NCT00087022,placebo,placebo,1,1,1,False
PMID 27908454 CT_Summary_SoE.pdf,NCT01602380,"anastrozole,fulvestrant","anastrozole,placebo",2,2,1,False
PMID 27914822_Summary_SoE.pdf,NCT00716976,,,0,0,0,False
PMID 27918724 a_Summary_SoE.pdf,NCT01677910,placebo,placebo,1,1,1,False
PMID 27918780 a_Summary_SoE.pdf,NCT02472964,trastuzumab,"docetaxel,paclitaxel,trastuzumab",1,3,1,False
PMID 27959613 a_Summary_SoE.pdf,NCT01740427,"letrozole,placebo","letrozole,placebo",2,2,2,False
PMID 27959700 a_Summary_SoE.pdf,NCT02151981,osimertinib,osimertinib,1,1,1,False
PMID 27979383 a_Summary_SoE.pdf,NCT02008227,"atezolizumab,docetaxel","atezolizumab,docetaxel",2,2,2,False
PMID 28029326 a_Summary_SoE.pdf,NCT01014208,rituximab,rituximab,1,1,1,False
PMID 28030702 a_Summary_SoE.pdf,NCT00869206,zoledronic,zoledronic,1,1,1,False
PMID 28034081 a_Summary_SoE.pdf,NCT01057810,"ipilimumab,placebo","ipilimumab,placebo",2,2,2,False
PMID 28056202 a_Summary_SoE.pdf,NCT01120184,"pertuzumab,placebo,trastuzumab","docetaxel,paclitaxel,pertuzumab,placebo,trastuzumab",3,5,3,False
PMID 28076709 a_Summary_SoE.pdf,NCT01578239,octreotide,octreotide,1,1,1,False
PMID 28125763 a_Summary_SoE.pdf,NCT00320710,zoledronic,"placebo,zoledronic",1,2,1,False
PMID 28126333 a_Summary_SoE.pdf,NCT01828099,,"carboplatin,ceritinib,cisplatin,pemetrexed",0,4,0,False
PMID 28135150 a_Summary_SoE.pdf,NCT00003641,,interferon,0,1,0,False
PMID 28139405 CT_Summary_SoE.pdf,NCT01569295,"bendamustine,idelalisib,placebo,rituximab","bendamustine,idelalisib,placebo,rituximab",4,4,4,False
PMID 28140392 a_Summary_SoE.pdf,NCT00910910,"chlorambucil,lenalidomide","chlorambucil,lenalidomide",2,2,2,False
PMID 28146658 a_Summary_SoE.pdf,NCT00002874,placebo,"bicalutamide,placebo",1,2,1,False
PMID 28212060 a_Summary_SoE.pdf,NCT02256436,"docetaxel,paclitaxel,pembrolizumab,vinflunine","docetaxel,paclitaxel,pembrolizumab,vinflunine",4,4,4,False
PMID 28249141 a_Summary_SoE.pdf,NCT02013167,blinatumomab,blinatumomab,1,1,1,False
PMID 28257752 CT_Summary_SoE.pdf,NCT01659021,idelalisib,idelalisib,1,1,1,False
PMID 28296618 a_Summary_SoE.pdf,NCT00482677,temozolomide,temozolomide,1,1,1,False
PMID 28380315 a_Summary_SoE.pdf,NCT01339910,,"busulfan,cyclophosphamide,fludarabine,melphalan",0,4,0,False
PMID 28384065 a_Summary_SoE.pdf,NCT00569127,"bevacizumab,interferon,octreotide","bevacizumab,interferon,octreotide",3,3,3,False
PMID 28438473 a_Summary_SoE.pdf,NCT00565851,"bevacizumab,carboplatin,paclitaxel","bevacizumab,carboplatin,docetaxel,gemcitabine,paclitaxel",3,5,3,False
PMID 28492898 CT_Summary_SoE.pdf,NCT01933932,"docetaxel,placebo,selumetinib","docetaxel,filgrastim,placebo,selumetinib",3,4,3,False
PMID 28501140 CT_Summary_SoE.pdf,NCT02075840,"alectinib,crizotinib","alectinib,crizotinib",2,2,2,False
PMID 28578601 a_Summary_SoE.pdf,NCT02000622,olaparib,olaparib,1,1,1,False
PMID 28578607 a_Summary_SoE.pdf,NCT01715285,"abiraterone,prednisone","abiraterone,placebo,prednisone",2,3,2,False
PMID 28580882 a_Summary_SoE.pdf,NCT02107703,"abemaciclib,fulvestrant,placebo","abemaciclib,fulvestrant,placebo",3,3,3,False
PMID 28581356 a_Summary_SoE.pdf,NCT01358877,"pertuzumab,placebo,trastuzumab","carboplatin,cyclophosphamide,docetaxel,doxorubicin,epirubicin,fluorouracil,paclitaxel,pertuzumab,placebo,trastuzumab",3,10,3,False
PMID 28600132 CT_Summary_SoE.pdf,NCT01578499,"brentuximab,methotrexate","brentuximab,methotrexate",2,2,2,False
PMID 28632865 a_Summary_SoE.pdf,NCT00265850,"bevacizumab,cetuximab","bevacizumab,cetuximab",2,2,2,False
PMID 28636851 a_Summary_SoE.pdf,NCT02041533,nivolumab,"carboplatin,cisplatin,gemcitabine,nivolumab,paclitaxel,pemetrexed",1,6,1,False
PMID 28644114 a_Summary_SoE.pdf,NCT00651261,"midostaurin,placebo","cytarabine,daunorubicin,dexamethasone,midostaurin,placebo",2,5,2,False
PMID 28687830 a_Summary_SoE.pdf,NCT00655876,"cetuximab,cisplatin,paclitaxel","cetuximab,cisplatin,paclitaxel",3,3,3,False
PMID 28746153 CT_Summary_SoE.pdf,NCT01438476,,,0,0,0,False
PMID 28753384 a_Summary_SoE.pdf,NCT01308567,"cabazitaxel,docetaxel,prednisone","cabazitaxel,docetaxel,prednisone",3,3,3,False
PMID 28754483 CT_Summary_SoE.pdf,NCT01874353,"olaparib,placebo","olaparib,placebo",2,2,2,False
PMID 28796588 a_Summary_SoE.pdf,NCT01287741,rituximab,"cyclophosphamide,doxorubicin,obinutuzumab,prednisone,rituximab,vincristine",1,6,1,False
PMID 28809610 a_Summary_SoE.pdf,NCT01308580,"cabazitaxel,prednisone","cabazitaxel,prednisolone,prednisone",2,3,2,False
PMID 28854067 a_Summary_SoE.pdf,NCT01285609,"carboplatin,ipilimumab,paclitaxel,placebo","carboplatin,ipilimumab,paclitaxel,placebo",4,4,4,False
PMID 28885881 a_Summary_SoE.pdf,NCT02125461,"durvalumab,placebo",placebo,2,1,1,False
PMID 28891408 a_Summary_SoE.pdf,NCT01682083,"dabrafenib,placebo,trametinib","dabrafenib,trametinib",3,2,2,False
PMID 28891423 a_Summary_SoE.pdf,NCT02388906,"ipilimumab,nivolumab,placebo","ipilimumab,nivolumab,placebo",3,3,3,False
PMID 28902533 a_Summary_SoE.pdf,NCT01235962,"pazopanib,placebo","pazopanib,placebo",2,2,2,False
PMID 28916367 a_Summary_SoE.pdf,NCT01968213,"placebo,rucaparib","placebo,rucaparib",2,2,2,False
PMID 28916371 a_Summary_SoE.pdf,NCT02426125,"docetaxel,placebo,ramucirumab","docetaxel,placebo,ramucirumab",3,3,3,False
PMID 28935843 a_Summary_SoE.pdf,NCT01649856,rituximab,rituximab,1,1,1,False
PMID 28958469a_Summary_SoE.pdf,NCT00774345,"lenalidomide,placebo","lenalidomide,placebo",2,2,2,False
PMID 28968163 CT a_Summary_SoE.pdf,NCT02246621,placebo,"abemaciclib,anastrozole,letrozole,placebo",1,4,1,False
PMID 28976863 a_Summary_SoE.pdf,NCT01332968,"obinutuzumab,rituximab","bendamustine,cyclophosphamide,doxorubicin,obinutuzumab,prednisone,rituximab,vincristine",2,7,2,False
PMID 29091516 a_Summary_SoE.pdf,NCT02130557,,,0,0,0,False
PMID 29103871 CT_Summary_SoE.pdf,NCT01924533,"olaparib,paclitaxel,placebo","olaparib,paclitaxel,placebo",3,3,3,False
PMID 29136387 a_Summary_SoE.pdf,NCT01598298,placebo,placebo,1,1,1,False
PMID 29151359 a_Summary_SoE.pdf,NCT02296125,"erlotinib,gefitinib,osimertinib","erlotinib,gefitinib,placebo",3,3,2,False
PMID 29158011 CT_Summary_SoE.pdf,NCT00553410,letrozole,letrozole,1,1,1,False
PMID 29169877 CT_Summary_SoE.pdf,NCT00946712,"bevacizumab,carboplatin,cetuximab,paclitaxel","bevacizumab,carboplatin,cetuximab,paclitaxel",4,4,4,False
PMID 29224502 a_Summary_SoE.pdf,NCT01712490,"bleomycin,brentuximab,dacarbazine,doxorubicin,vinblastine","bleomycin,brentuximab,dacarbazine,doxorubicin,vinblastine",5,5,5,False
PMID 29231094 a_Summary_SoE.pdf,NCT02073682,,,0,0,0,False
PMID 29238824 a_Summary_SoE.pdf,NCT01067144,placebo,placebo,1,1,1,False
PMID 29244528 a_Summary_SoE.pdf,NCT01160211,"lapatinib,trastuzumab","lapatinib,trastuzumab",2,2,2,False
PMID 29268948 a_Summary_SoE.pdf,NCT02302807,"atezolizumab,docetaxel,paclitaxel,vinflunine","atezolizumab,docetaxel,paclitaxel,vinflunine",4,4,4,False
PMID 29373094 a_Summary_SoE.pdf,NCT02149524,trastuzumab,trastuzumab,1,1,1,False
PMID 29420164 a_Summary_SoE.pdf,NCT01946204,"apalutamide,placebo","apalutamide,placebo",2,2,2,False
PMID 29477665 CT_Summary_SoE.pdf,NCT01667419,"placebo,vemurafenib","placebo,vemurafenib",2,2,2,False
PMID 29522138 a_Summary_SoE.pdf,NCT02055781,,,0,0,0,False
PMID 29528792 a_Summary_SoE.pdf,NCT01974752,"dacarbazine,placebo,selumetinib","dacarbazine,placebo,selumetinib",3,3,3,False
PMID 29543933 a_Summary_SoE.pdf,NCT00033631,,,0,0,0,False
PMID 29562145 a_Summary_SoE.pdf,NCT02231749,"ipilimumab,nivolumab,sunitinib","ipilimumab,nivolumab,sunitinib",3,3,3,False
PMID 29562156 a_Summary_SoE.pdf,NCT02005471,"bendamustine,rituximab,venetoclax","bendamustine,rituximab,venetoclax",3,3,3,False
PMID 29573941 a_Summary_SoE.pdf,NCT01909453,"binimetinib,encorafenib,vemurafenib",vemurafenib,3,1,1,False
PMID 29624463 a_Summary_SoE.pdf,NCT00004124,"goserelin,mitoxantrone,prednisone","bicalutamide,goserelin,mitoxantrone,prednisone",3,4,3,False
PMID 29625879 CT_Summary_SoE.pdf,NCT01755767,placebo,placebo,1,1,1,False
PMID 29658430 a_Summary_SoE.pdf,NCT02362594,"pembrolizumab,placebo","pembrolizumab,placebo",2,2,2,False
PMID 29658856 a_Summary_SoE.pdf,NCT02578680,"pembrolizumab,pemetrexed,placebo","carboplatin,cisplatin,dexamethasone,pembrolizumab,pemetrexed",3,5,2,False
PMID 29668860 a_Summary_SoE.pdf,NCT02604342,alectinib,"alectinib,docetaxel,pemetrexed",1,3,1,False
PMID 29726361 CT_Summary_SoE.pdf,NCT01856543,,,0,0,0,False
PMID 29801011 CT_Summary_SoE.pdf,NCT00445601,gemcitabine,"gemcitabine,placebo",1,2,1,False
PMID 29804902 CT_Summary_SoE.pdf,NCT02278120,"goserelin,placebo,tamoxifen","anastrozole,goserelin,letrozole,placebo,ribociclib,tamoxifen",3,6,3,False
PMID 29856685 a_Summary_SoE.pdf,NCT02165397,"ibrutinib,placebo,rituximab","ibrutinib,placebo,rituximab",3,3,3,False
PMID 29860922 CT_Summary_SoE.pdf,NCT02422615,"fulvestrant,placebo,ribociclib","fulvestrant,placebo,ribociclib",3,3,3,False
PMID 29863955 a_Summary_SoE.pdf,NCT02366143,"atezolizumab,bevacizumab,carboplatin,paclitaxel","atezolizumab,bevacizumab,carboplatin,paclitaxel",4,4,4,False
PMID 29866475 CT_Summary_SoE.pdf,NCT02412878,"carfilzomib,dexamethasone","carfilzomib,dexamethasone",2,2,2,False
PMID 29880231 a_Summary_SoE.pdf,NCT02370498,"paclitaxel,pembrolizumab","paclitaxel,pembrolizumab",2,2,2,False
PMID 29949494 a_Summary_SoE.pdf,NCT02003924,"enzalutamide,placebo","enzalutamide,placebo",2,2,2,False
PMID 29972759 a_Summary_SoE.pdf,NCT01908426,"cabozantinib,placebo","cabozantinib,placebo",2,2,2,False
PMID 29989857 a_Summary_SoE.pdf,NCT01672892,,,0,0,0,False
PMID 30010751 a_Summary_SoE.pdf,NCT02149108,"nintedanib,placebo","nintedanib,placebo",2,2,2,False
PMID 30024784 a_Summary_SoE.pdf,NCT01696084,,"cytarabine,daunorubicin",0,2,0,False
PMID 30040523 a_Summary_SoE.pdf,NCT00433511,"bevacizumab,paclitaxel,placebo","bevacizumab,cyclophosphamide,doxorubicin,paclitaxel,placebo",3,5,3,False
PMID 30052729 CT_Summary_SoE.pdf,NCT02625623,"avelumab,irinotecan,paclitaxel","avelumab,irinotecan,paclitaxel",3,3,3,False
PMID 30072745 a_Summary_SoE.pdf,NCT00770874,cisplatin,cisplatin,1,1,1,False
PMID 30100375 CT_Summary_SoE.pdf,NCT01728805,"mogamulizumab,vorinostat",vorinostat,2,1,1,False
PMID 30105668 a_Summary_SoE.pdf,NCT02101021,,"gemcitabine,paclitaxel,placebo",0,3,0,False
PMID 30110579 a_Summary_SoE.pdf,NCT01945775,talazoparib,talazoparib,1,1,1,False
PMID 30177994 a_Summary_SoE.pdf,NCT01351415,"bevacizumab,docetaxel,erlotinib,pemetrexed","bevacizumab,docetaxel,erlotinib,pemetrexed",4,4,4,False
PMID 30262187 CT _Summary_SoE.pdf,NCT02395172,"avelumab,docetaxel","avelumab,docetaxel",2,2,2,False
PMID 30280635 a_Summary_SoE.pdf,NCT02775435,"carboplatin,paclitaxel,pembrolizumab,placebo","carboplatin,paclitaxel,pembrolizumab,placebo",4,4,4,False
PMID 30280641 a_Summary_SoE.pdf,NCT02763579,"atezolizumab,carboplatin,etoposide,placebo","atezolizumab,carboplatin,etoposide,placebo",4,4,4,False
PMID 30280657 a_Summary_SoE.pdf,NCT02737501,"brigatinib,crizotinib","brigatinib,crizotinib",2,2,2,False
PMID 30287523 CT_Summary_SoE.pdf,NCT02004522,duvelisib,duvelisib,1,1,1,False
PMID 30345884 a_Summary_SoE.pdf,NCT01844986,"olaparib,placebo","olaparib,placebo",2,2,2,False
PMID 30345906 a_Summary_SoE.pdf,NCT02425891,"atezolizumab,paclitaxel,placebo","atezolizumab,paclitaxel,placebo",3,3,3,False
PMID 30346481 CT_Summary_SoE.pdf,NCT01599754,"axitinib,placebo","axitinib,placebo",2,2,2,False
PMID 30355453 CT_Summary_SoE.pdf,NCT02500043,placebo,placebo,1,1,1,False
PMID 30389036 CT_Summary_SoE.pdf,NCT02260804,,,0,0,0,False
PMID 30415629 a_Summary_SoE.pdf,NCT01169259,placebo,placebo,1,1,1,False
PMID 30449625 CT_Summary_SoE.pdf,NCT01302834,"cetuximab,cisplatin","cetuximab,cisplatin",2,2,2,False
PMID 30501481 a_Summary_SoE.pdf,NCT01886872,"bendamustine,ibrutinib,rituximab","bendamustine,ibrutinib,rituximab",3,3,3,False
PMID 30509740 a_Summary_SoE.pdf,NCT02252042,"cetuximab,docetaxel,methotrexate,pembrolizumab","cetuximab,docetaxel,methotrexate,pembrolizumab",4,4,4,False
PMID 30516102 a_Summary_SoE.pdf,NCT01772472,trastuzumab,trastuzumab,1,1,1,False
PMID 30522922 CT_Summary_SoE.pdf,NCT01777152,brentuximab,"brentuximab,cyclophosphamide,doxorubicin,prednisone,vincristine",1,5,1,False
PMID 30522969 CT_Summary_SoE.pdf,NCT02264574,"chlorambucil,ibrutinib,obinutuzumab","chlorambucil,ibrutinib,obinutuzumab",3,3,3,False
PMID 30545780 CT_Summary_SoE.pdf,NCT02181413,"ixazomib,placebo","ixazomib,placebo",2,2,2,False
PMID 30575484 a_Summary_SoE.pdf,NCT02066181,"placebo,sorafenib","placebo,sorafenib",2,2,2,False
PMID 30653422 a_Summary_SoE.pdf,NCT01109004,lenalidomide,"bortezomib,dexamethasone,lenalidomide",1,3,1,False
PMID 30659987 CT_Summary_SoE.pdf,NCT02613507,"docetaxel,nivolumab","docetaxel,nivolumab",2,2,2,False
PMID 30665869 CT_Summary_SoE.pdf,NCT02435433,"placebo,ramucirumab","placebo,ramucirumab",2,2,2,False
PMID 30707661 a_Summary_SoE.pdf,NCT01482962,,gemcitabine,0,1,0,False
PMID 30763142 a_Summary_SoE.pdf,NCT02200614,"darolutamide,placebo","darolutamide,placebo",2,2,2,False
PMID 30763730 CT_Summary_SoE.pdf,NCT02454933,,,0,0,0,False
PMID 30777794 a_Summary_SoE.pdf,NCT01539083,"bortezomib,prednisolone,thalidomide","bortezomib,cyclophosphamide,dexamethasone,prednisolone,thalidomide",3,5,3,False
PMID 30779529 a_Summary_SoE.pdf,NCT02853331,"axitinib,pembrolizumab,sunitinib","axitinib,pembrolizumab,sunitinib",3,3,3,False
PMID 30786186 a_Summary_SoE.pdf,NCT02555878,placebo,placebo,1,1,1,False
PMID 30811280 a_Summary_SoE.pdf,NCT02714218,"ipilimumab,nivolumab","ipilimumab,nivolumab",2,2,2,False
PMID 30817251 CT_Summary_SoE.pdf,NCT01322490,placebo,placebo,1,1,1,False
PMID 30819926 a_Summary_SoE.pdf,NCT01818752,"bortezomib,carfilzomib","bortezomib,carfilzomib,melphalan,prednisone",2,4,2,False
PMID 30897038 a_Summary_SoE.pdf,NCT01938001,"lenalidomide,placebo,rituximab","lenalidomide,placebo,rituximab",3,3,3,False
PMID 30901302 a_Summary_SoE.pdf,NCT01855750,"ibrutinib,placebo","cyclophosphamide,doxorubicin,ibrutinib,placebo,prednisone,rituximab,vincristine",2,7,2,False
PMID 30939090 a_Summary_SoE.pdf,NCT00118209,,"cyclophosphamide,doxorubicin,etoposide,filgrastim,pegfilgrastim,prednisone,rituximab,vincristine",0,8,0,False
PMID 30955977 a_Summary_SoE.pdf,NCT02220894,pembrolizumab,"carboplatin,paclitaxel,pembrolizumab,pemetrexed",1,4,1,False
PMID 30990550 a_Summary_SoE.pdf,NCT02229539,"doxepin,placebo","diphenhydramine,doxepin,placebo",2,3,2,False
PMID 30995174 a_Summary_SoE.pdf,NCT00807768,,"carboplatin,paclitaxel",0,2,0,False
PMID 30995176 CT a_Summary_SoE.pdf,NCT01539291,,idelalisib,0,1,0,False
PMID 31002578 a_Summary_SoE.pdf,NCT00951496,"bevacizumab,carboplatin,cisplatin,paclitaxel","bevacizumab,carboplatin,cisplatin,paclitaxel",4,4,4,False
PMID 31003911 CT_Summary_SoE.pdf,NCT02788279,"atezolizumab,cobimetinib,regorafenib","atezolizumab,cobimetinib,regorafenib",3,3,3,False
PMID 31070709 CT_Summary_SoE.pdf,NCT02588261,"erlotinib,gefitinib","erlotinib,gefitinib",2,2,2,False
PMID 31079938 CT_Summary_SoE.pdf,NCT02420821,"atezolizumab,bevacizumab,sunitinib","atezolizumab,bevacizumab,sunitinib",3,3,3,False
PMID 31091374 a_Summary_SoE.pdf,NCT02437318,"alpelisib,fulvestrant,placebo","alpelisib,fulvestrant,placebo",3,3,3,False
PMID 31097405 a_Summary_SoE.pdf,NCT01734928,"bortezomib,dexamethasone,pomalidomide","bortezomib,dexamethasone,pomalidomide",3,3,3,False
PMID 31122901 CT_Summary_SoE.pdf,NCT02367781,"atezolizumab,carboplatin,paclitaxel","atezolizumab,carboplatin,paclitaxel,pemetrexed",3,4,3,False
PMID 31141632 a_Summary_SoE.pdf,NCT02252172,"daratumumab,dexamethasone,lenalidomide","daratumumab,dexamethasone,lenalidomide",3,3,3,False
PMID 31150574 a_Summary_SoE.pdf,NCT02489318,"apalutamide,placebo","apalutamide,placebo",2,2,2,False
PMID 31157963 a_Summary_SoE.pdf,NCT02184195,"olaparib,placebo","olaparib,placebo",2,2,2,False
PMID 31166681 a_Summary_SoE.pdf,NCT02242942,"chlorambucil,obinutuzumab,venetoclax","chlorambucil,obinutuzumab,venetoclax",3,3,3,False
PMID 31175001 CT_Summary_SoE.pdf,NCT02039726,quizartinib,quizartinib,1,1,1,False
PMID 31189035 a_Summary_SoE.pdf,NCT00942357,"carboplatin,cisplatin,paclitaxel","carboplatin,cisplatin,paclitaxel",3,3,3,False
PMID 31194247 a_Summary_SoE.pdf,NCT01345669,"afatinib,placebo","afatinib,placebo",2,2,2,False
PMID 31221619 a_Summary_SoE.pdf,NCT02752074,"pembrolizumab,placebo","pembrolizumab,placebo",2,2,2,False
PMID 31240472 CT_Summary_SoE.pdf,NCT01102426,dexamethasone,dexamethasone,1,1,1,False
PMID 31246522 CT_Summary_SoE.pdf,NCT00703820,,"cytarabine,daunorubicin,etoposide",0,3,0,False
PMID 31248843 CT_Summary_SoE.pdf,NCT01231412,,fludarabine,0,1,0,False
PMID 31327687 CT_Summary_SoE.pdf,NCT02576977,"dexamethasone,pembrolizumab,pomalidomide","dexamethasone,pembrolizumab,pomalidomide",3,3,3,False
PMID 31327689 a_Summary_SoE.pdf,NCT02579863,"dexamethasone,lenalidomide,pembrolizumab","dexamethasone,lenalidomide,pembrolizumab",3,3,3,False
PMID 31329516 a_Summary_SoE.pdf,NCT02677896,"enzalutamide,placebo","enzalutamide,placebo",2,2,2,False
PMID 31338773 CT_Summary_SoE.pdf,NCT02364999,"bevacizumab,carboplatin,paclitaxel","bevacizumab,carboplatin,paclitaxel",3,3,3,False
PMID 31345387 CT_Summary_SoE.pdf,NCT01706939,"carboplatin,cetuximab,paclitaxel",carboplatin,3,1,1,False
PMID 31361535 a_Summary_SoE.pdf,NCT01107626,"bevacizumab,pemetrexed","bevacizumab,carboplatin,paclitaxel,pemetrexed",2,4,2,False
PMID 31365801 a_Summary_SoE.pdf,NCT02048813,"ibrutinib,rituximab","cyclophosphamide,fludarabine,ibrutinib,rituximab",2,4,2,False
PMID 31371228 CT_Summary_SoE.pdf,NCT02231086,,,0,0,0,False
PMID 31399378 CT_Summary_SoE.pdf,NCT01254630,placebo,placebo,1,1,1,False
PMID 31454045 a_Summary_SoE.pdf,NCT00567567,,"carboplatin,cisplatin,cyclophosphamide,doxorubicin,etoposide,filgrastim,melphalan,topotecan,vincristine",0,9,0,False
PMID 31486832 a_Summary_SoE.pdf,NCT01015833,"doxorubicin,sorafenib","doxorubicin,sorafenib",2,2,2,False
PMID 31562799 a_Summary_SoE.pdf,NCT02655016,"niraparib,placebo","niraparib,placebo",2,2,2,False
PMID 31566309 a_Summary_SoE.pdf,NCT02928224,"binimetinib,cetuximab,encorafenib,irinotecan","binimetinib,cetuximab,encorafenib,fluorouracil,irinotecan",4,5,4,False
PMID 31582355 a_Summary_SoE.pdf,NCT02569242,"nivolumab,paclitaxel","docetaxel,nivolumab,paclitaxel",2,3,2,False
PMID 31590988 a_Summary_SoE.pdf,NCT03043872,"durvalumab,etoposide,tremelimumab","carboplatin,cisplatin,durvalumab,etoposide,tremelimumab",3,5,3,False
PMID 31591063 CT a_Summary_SoE.pdf,NCT02411448,"erlotinib,placebo,ramucirumab","erlotinib,gefitinib,osimertinib,placebo,ramucirumab",3,5,3,False
PMID 31618129 a_Summary_SoE.pdf,NCT00588770,bevacizumab,"bevacizumab,carboplatin,cisplatin,docetaxel,fluorouracil",1,5,1,False
PMID 31629060 a_Summary_SoE.pdf,NCT00858364,placebo,placebo,1,1,1,False
PMID 31645288 CT_Summary_SoE.pdf,NCT00418457,,,0,0,0,False
PMID 31647503 a_Summary_SoE.pdf,NCT02586025,"docetaxel,pertuzumab,placebo,trastuzumab","docetaxel,pertuzumab,placebo,trastuzumab",4,4,4,False
PMID 31665578 a_Summary_SoE.pdf,NCT02421939,gilteritinib,"azacitidine,cytarabine,etoposide,filgrastim,fludarabine,gilteritinib,idarubicin,mitoxantrone",1,8,1,False
PMID 31679945 a_Summary_SoE.pdf,NCT02358031,"cetuximab,fluorouracil,pembrolizumab","carboplatin,cetuximab,cisplatin,fluorouracil,pembrolizumab",3,5,3,False
PMID 31688884 a_Summary_SoE.pdf,NCT01307579,,,0,0,0,False
PMID 31693129 CT_Summary_SoE.pdf,NCT00127205,zoledronic,zoledronic,1,1,1,False
PMID 31725692 CT_Summary_SoE.pdf,NCT03131713,,,0,0,0,False
PMID 31735560 CT_Summary_SoE.pdf,NCT02990338,"dexamethasone,pomalidomide","dexamethasone,pomalidomide",2,2,2,False
PMID 31800611 a_Summary_SoE.pdf,NCT01806259,placebo,,1,0,0,False
PMID 31806543 CT_Summary_SoE.pdf,NCT01077154,"denosumab,placebo","denosumab,placebo",2,2,2,False
PMID 31810797 CT_Summary_SoE.pdf,NCT02627963,"sorafenib,tivozanib","sorafenib,tivozanib",2,2,2,False
PMID 31820339 CT_Summary_SoE.pdf,NCT02213263,rituximab,,1,0,0,False
PMID 31821109 a_Summary_SoE.pdf,NCT01275677,trastuzumab,"cyclophosphamide,docetaxel,doxorubicin,paclitaxel,trastuzumab",1,5,1,False
PMID 31924332 CT_Summary_SoE.pdf,NCT01846611,trabectedin,"dexamethasone,trabectedin",1,2,1,False
PMID 31935026 a_Summary_SoE.pdf,NCT01238172,,,0,0,0,False
PMID 32010577 a_Summary_SoE.pdf,NCT02954172,"bevacizumab,carboplatin,paclitaxel","bevacizumab,carboplatin,paclitaxel",3,3,3,False
PMID 32031887 CT_Summary_SoE.pdf,NCT02349412,,,0,0,0,False
PMID 32058845 a_Summary_SoE.pdf,NCT02360215,,,0,0,0,False
PMID 32073956 a_Summary_SoE.pdf,NCT02282020,olaparib,olaparib,1,1,1,False
PMID 32145827 a_Summary_SoE.pdf,NCT01435018,"bleomycin,etoposide,paclitaxel,vincristine","bleomycin,etoposide,paclitaxel,vincristine",4,4,4,False
PMID 32201234 a_Summary_SoE.pdf,NCT02352948,"durvalumab,tremelimumab","durvalumab,erlotinib,gemcitabine,tremelimumab,vinorelbine",2,5,2,False
PMID 32213342 a_Summary_SoE.pdf,NCT03277105,,,0,0,0,False
PMID 32259228 a_Summary_SoE.pdf,NCT02451943,"doxorubicin,olaratumab,placebo","doxorubicin,olaratumab,placebo",3,3,3,False
PMID 32271377 a_Summary_SoE.pdf,NCT02453282,tremelimumab,"carboplatin,cisplatin,durvalumab,gemcitabine,paclitaxel,pemetrexed,tremelimumab",1,7,1,False
PMID 32294530 CT_Summary_SoE.pdf,NCT02369874,"durvalumab,tremelimumab",tremelimumab,2,1,1,False
PMID 32302702 CT_Summary_SoE.pdf,NCT02367794,"atezolizumab,carboplatin,paclitaxel","atezolizumab,carboplatin,paclitaxel",3,3,3,False
PMID 32305093 a_Summary_SoE.pdf,NCT02475681,"acalabrutinib,chlorambucil,obinutuzumab","acalabrutinib,chlorambucil,obinutuzumab",3,3,3,False
PMID 32343890 a_Summary_SoE.pdf,NCT02987543,"abiraterone,enzalutamide,olaparib","abiraterone,enzalutamide,olaparib",3,3,3,False
PMID 32372176 CT_Summary_SoE.pdf,NCT01573442,placebo,placebo,1,1,1,False
PMID 32379269 a_Summary_SoE.pdf,NCT03137121,placebo,placebo,1,1,1,False
PMID 32402160 a_Summary_SoE.pdf,NCT03434379,"atezolizumab,bevacizumab,sorafenib","atezolizumab,bevacizumab,sorafenib",3,3,3,False
PMID 32416072 CT a_Summary_SoE.pdf,NCT02989857,"ivosidenib,placebo",placebo,2,1,1,False
PMID 32416073 CT_Summary_SoE.pdf,NCT03099382,"docetaxel,irinotecan","camrelizumab,docetaxel,irinotecan",2,3,2,False
PMID 32416780 a_Summary_SoE.pdf,NCT02807636,"atezolizumab,gemcitabine,placebo","atezolizumab,carboplatin,cisplatin,gemcitabine,placebo",3,5,3,False
PMID 32437507 a_Summary_SoE.pdf,NCT02017717,"bevacizumab,ipilimumab,nivolumab","bevacizumab,ipilimumab,nivolumab",3,3,3,False
PMID 32459600 a_Summary_SoE.pdf,NCT02970318,"acalabrutinib,bendamustine,idelalisib,rituximab","acalabrutinib,bendamustine,idelalisib,rituximab",4,4,4,False
PMID 32460997 CT_Summary_SoE.pdf,NCT01535053,methotrexate,"leucovorin,methotrexate",1,2,1,False
PMID 32469183 a_Summary_SoE.pdf,NCT03085095,leuprolide,leuprolide,1,1,1,False
PMID 32469384 a_Summary_SoE.pdf,NCT03091192,"savolitinib,sunitinib","savolitinib,sunitinib",2,2,2,False
PMID 32496902 a_Summary_SoE.pdf,NCT02883049,,"cyclophosphamide,cytarabine,daunorubicin,dexamethasone,doxorubicin,etoposide,leucovorin,mercaptopurine,methotrexate,prednisone,thioguanine,vincristine",0,12,0,False
PMID 32534646 CT_Summary_SoE.pdf,NCT02908672,"atezolizumab,cobimetinib,placebo,vemurafenib","atezolizumab,cobimetinib,placebo,vemurafenib",4,4,4,False
PMID 32564260 CT_Summary_SoE.pdf,NCT02896855,"docetaxel,pertuzumab,placebo,trastuzumab","docetaxel,pertuzumab,placebo,trastuzumab",4,4,4,False
PMID 32678716 CT_Summary_SoE.pdf,NCT01808573,"capecitabine,lapatinib,neratinib","capecitabine,lapatinib,neratinib",3,3,3,False
PMID 32682457 a_Summary_SoE.pdf,NCT02322593,"cisplatin,oxaliplatin","cisplatin,oxaliplatin",2,2,2,False
PMID 32682484 a_Summary_SoE.pdf,NCT03158688,"carfilzomib,daratumumab,dexamethasone","carfilzomib,daratumumab,dexamethasone",3,3,3,False
PMID 32706639 a_Summary_SoE.pdf,NCT00430183,docetaxel,docetaxel,1,1,1,False
PMID 32786187 a_Summary_SoE.pdf,NCT02993523,"azacitidine,placebo,venetoclax","azacitidine,placebo,venetoclax",3,3,3,False
PMID 32813610 a_Summary_SoE.pdf,NCT00408005,,"cyclophosphamide,cytarabine,daunorubicin,dexamethasone,doxorubicin,leucovorin,mercaptopurine,methotrexate,prednisone,thioguanine,vincristine",0,11,0,False
PMID 32822286 a_Summary_SoE.pdf,NCT01849874,"binimetinib,doxorubicin,paclitaxel,topotecan",,4,0,0,False
PMID 32861273 CT_Summary_SoE.pdf,NCT02163694,"carboplatin,paclitaxel,placebo,veliparib","carboplatin,paclitaxel,placebo,veliparib",4,4,4,False
PMID 32880601a_Summary_SoE.pdf,NCT02494583,"pembrolizumab,placebo","capecitabine,cisplatin,fluorouracil,pembrolizumab,placebo",2,5,2,False
PMID 32945632 a_Summary_SoE.pdf,NCT02603432,avelumab,avelumab,1,1,1,False
PMID 32954927a_Summary_SoE.pdf,NCT03155997,abemaciclib,abemaciclib,1,1,1,False
PMID 32971005 CT_Summary_SoE.pdf,NCT02516241,"cisplatin,gemcitabine,tremelimumab","carboplatin,cisplatin,durvalumab,gemcitabine,tremelimumab",3,5,3,False
PMID 32997907 a_Summary_SoE.pdf,NCT02409342,atezolizumab,"atezolizumab,carboplatin,cisplatin,gemcitabine,pemetrexed",1,5,1,False
PMID 33010094 CT_Summary_SoE.pdf,NCT01509612,placebo,placebo,1,1,1,False
PMID 33021870 a_Summary_SoE.pdf,NCT02312258,"ixazomib,placebo","ixazomib,placebo",2,2,2,False
PMID 33026938 CT_Summary_SoE.pdf,NCT02564263,"docetaxel,irinotecan,paclitaxel,pembrolizumab","docetaxel,irinotecan,paclitaxel,pembrolizumab",4,4,4,False
PMID 33044684 CT_Summary_SoE.pdf,NCT02747043,rituximab,rituximab,1,1,1,False
PMID 33078978 a_Summary_SoE.pdf,NCT00063999,"carboplatin,cisplatin,doxorubicin,filgrastim,paclitaxel","carboplatin,cisplatin,doxorubicin,filgrastim,paclitaxel,pegfilgrastim",5,6,5,False
PMID 33129376 a_Summary_SoE.pdf,NCT02755597,"placebo,venetoclax","bortezomib,dexamethasone,placebo,venetoclax",2,4,2,False
PMID 33186740 a_Summary_SoE.pdf,NCT02340221,"fulvestrant,placebo","fulvestrant,placebo",2,2,2,False
PMID 33189178 a_Summary_SoE.pdf,NCT03110562,"bortezomib,dexamethasone","bortezomib,dexamethasone",2,2,2,False
PMID 33194700 CT a_Summary_SoE.pdf,NCT02152631,erlotinib,"abemaciclib,erlotinib",1,2,1,False
PMID 33197226 a_Summary_SoE.pdf,NCT02625610,"avelumab,fluorouracil,oxaliplatin","avelumab,capecitabine,fluorouracil,leucovorin,oxaliplatin",3,5,3,False
PMID 33207094 a_Summary_SoE.pdf,NCT03052608,"crizotinib,lorlatinib","crizotinib,lorlatinib",2,2,2,False
PMID 33231285 a_Summary_SoE.pdf,NCT03850444,pembrolizumab,"carboplatin,paclitaxel,pembrolizumab,pemetrexed",1,4,1,False
PMID 33278935 a_Summary_SoE.pdf,NCT02819518,"pembrolizumab,placebo","carboplatin,gemcitabine,paclitaxel,pembrolizumab,placebo",2,5,2,False
PMID 33357420 CT_Summary_SoE.pdf,NCT03493854,trastuzumab,"cyclophosphamide,docetaxel,doxorubicin,paclitaxel,pertuzumab,trastuzumab",1,6,1,False
PMID 33369355 a_Summary_SoE.pdf,NCT01757535,"azacitidine,placebo","azacitidine,placebo",2,2,2,False
PMID 33476593 a_Summary_SoE.pdf,NCT03215706,"ipilimumab,nivolumab","carboplatin,cisplatin,ipilimumab,nivolumab,paclitaxel,pemetrexed",2,6,2,False
PMID 33480963 a_Summary_SoE.pdf,NCT02492711,"margetuximab,trastuzumab","margetuximab,trastuzumab",2,2,2,False
PMID 33485464 a_Summary_SoE.pdf,NCT02899299,"carboplatin,cisplatin,ipilimumab,nivolumab,pemetrexed","carboplatin,cisplatin,ipilimumab,nivolumab,pemetrexed",5,5,5,False
PMID 33513313 a_Summary_SoE.pdf,NCT03302234,"ipilimumab,pembrolizumab,placebo","ipilimumab,pembrolizumab,placebo",3,3,3,False
PMID 33539945 CT_Summary_SoE.pdf,NCT02436668,"gemcitabine,ibrutinib,paclitaxel,placebo","gemcitabine,ibrutinib,paclitaxel,placebo",4,4,4,False
PMID 33555926 a_Summary_SoE.pdf,NCT02923921,,,0,0,0,False
PMID 33577358 a_Summary_SoE.pdf,NCT02545504,placebo,"fluorouracil,leucovorin,oxaliplatin,placebo",1,4,1,False
PMID 33577729 a_Summary_SoE.pdf,NCT03474107,"docetaxel,enfortumab,paclitaxel,vinflunine","docetaxel,enfortumab,paclitaxel,vinflunine",4,4,4,False
PMID 33616314 a_Summary_SoE.pdf,NCT02811861,"everolimus,lenvatinib,pembrolizumab,sunitinib","everolimus,lenvatinib,pembrolizumab,sunitinib",4,4,4,False
PMID 33621109 a_Summary_SoE.pdf,NCT02285062,"lenalidomide,placebo","cyclophosphamide,doxorubicin,lenalidomide,placebo,prednisone,rituximab,vincristine",2,7,2,False
PMID 33631112 CT_Summary_SoE.pdf,NCT02301156,ibrutinib,ibrutinib,1,1,1,False
PMID 33651090 a_Summary_SoE.pdf,NCT02101853,blinatumomab,"blinatumomab,cyclophosphamide,cytarabine,dexamethasone,etoposide,leucovorin,mercaptopurine,methotrexate,mitoxantrone,thioguanine,vincristine",1,11,1,False
PMID 33651091 a_Summary_SoE.pdf,NCT02393859,blinatumomab,"blinatumomab,daunorubicin,dexamethasone,ifosfamide,methotrexate",1,5,1,False
PMID 33657295 a_Summary_SoE.pdf,NCT03141177,"cabozantinib,ipilimumab,nivolumab,sunitinib","cabozantinib,ipilimumab,nivolumab,sunitinib",4,4,4,False
PMID 33667670 CT_Summary_SoE.pdf,NCT02631876,paclitaxel,"doxorubicin,paclitaxel,topotecan",1,3,1,False
PMID 33676601 CT_Summary_SoE.pdf,NCT02555657,"capecitabine,eribulin,gemcitabine,pembrolizumab,vinorelbine","capecitabine,eribulin,gemcitabine,pembrolizumab,vinorelbine",5,5,5,False
PMID 33683919 a_Summary_SoE.pdf,NCT02538666,"ipilimumab,nivolumab,placebo","ipilimumab,nivolumab,placebo",3,3,3,False
PMID 33721560 CT_Summary_SoE.pdf,NCT02450331,atezolizumab,atezolizumab,1,1,1,False
PMID 33739848 a_Summary_SoE.pdf,NCT00769379,trastuzumab,trastuzumab,1,1,1,False
PMID 33764805 a_Summary_SoE.pdf,NCT01566695,"azacitidine,placebo","azacitidine,placebo",2,2,2,False
PMID 33789008 a_Summary_SoE.pdf,NCT02743494,"nivolumab,placebo","nivolumab,placebo",2,2,2,False
PMID 33792623a_Summary_SoE.pdf,NCT03594747,"carboplatin,paclitaxel,tislelizumab","carboplatin,paclitaxel,tislelizumab",3,3,3,False
PMID 33793299 a_Summary_SoE.pdf,NCT01864746,"palbociclib,placebo","palbociclib,placebo",2,2,2,False
PMID 33794205 CT_Summary_SoE.pdf,NCT02952586,"avelumab,placebo","avelumab,placebo",2,2,2,False
PMID 33821899a_Summary_SoE.pdf,NCT01150045,placebo,"fluorouracil,leucovorin,oxaliplatin,placebo",1,4,1,False
PMID 33848462 CT_Summary_SoE.pdf,NCT02367040,"placebo,rituximab","placebo,rituximab",2,2,2,False
PMID 33882206 a_Summary_SoE.pdf,NCT02574455,sacituzumab,"capecitabine,eribulin,gemcitabine,sacituzumab,vinorelbine",1,5,1,False
PMID 33891472 a_Summary_SoE.pdf,NCT03038100,"atezolizumab,bevacizumab,carboplatin,paclitaxel,placebo","atezolizumab,bevacizumab,carboplatin,paclitaxel,placebo",5,5,5,False
PMID 33914256 CT_Summary_SoE.pdf,NCT03296163,bevacizumab,"bevacizumab,carboplatin,paclitaxel",1,3,1,False
PMID 33971141 CT_Summary_SoE.pdf,NCT02329860,placebo,placebo,1,1,1,False
PMID 33989025 a_Summary_SoE.pdf,NCT00942331,"bevacizumab,cisplatin,gemcitabine,placebo","bevacizumab,cisplatin,gemcitabine,placebo",4,4,4,False
PMID 34048947 a_Summary_SoE.pdf,NCT03629925,"gemcitabine,placebo","carboplatin,cisplatin,gemcitabine,placebo,sintilimab",2,5,2,False
PMID 34051178a_Summary_SoE.pdf,NCT02853305,pembrolizumab,"carboplatin,cisplatin,gemcitabine,pembrolizumab",1,4,1,False
PMID 34077643 a_Summary_SoE.pdf,NCT02632409,"nivolumab,placebo","nivolumab,placebo",2,2,2,False
PMID 34087126 a_Summary_SoE.pdf,NCT03180736,"daratumumab,dexamethasone,pomalidomide","daratumumab,dexamethasone,pomalidomide",3,3,3,False
PMID 34092112 a_Summary_SoE.pdf,NCT02445391,capecitabine,"capecitabine,carboplatin,cisplatin",1,3,1,False
PMID 34102137 a_Summary_SoE.pdf,NCT02872116,nivolumab,"capecitabine,fluorouracil,ipilimumab,leucovorin,nivolumab,oxaliplatin",1,6,1,False
PMID 34110925 a_Summary_SoE.pdf,NCT00085735,,"cisplatin,cyclophosphamide,lomustine,vincristine",0,4,0,False
PMID 34133211 a_Summary_SoE.pdf,NCT01515748,,"docetaxel,fluorouracil,oxaliplatin",0,3,0,False
PMID 34134469 CT_Summary_SoE.pdf,NCT01461928,rituximab,rituximab,1,1,1,False
PMID 34143970 CT_Summary_SoE.pdf,NCT02580058,avelumab,"avelumab,doxorubicin",1,2,1,False
PMID 34161051 a_Summary_SoE.pdf,NCT03511664,,,0,0,0,False
PMID 34170389 CT_Summary_SoE.pdf,NCT00549848,,"cyclophosphamide,cytarabine,daunorubicin,dexamethasone,doxorubicin,etoposide,mercaptopurine,methotrexate,prednisone,thioguanine,vincristine",0,11,0,False
PMID 34197181 a_Summary_SoE.pdf,NCT00116142,docetaxel,docetaxel,1,1,1,False
PMID 34219000 a_Summary_SoE.pdf,NCT03125902,"atezolizumab,paclitaxel,placebo","atezolizumab,paclitaxel,placebo",3,3,3,False
PMID 34237250 a_Summary_SoE.pdf,NCT03690388,"cabozantinib,placebo","cabozantinib,placebo",2,2,2,False
PMID 34246347 CT_Summary_SoE.pdf,NCT03072238,"abiraterone,placebo,prednisolone,prednisone","abiraterone,placebo,prednisolone,prednisone",4,4,4,False
PMID 34264305 a_Summary_SoE.pdf,NCT02429427,placebo,placebo,1,1,1,False
PMID 34264316 a_Summary_SoE.pdf,NCT02785952,"ipilimumab,nivolumab","ipilimumab,nivolumab",2,2,2,False
PMID 34264503 CT_Summary_SoE.pdf,NCT02810457,bevacizumab,"bevacizumab,carboplatin,paclitaxel",1,3,1,False
PMID 34309665 a_Summary_SoE.pdf,NCT01718873,bevacizumab,"bevacizumab,capecitabine,fluorouracil,oxaliplatin",1,4,1,False
PMID 34320285 a_Summary_SoE.pdf,NCT00295620,anastrozole,anastrozole,1,1,1,False
PMID 34341578 CT_Summary_SoE.pdf,NCT03581786,"placebo,toripalimab","placebo,toripalimab",2,2,2,False
PMID 34343033 a_Summary_SoE.pdf,NCT03465722,regorafenib,regorafenib,1,1,1,False
PMID 34357781 a_Summary_SoE.pdf,NCT02115282,"exemestane,placebo","exemestane,goserelin,placebo",2,3,2,False
PMID 34363762 CT_Summary_SoE.pdf,NCT02718417,avelumab,"avelumab,carboplatin,paclitaxel",1,3,1,False
PMID 34383006a_Summary_SoE.pdf,NCT01459497,,,0,0,0,False
PMID 34407342 a_Summary_SoE.pdf,NCT03142334,"pembrolizumab,placebo","pembrolizumab,placebo",2,2,2,False
PMID 34407542 a_Summary_SoE.pdf,NCT03106779,,,0,0,0,False
PMID 34418665 CT_Summary_SoE.pdf,NCT02383966,"cetuximab,cisplatin,fluorouracil","carboplatin,cetuximab,cisplatin,fluorouracil",3,4,3,False
PMID 34454674 a_Summary_SoE.pdf,NCT03189719,"cisplatin,fluorouracil,pembrolizumab,placebo","cisplatin,fluorouracil,pembrolizumab,placebo",4,4,4,False
PMID 34459214 CT_Summary_SoE.pdf,NCT02663908,"degarelix,leuprolide","degarelix,leuprolide",2,2,2,False
PMID 34534429 a_Summary_SoE.pdf,NCT03635567,"pembrolizumab,placebo","bevacizumab,carboplatin,cisplatin,paclitaxel,pembrolizumab,placebo",2,6,2,False
PMID 34600602 a_Summary_SoE.pdf,NCT02257736,"abiraterone,apalutamide,placebo,prednisone","abiraterone,apalutamide,placebo,prednisone",4,4,4,False
PMID 34652968 a_Summary_SoE.pdf,NCT01231906,,"cyclophosphamide,doxorubicin,etoposide,ifosfamide,topotecan,vincristine",0,6,0,False
PMID 34661177 CT_Summary_SoE.pdf,NCT03875092,"carboplatin,paclitaxel,pembrolizumab,placebo","carboplatin,paclitaxel,pembrolizumab,placebo",4,4,4,False
PMID 34808255 CT_Summary_SoE.pdf,NCT03269344,placebo,placebo,1,1,1,False
PMID 34855460 a_Summary_SoE.pdf,NCT02345850,,"cyclophosphamide,methotrexate",0,2,0,False
PMID 34874182 a_Summary_SoE.pdf,NCT02513394,palbociclib,palbociclib,1,1,1,False
PMID 34882169 a_Summary_SoE.pdf,NCT01781468,placebo,placebo,1,1,1,False
PMID 34890060 CT_Summary_SoE.pdf,NCT03103321,,,0,0,0,False
PMID 34890214 a_Summary_SoE.pdf,NCT01966471,"pertuzumab,trastuzumab","cyclophosphamide,docetaxel,doxorubicin,epirubicin,fluorouracil,paclitaxel,pertuzumab,trastuzumab",2,8,2,False
PMID 34891224 a_Summary_SoE.pdf,NCT03391466,,"cyclophosphamide,fludarabine",0,2,0,False
PMID 34914339 a_Summary_SoE.pdf,NCT01272037,,"anastrozole,exemestane,letrozole,tamoxifen",0,4,0,False
PMID 34914889 a_Summary_SoE.pdf,NCT02576509,"nivolumab,sorafenib","nivolumab,sorafenib",2,2,2,False
PMID 34967844 a_Summary_SoE.pdf,NCT02518191,,,0,0,0,False
PMID 34997889 CT_Summary_SoE.pdf,NCT00500890,"carboplatin,cyclophosphamide,etoposide,vincristine","carboplatin,cyclophosphamide,etoposide,vincristine",4,4,4,False
PMID 35007153 a_Summary_SoE.pdf,NCT00954174,"carboplatin,ifosfamide,paclitaxel","carboplatin,ifosfamide,paclitaxel",3,3,3,False
PMID 35013615 CT_Summary_SoE.pdf,NCT03016312,"atezolizumab,enzalutamide","atezolizumab,enzalutamide",2,2,2,False
PMID 35030011 a_Summary_SoE.pdf,NCT02967692,"dabrafenib,placebo,trametinib","dabrafenib,placebo,trametinib",3,3,3,False
PMID 35032434 a_Summary_SoE.pdf,NCT03151811,"dexamethasone,pomalidomide","dexamethasone,pomalidomide",2,2,2,False
PMID 35038433 CT_Summary_SoE.pdf,NCT01196390,trastuzumab,"carboplatin,paclitaxel,trastuzumab",1,3,1,False
PMID 35045221 a_Summary_SoE.pdf,NCT03517449,"lenvatinib,paclitaxel,pembrolizumab","doxorubicin,lenvatinib,paclitaxel,pembrolizumab",3,4,3,False
PMID 35108470 a_Summary_SoE.pdf,NCT03143153,"cisplatin,fluorouracil,ipilimumab,nivolumab","cisplatin,fluorouracil,ipilimumab,nivolumab",4,4,4,False
PMID 35142815 a_Summary_SoE.pdf,NCT02111577,placebo,placebo,1,1,1,False
PMID 35179323 a_Summary_SoE.pdf,NCT02799602,"darolutamide,docetaxel,placebo","darolutamide,docetaxel,placebo",3,3,3,False
PMID 35192411 a_Summary_SoE.pdf,NCT01843062,"placebo,selumetinib","placebo,selumetinib",2,2,2,False
PMID 35213496 CT_Summary_SoE.pdf,NCT03196791,,,0,0,0,False
PMID 35240074a_Summary_SoE.pdf,NCT03471078,placebo,placebo,1,1,1,False
PMID 35245446 CT_Summary_SoE.pdf,NCT03829969,"cisplatin,paclitaxel,placebo,toripalimab","placebo,toripalimab",4,2,2,False
PMID 35271306 a_Summary_SoE.pdf,NCT02112916,bortezomib,"bortezomib,cyclophosphamide,cytarabine,daunorubicin,dexamethasone,doxorubicin,etoposide,ifosfamide,leucovorin,mercaptopurine,methotrexate,thioguanine,vincristine",1,13,1,False
PMID 35290101 a_Summary_SoE.pdf,NCT02446600,"cediranib,olaparib","carboplatin,cediranib,doxorubicin,gemcitabine,olaparib,paclitaxel",2,6,2,False
PMID 35298906 CT_Summary_SoE.pdf,NCT02855944,rucaparib,rucaparib,1,1,1,False
PMID 35320644 a_Summary_SoE.pdf,NCT03529110,trastuzumab,trastuzumab,1,1,1,False
PMID 35331641 CT_Summary_SoE.pdf,NCT02264990,"carboplatin,paclitaxel,veliparib","carboplatin,cisplatin,paclitaxel,pemetrexed,veliparib",3,5,3,False
PMID 35367007a_Summary_SoE.pdf,NCT03553836,"pembrolizumab,placebo","pembrolizumab,placebo",2,2,2,False
PMID 35403841 a_Summary_SoE.pdf,NCT02998528,"ipilimumab,nivolumab","carboplatin,cisplatin,docetaxel,gemcitabine,ipilimumab,nivolumab,paclitaxel,pemetrexed,vinorelbine",2,9,2,False
PMID 35419607 CT_Summary_SoE.pdf,NCT02617589,"nivolumab,temozolomide","nivolumab,temozolomide",2,2,2,False
PMID 35427471 CT_Summary_SoE.pdf,NCT02563002,pembrolizumab,"bevacizumab,cetuximab,pembrolizumab",1,3,1,False
PMID 35442766 a_Summary_SoE.pdf,NCT03430843,tislelizumab,"docetaxel,irinotecan,paclitaxel,tislelizumab",1,4,1,False
PMID 35443108 a_Summary_SoE.pdf,NCT03173248,"azacitidine,placebo","azacitidine,placebo",2,2,2,False
PMID 35446628 a_Summary_SoE.pdf,NCT01809691,bicalutamide,bicalutamide,1,1,1,False
PMID 35511454 CT_Summary_SoE.pdf,NCT02667587,"nivolumab,placebo","nivolumab,placebo,temozolomide",2,3,2,False
PMID 35552364 a_Summary_SoE.pdf,NCT02915744,,"docetaxel,eribulin,gemcitabine,ixabepilone,paclitaxel,vinorelbine",0,6,0,False
PMID 35569466 CT_Summary_SoE.pdf,NCT00567580,,,0,0,0,False
PMID 35580297 a_Summary_SoE.pdf,NCT03849768,gefitinib,gefitinib,1,1,1,False
PMID 35584336 a_Summary_SoE.pdf,NCT03778931,fulvestrant,,1,0,0,False
PMID 35608580 a_Summary_SoE.pdf,NCT01101438,placebo,placebo,1,1,1,False
PMID 35657079 a_Summary_SoE.pdf,NCT01776840,"ibrutinib,placebo","bendamustine,ibrutinib,placebo,rituximab",2,4,2,False
PMID 35660812 a_Summary_SoE.pdf,NCT01208662,,"bortezomib,dexamethasone,lenalidomide",0,3,0,False
PMID 35665782 a_Summary_SoE.pdf,NCT03734029,,"capecitabine,eribulin,gemcitabine,paclitaxel,trastuzumab",0,5,0,False
PMID 35704479 a_Summary_SoE.pdf,NCT02135419,,fluorouracil,0,1,0,False
PMID 35728048 a_Summary_SoE.pdf,NCT03268954,azacitidine,azacitidine,1,1,1,False
PMID 35759733a_Summary_SoE.pdf,NCT00108745,paclitaxel,paclitaxel,1,1,1,False
PMID 35763704 a_Summary_SoE.pdf,NCT03726879,"atezolizumab,placebo","atezolizumab,cyclophosphamide,doxorubicin,paclitaxel,pertuzumab,placebo,trastuzumab",2,7,2,False
PMID 35810754 CT_Summary_SoE.pdf,NCT03336333,"bendamustine,rituximab,venetoclax,zanubrutinib","bendamustine,rituximab,venetoclax,zanubrutinib",4,4,4,False
PMID 35857290 a_Summary_SoE.pdf,NCT02448381,placebo,placebo,1,1,1,False
PMID 35922251 CT_Summary_SoE.pdf,NCT03257267,cemiplimab,cemiplimab,1,1,1,False
PMID 35947817 a_Summary_SoE.pdf,NCT03673501,sunitinib,sunitinib,1,1,1,False
PMID 36070540 a_Summary_SoE.pdf,NCT03180307,,,0,0,0,False
PMID 36099926 a_Summary_SoE.pdf,NCT03024996,"atezolizumab,placebo","atezolizumab,placebo",2,2,2,False
PMID 36108662 CT_Summary_SoE.pdf,NCT02504372,"pembrolizumab,placebo","pembrolizumab,placebo",2,2,2,False
PMID 36155117 CT_Summary_SoE.pdf,NCT02297438,"letrozole,palbociclib,placebo","letrozole,palbociclib,placebo",3,3,3,False
PMID 36162037 a_Summary_SoE.pdf,NCT03068455,"ipilimumab,nivolumab","ipilimumab,nivolumab",2,2,2,False
PMID 36265504 a_Summary_SoE.pdf,NCT02288247,"docetaxel,enzalutamide,placebo,prednisolone","docetaxel,enzalutamide,placebo,prednisolone",4,4,4,False
PMID 36308441 a_Summary_SoE.pdf,NCT03654729,placebo,placebo,1,1,1,False
PMID 36322844 a_Summary_SoE.pdf,NCT02166463,,"bleomycin,brentuximab,cyclophosphamide,doxorubicin,etoposide,prednisone,vincristine",0,7,0,False
PMID 36327426 a_Summary_SoE.pdf,NCT03164616,"durvalumab,tremelimumab","carboplatin,cisplatin,durvalumab,gemcitabine,pemetrexed,tremelimumab",2,6,2,False
PMID 36346687 CT_Summary_SoE.pdf,NCT00130533,capecitabine,capecitabine,1,1,1,False
PMID 36455168 a_Summary_SoE.pdf,NCT03062358,"pembrolizumab,placebo","pembrolizumab,placebo",2,2,2,False
PMID 36473143 a_Summary_SoE.pdf,NCT02741570,"ipilimumab,nivolumab","carboplatin,cetuximab,cisplatin,fluorouracil,ipilimumab,nivolumab",2,6,2,False
PMID 36503738 CT_Summary_SoE.pdf,NCT02753127,,"bevacizumab,fluorouracil,irinotecan,leucovorin",0,4,0,False
PMID 36521097 a_Summary_SoE.pdf,NCT01964430,"gemcitabine,paclitaxel","gemcitabine,paclitaxel",2,2,2,False
PMID 36535566 CT_Summary_SoE.pdf,NCT02611960,"gemcitabine,pembrolizumab","capecitabine,docetaxel,gemcitabine,pembrolizumab",2,4,2,False
PMID 36541957 a_Summary_SoE.pdf,NCT02703272,ibrutinib,"carboplatin,dexamethasone,etoposide,ibrutinib,idarubicin,ifosfamide,rituximab,vincristine",1,8,1,False
PMID 36623230 a_Summary_SoE.pdf,NCT00632853,,"carboplatin,cisplatin,etoposide",0,3,0,False
PMID 36669140 a_Summary_SoE.pdf,NCT02306161,ganitumab,"cyclophosphamide,doxorubicin,etoposide,ganitumab,ifosfamide,vincristine",1,6,1,False
PMID 36693773 CT_Summary_SoE.pdf,NCT03839940,"dexamethasone,placebo","dexamethasone,everolimus,placebo",2,3,2,False
PMID 36709073 CT_Summary_SoE.pdf,NCT04173494,,placebo,0,1,0,False
PMID 36764316 a_Summary_SoE.pdf,NCT04303780,"docetaxel,sotorasib",docetaxel,2,1,1,False
PMID 36795891 a_Summary_SoE.pdf,NCT02975934,"abiraterone,docetaxel,enzalutamide,rucaparib","abiraterone,docetaxel,enzalutamide,rucaparib",4,4,4,False
PMID 36952634 a_Summary_SoE.pdf,NCT03748641,"abiraterone,niraparib,placebo,prednisone","abiraterone,niraparib,placebo,prednisone",4,4,4,False
PMID 36969338 a_Summary_SoE.pdf,NCT02993731,"gemcitabine,paclitaxel","gemcitabine,paclitaxel",2,2,2,False
PMID 36996380 a_Summary_SoE.pdf,NCT01949337,"abiraterone,enzalutamide,prednisone","abiraterone,enzalutamide,prednisone",3,3,3,False
PMID 37069359 a_Summary_SoE.pdf,NCT03246529,"filgrastim,placebo","filgrastim,placebo",2,2,2,False
PMID 37071094 a_Summary_SoE.pdf,NCT02394795,"bevacizumab,panitumumab","bevacizumab,fluorouracil,oxaliplatin,panitumumab",2,4,2,False
PMID 37075781 a_Summary_SoE.pdf,NCT04003636,"cisplatin,gemcitabine,pembrolizumab,placebo","cisplatin,gemcitabine,pembrolizumab,placebo",4,4,4,False
PMID 37080222 a_Summary_SoE.pdf,NCT03783442,"placebo,tislelizumab","capecitabine,cisplatin,fluorouracil,oxaliplatin,paclitaxel,placebo,tislelizumab",2,7,2,False
PMID 37080223 CT_Summary_SoE.pdf,NCT01414608,"carboplatin,cisplatin,paclitaxel","carboplatin,cisplatin,paclitaxel",3,3,3,False
PMID 37086745 a_Summary_SoE.pdf,NCT03523585,trastuzumab,"capecitabine,lapatinib,trastuzumab",1,3,1,False
PMID 37104748 a_Summary_SoE.pdf,NCT00936390,,"bicalutamide,flutamide",0,2,0,False
PMID 37116523 a_Summary_SoE.pdf,NCT02668653,"placebo,quizartinib","placebo,quizartinib",2,2,2,False
PMID 37133585 a_Summary_SoE.pdf,NCT04737187,bevacizumab,bevacizumab,1,1,1,False
PMID 37141294 CT_Summary_SoE.pdf,NCT02864394,"docetaxel,pembrolizumab","docetaxel,pembrolizumab",2,2,2,False
PMID 37257422 CT_Summary_SoE.pdf,NCT03419403,,temozolomide,0,1,0,False
PMID 37272516 a_Summary_SoE.pdf,NCT04164901,placebo,placebo,1,1,1,False
PMID 37276510 CT_Summary_SoE.pdf,NCT02348489,cytarabine,guadecitabine,1,1,0,True
PMID 37284847 CT_Summary_SoE.pdf,NCT03578081,"aprepitant,placebo","dexamethasone,ondansetron,placebo",2,3,1,False
PMID 37285865 a_Summary_SoE.pdf,NCT03395197,"enzalutamide,placebo,talazoparib","enzalutamide,placebo,talazoparib",3,3,3,False
PMID 37290035 a_Summary_SoE.pdf,NCT03834519,"abiraterone,enzalutamide,olaparib,pembrolizumab","abiraterone,enzalutamide,olaparib,pembrolizumab,prednisolone,prednisone",4,6,4,False
PMID 37290461 a_Summary_SoE.pdf,NCT04338269,"atezolizumab,cabozantinib","atezolizumab,cabozantinib",2,2,2,False
PMID 37315297 a_Summary_SoE.pdf,NCT00063882,,,0,0,0,False
PMID 37342922 a_Summary_SoE.pdf,NCT03959241,methotrexate,"cyclophosphamide,methotrexate",1,2,1,False
PMID 37379502 a_Summary_SoE.pdf,NCT04248829,gefitinib,"gefitinib,placebo",1,2,1,False
PMID 37423228 a_Summary_SoE.pdf,NCT03191786,atezolizumab,"atezolizumab,gemcitabine,vinorelbine",1,3,1,False
PMID 37478390 a_Summary_SoE.pdf,NCT03053440,"ibrutinib,zanubrutinib","ibrutinib,zanubrutinib",2,2,2,False
PMID 37499670 a_Summary_SoE.pdf,NCT03764293,sorafenib,sorafenib,1,1,1,False
PMID 37524096 a_Summary_SoE.pdf,NCT01120249,"everolimus,placebo","everolimus,placebo",2,2,2,False
PMID 37604981 CT_Summary_SoE.pdf,NCT03416179,"azacitidine,cytarabine,daunorubicin,glasdegib,placebo","azacitidine,cytarabine,daunorubicin,glasdegib,placebo",5,5,5,False
PMID 37646660 CT_Summary_SoE.pdf,NCT04649060,"daratumumab,dexamethasone","daratumumab,dexamethasone",2,2,2,False
PMID 37647576 a_Summary_SoE.pdf,NCT02395016,"gemcitabine,placebo","gemcitabine,placebo",2,2,2,False
PMID 37704166 CT_Summary_SoE.pdf,NCT02654587,"docetaxel,pemetrexed","docetaxel,pemetrexed",2,2,2,False
PMID 37708904 a_Summary_SoE.pdf,NCT04083235,"gemcitabine,paclitaxel","fluorouracil,gemcitabine,irinotecan,leucovorin,oxaliplatin,paclitaxel",2,6,2,False
PMID 37722354 CT_Summary_SoE.pdf,NCT01974440,"ibrutinib,placebo","bendamustine,cyclophosphamide,doxorubicin,ibrutinib,placebo,prednisone,rituximab,vincristine",2,8,2,False
PMID 37748693 CT_Summary_SoE.pdf,NCT02576574,avelumab,"avelumab,carboplatin,cisplatin,gemcitabine,paclitaxel,pemetrexed",1,6,1,False
PMID 37788412 a_Summary_SoE.pdf,NCT03447769,placebo,placebo,1,1,1,False
PMID 37792130 CT_Summary_SoE.pdf,NCT04633564,"bevacizumab,carboplatin,paclitaxel",bevacizumab,3,1,1,False
PMID 37793771 CT_Summary_SoE.pdf,NCT04162210,"dexamethasone,pomalidomide","dexamethasone,pomalidomide",2,2,2,False
PMID 37845511 a_Summary_SoE.pdf,NCT04099251,"nivolumab,placebo","nivolumab,placebo",2,2,2,False
PMID 37870976 a_Summary_SoE.pdf,NCT04538664,"carboplatin,pemetrexed","carboplatin,pemetrexed",2,2,2,False
PMID 37875143 a_Summary_SoE.pdf,NCT03675737,"pembrolizumab,placebo","capecitabine,cisplatin,fluorouracil,oxaliplatin,pembrolizumab,placebo",2,6,2,False
PMID 37935977 a_Summary_SoE.pdf,NCT01802333,"daunorubicin,idarubicin,vorinostat","cytarabine,daunorubicin,idarubicin,vorinostat",3,4,3,False
PMID 37980924 a_Summary_SoE.pdf,NCT02369653,,,0,0,0,False
PMID 38039991 CT_Summary_SoE.pdf,NCT03830866,"durvalumab,placebo","carboplatin,cisplatin,durvalumab,placebo",2,4,2,False
PMID 38039993 a_Summary_SoE.pdf,NCT03713593,"lenvatinib,pembrolizumab,placebo","lenvatinib,pembrolizumab,placebo",3,3,3,False
PMID 38059497 CT_Summary_SoE.pdf,NCT03750786,bevacizumab,leucovorin,1,1,0,True
PMID 38060199 CT_Summary_SoE.pdf,NCT04177108,"atezolizumab,paclitaxel,placebo","atezolizumab,paclitaxel,placebo",3,3,3,False
PMID 38103088 CT_Summary_SoE.pdf,NCT02872103,placebo,placebo,1,1,1,False
PMID 38159809 CT_Summary_SoE.pdf,NCT04676412,"lenvatinib,pembrolizumab,placebo","lenvatinib,pembrolizumab,placebo",3,3,3,False
PMID 38231126 a_Summary_SoE.pdf,NCT02920008,guadecitabine,guadecitabine,1,1,1,False
PMID 38252907 a_Summary_SoE.pdf,NCT02864251,"ipilimumab,nivolumab,pemetrexed","carboplatin,cisplatin,ipilimumab,nivolumab,pemetrexed",3,5,3,False
PMID 38319255 a_Summary_SoE.pdf,NCT03462719,"chlorambucil,ibrutinib,obinutuzumab,venetoclax","chlorambucil,ibrutinib,obinutuzumab,venetoclax",4,4,4,False
PMID 38319800 a_Summary_SoE.pdf,NCT03732820,"abiraterone,olaparib,placebo","abiraterone,olaparib,placebo",3,3,3,False
PMID 38319892 a_Summary_SoE.pdf,NCT03298451,"durvalumab,sorafenib,tremelimumab","durvalumab,sorafenib,tremelimumab",3,3,3,False
PMID 38319896 a_Summary_SoE.pdf,NCT03875235,"cisplatin,durvalumab,gemcitabine,placebo","durvalumab,placebo",4,2,2,False
PMID 38320161 a_Summary_SoE.pdf,NCT03686215,,,0,0,0,False
PMID 38483412 a_Summary_SoE.pdf,NCT03274687,,,0,0,0,False
PMID 38499457 CT_Summary_SoE.pdf,NCT03151408,"azacitidine,placebo","azacitidine,placebo",2,2,2,False
PMID 38531002 a_Summary_SoE.pdf,NCT01575548,"pazopanib,placebo","pazopanib,placebo",2,2,2,False
PMID 38552197 a_Summary_SoE.pdf,NCT04471428,"atezolizumab,cabozantinib,docetaxel","atezolizumab,cabozantinib,docetaxel",3,3,3,False
PMID 38561010 a_Summary_SoE.pdf,NCT03040999,"pembrolizumab,placebo","cisplatin,pembrolizumab,placebo",2,3,2,False
PMID 38648575 a_Summary_SoE.pdf,NCT03088813,"irinotecan,topotecan","irinotecan,topotecan",2,2,2,False
PMID 38683596 a_Summary_SoE.pdf,NCT02927249,placebo,placebo,1,1,1,False
PMID 38833643 a_Summary_SoE.pdf,NCT01674140,"everolimus,placebo","anastrozole,everolimus,exemestane,goserelin,letrozole,leuprolide,placebo,tamoxifen",2,8,2,False
PMID 38833658 a_Summary_SoE.pdf,NCT04776148,"lenvatinib,pembrolizumab,regorafenib","lenvatinib,pembrolizumab,regorafenib",3,3,3,False
PMID 38838287a_Summary_SoE.pdf,NCT03729245,"cabozantinib,nivolumab,sunitinib","cabozantinib,nivolumab,sunitinib",3,3,3,False
PMID 38849283 CT_Summary_SoE.pdf,NCT02726581,"dexamethasone,elotuzumab,nivolumab,pomalidomide","dexamethasone,elotuzumab,nivolumab,pomalidomide",4,4,4,False
PMID 38872480 a_Summary_SoE.pdf,NCT03635489,"bevacizumab,placebo","bevacizumab,carboplatin,paclitaxel,placebo",2,4,2,False
PMID 38889373 a_Summary_SoE.pdf,NCT04478266,"letrozole,palbociclib","goserelin,letrozole,palbociclib,placebo",2,4,2,False
PMID 38942046 a_Summary_SoE.pdf,NCT03055013,nivolumab,nivolumab,1,1,1,False
PMId 32955177 a_Summary_SoE.pdf,NCT02511106,placebo,placebo,1,1,1,False
PMId 32966830 a_Summary_SoE.pdf,NCT03197935,"atezolizumab,paclitaxel,placebo","atezolizumab,cyclophosphamide,doxorubicin,filgrastim,paclitaxel,pegfilgrastim,placebo",3,7,3,False
PMId 36395435 a_Summary_SoE.pdf,NCT03734016,"ibrutinib,zanubrutinib","ibrutinib,zanubrutinib",2,2,2,False
PMId 37331369 a_Summary_SoE.pdf,NCT04322539,placebo,placebo,1,1,1,False
