trial_reason,nct,nct_url,pmid,pubmed_url,arm_name,tt_12mo,pipeline_label,ctgov_label,ctgov_type,pubmed_designation,pubmed_evidence,final_label,arm_flag,human_decision (intervention/control/exclude),human_notes
PMID_MISMATCH,NCT01519700,https://clinicaltrials.gov/study/NCT01519700,26122726,https://pubmed.ncbi.nlm.nih.gov/26122726,Arm B (Radiosurgery + WBRT),18.0,control,intervention,EXPERIMENTAL,unresolved,,control,PMID_MISMATCH,,
PMID_MISMATCH,NCT01519700,https://clinicaltrials.gov/study/NCT01519700,26122726,https://pubmed.ncbi.nlm.nih.gov/26122726,Arm A (Radiosurgery alone),6.0,intervention,control,ACTIVE_COMPARATOR,unresolved,,intervention,PMID_MISMATCH,,
PMID_MISMATCH,NCT02101021,https://clinicaltrials.gov/study/NCT02101021,30105668,https://pubmed.ncbi.nlm.nih.gov/30105668,Arm A (VMP),42.0,control,intervention,EXPERIMENTAL,unresolved,,control,PMID_MISMATCH,,
PMID_MISMATCH,NCT02101021,https://clinicaltrials.gov/study/NCT02101021,30105668,https://pubmed.ncbi.nlm.nih.gov/30105668,Arm B (D-VMP),42.0,intervention,control,PLACEBO_COMPARATOR,unresolved,,intervention,PMID_MISMATCH,,
PMID_MISMATCH,NCT01539291,https://clinicaltrials.gov/study/NCT01539291,30995176,https://pubmed.ncbi.nlm.nih.gov/30995176,Arm B (Standard-dose GS-1101),14.0,control,intervention,EXPERIMENTAL,unresolved,,control,PMID_MISMATCH,,
PMID_MISMATCH,NCT01539291,https://clinicaltrials.gov/study/NCT01539291,30995176,https://pubmed.ncbi.nlm.nih.gov/30995176,Arm A (High-dose GS-1101),14.0,intervention,intervention,EXPERIMENTAL,unresolved,,intervention,PMID_MISMATCH,,
PMID_MISMATCH,NCT02883049,https://clinicaltrials.gov/study/NCT02883049,32496902,https://pubmed.ncbi.nlm.nih.gov/32496902,Very High Risk (VHR) B-ALL (Control Arm),76.0,control,control,ACTIVE_COMPARATOR,unresolved,,control,PMID_MISMATCH,,
PMID_MISMATCH,NCT02883049,https://clinicaltrials.gov/study/NCT02883049,32496902,https://pubmed.ncbi.nlm.nih.gov/32496902,Very High Risk (VHR) B-ALL - Control Arm,90.0,control,intervention,EXPERIMENTAL,unresolved,,control,PMID_MISMATCH,,
PMID_MISMATCH,NCT02883049,https://clinicaltrials.gov/study/NCT02883049,32496902,https://pubmed.ncbi.nlm.nih.gov/32496902,High Risk (HR) B-ALL (Arm A/B),76.0,intervention,intervention,EXPERIMENTAL,unresolved,,intervention,PMID_MISMATCH,,
PMID_MISMATCH,NCT02883049,https://clinicaltrials.gov/study/NCT02883049,32496902,https://pubmed.ncbi.nlm.nih.gov/32496902,Ph-like Dasatinib Arm,83.0,intervention,intervention,EXPERIMENTAL,unresolved,,intervention,PMID_MISMATCH,,
PMID_MISMATCH,NCT02883049,https://clinicaltrials.gov/study/NCT02883049,32496902,https://pubmed.ncbi.nlm.nih.gov/32496902,Down Syndrome (DS) HR B-ALL,83.0,intervention,intervention,EXPERIMENTAL,unresolved,,intervention,PMID_MISMATCH,,
PMID_MISMATCH,NCT02883049,https://clinicaltrials.gov/study/NCT02883049,32496902,https://pubmed.ncbi.nlm.nih.gov/32496902,Down Syndrome HR B-ALL Arm,84.0,intervention,intervention,EXPERIMENTAL,unresolved,,intervention,PMID_MISMATCH,,
PUBMED_UNRESOLVED,NCT00475085,https://clinicaltrials.gov/study/NCT00475085,22915657,https://pubmed.ncbi.nlm.nih.gov/22915657,Arm 3 (Aprepitant + Palonosetron + Dexamethasone),1.0,control,control,ACTIVE_COMPARATOR,unresolved,,control,PUBMED_UNRESOLVED,,
PUBMED_UNRESOLVED,NCT00475085,https://clinicaltrials.gov/study/NCT00475085,22915657,https://pubmed.ncbi.nlm.nih.gov/22915657,"Arm 2: Granisetron + Dexamethasone (Day 1), Compazine + Placebo (Days 2 & 3)",1.0,control,intervention,EXPERIMENTAL,unresolved,,control,PUBMED_UNRESOLVED,,
PUBMED_UNRESOLVED,NCT00475085,https://clinicaltrials.gov/study/NCT00475085,22915657,https://pubmed.ncbi.nlm.nih.gov/22915657,Arm 1 (Palonosetron + Dexamethasone + Compazine),1.0,intervention,control,ACTIVE_COMPARATOR,unresolved,,intervention,PUBMED_UNRESOLVED,,
PUBMED_UNRESOLVED,NCT00475085,https://clinicaltrials.gov/study/NCT00475085,22915657,https://pubmed.ncbi.nlm.nih.gov/22915657,Arm 2 (Granisetron + Dexamethasone + Compazine),1.0,intervention,intervention,,unresolved,,intervention,PUBMED_UNRESOLVED,,
PUBMED_UNRESOLVED,NCT00475085,https://clinicaltrials.gov/study/NCT00475085,22915657,https://pubmed.ncbi.nlm.nih.gov/22915657,Arm 4 (Palonosetron + Dexamethasone + Compazine + Dexamethasone),1.5,intervention,intervention,EXPERIMENTAL,unresolved,,intervention,PUBMED_UNRESOLVED,,
PUBMED_UNRESOLVED,NCT00075816,https://clinicaltrials.gov/study/NCT00075816,23075175,https://pubmed.ncbi.nlm.nih.gov/23075175,Arm B (Marrow Transplantation),29.0,control,control,ACTIVE_COMPARATOR,unresolved,,control,PUBMED_UNRESOLVED,,
PUBMED_UNRESOLVED,NCT00075816,https://clinicaltrials.gov/study/NCT00075816,23075175,https://pubmed.ncbi.nlm.nih.gov/23075175,Arm A (PBSC Transplantation),29.0,intervention,control,ACTIVE_COMPARATOR,unresolved,,intervention,PUBMED_UNRESOLVED,,
PUBMED_UNRESOLVED,NCT00066703,https://clinicaltrials.gov/study/NCT00066703,24881463,https://pubmed.ncbi.nlm.nih.gov/24881463,SOFT Arm A (Tamoxifen alone),5.0,control,control,ACTIVE_COMPARATOR,unresolved,,control,PUBMED_UNRESOLVED,,
PUBMED_UNRESOLVED,NCT00066703,https://clinicaltrials.gov/study/NCT00066703,24881463,https://pubmed.ncbi.nlm.nih.gov/24881463,TEXT Arm A (GnRH analogue + Tamoxifen),14.0,control,control,,control,"exemestane plus ovarian suppression, as compared with tamoxifen plus ovarian suppression, significantly reduced recurrence.",control,,,
PUBMED_UNRESOLVED,NCT00066703,https://clinicaltrials.gov/study/NCT00066703,24881463,https://pubmed.ncbi.nlm.nih.gov/24881463,SOFT Arm B & C (OFS + Tamoxifen/Exemestane),14.0,intervention,intervention,EXPERIMENTAL,unresolved,,intervention,PUBMED_UNRESOLVED,,
PUBMED_UNRESOLVED,NCT00066703,https://clinicaltrials.gov/study/NCT00066703,24881463,https://pubmed.ncbi.nlm.nih.gov/24881463,TEXT Arm A & B (GnRH analogue + Tamoxifen/Exemestane),14.0,intervention,intervention,,unresolved,,intervention,PUBMED_UNRESOLVED,,
PUBMED_UNRESOLVED,NCT00066703,https://clinicaltrials.gov/study/NCT00066703,24881463,https://pubmed.ncbi.nlm.nih.gov/24881463,TEXT Arm A (GnRH analogue plus Tamoxifen),14.0,intervention,intervention,,control,"exemestane plus ovarian suppression, as compared with tamoxifen plus ovarian suppression, significantly reduced recurrence.",control,CORRECTION_APPLIED,,
PUBMED_UNRESOLVED,NCT00066703,https://clinicaltrials.gov/study/NCT00066703,24881463,https://pubmed.ncbi.nlm.nih.gov/24881463,TEXT Arm B (GnRH analogue plus Exemestane),14.0,intervention,intervention,,intervention,adjuvant treatment with exemestane plus ovarian suppression... significantly reduced recurrence.,intervention,,,
PUBMED_UNRESOLVED,NCT00310180,https://clinicaltrials.gov/study/NCT00310180,26412349,https://pubmed.ncbi.nlm.nih.gov/26412349,Arm B (Hormonal Therapy Alone),4.0,control,intervention,EXPERIMENTAL,unresolved,,control,PUBMED_UNRESOLVED,,
PUBMED_UNRESOLVED,NCT00310180,https://clinicaltrials.gov/study/NCT00310180,26412349,https://pubmed.ncbi.nlm.nih.gov/26412349,Arm C (Chemotherapy + Hormonal Therapy),8.0,intervention,intervention,EXPERIMENTAL,unresolved,,intervention,PUBMED_UNRESOLVED,,
PUBMED_UNRESOLVED,NCT00134030,https://clinicaltrials.gov/study/NCT00134030,27569442,https://pubmed.ncbi.nlm.nih.gov/27569442,Arm A & C (MAP - Control),41.0,control,control,ACTIVE_COMPARATOR,control,"either postoperative cisplatin, doxorubicin, and methotrexate (MAP) or MAP plus ifosfamide and etoposide (MAPIE)... results define standard of care.",control,,,
PUBMED_UNRESOLVED,NCT00134030,https://clinicaltrials.gov/study/NCT00134030,27569442,https://pubmed.ncbi.nlm.nih.gov/27569442,Arm B (MAP + Pegylated Interferon alfa-2b),56.0,intervention,intervention,EXPERIMENTAL,unresolved,,intervention,PUBMED_UNRESOLVED,,
PUBMED_UNRESOLVED,NCT00134030,https://clinicaltrials.gov/study/NCT00134030,27569442,https://pubmed.ncbi.nlm.nih.gov/27569442,Arm D (MAP + Ifosfamide/Etoposide),61.0,intervention,intervention,EXPERIMENTAL,intervention,do not support the addition of ifosfamide and etoposide to postoperative chemotherapy... associated with increased toxicity.,intervention,,,
PUBMED_UNRESOLVED,NCT00569127,https://clinicaltrials.gov/study/NCT00569127,28384065,https://pubmed.ncbi.nlm.nih.gov/28384065,Arm 2 (Depot Octreotide Plus Interferon Alpha-2b),18.0,control,intervention,EXPERIMENTAL,unresolved,,control,PUBMED_UNRESOLVED,,
PUBMED_UNRESOLVED,NCT00569127,https://clinicaltrials.gov/study/NCT00569127,28384065,https://pubmed.ncbi.nlm.nih.gov/28384065,Arm 1 (Depot Octreotide Plus Bevacizumab),18.0,intervention,intervention,EXPERIMENTAL,unresolved,,intervention,PUBMED_UNRESOLVED,,
PUBMED_UNRESOLVED,NCT00565851,https://clinicaltrials.gov/study/NCT00565851,28438473,https://pubmed.ncbi.nlm.nih.gov/28438473,Arm I/V (No Surgery + Chemotherapy),29.0,control,control,,control,randomly assigned (1:1) to standard chemotherapy (six 3-weekly cycles of paclitaxel and carboplatin) or the same chemotherapy regimen plus bevacizumab.,control,,,
PUBMED_UNRESOLVED,NCT00565851,https://clinicaltrials.gov/study/NCT00565851,28438473,https://pubmed.ncbi.nlm.nih.gov/28438473,Arm III/VII (Surgery + CT/GC),31.0,control,intervention,EXPERIMENTAL,unresolved,,control,PUBMED_UNRESOLVED,,
PUBMED_UNRESOLVED,NCT00565851,https://clinicaltrials.gov/study/NCT00565851,28438473,https://pubmed.ncbi.nlm.nih.gov/28438473,Arm IV/VIII (Surgery + Chemotherapy + Bevacizumab),36.0,intervention,intervention,EXPERIMENTAL,unresolved,,intervention,PUBMED_UNRESOLVED,,
PUBMED_UNRESOLVED,NCT00565851,https://clinicaltrials.gov/study/NCT00565851,28438473,https://pubmed.ncbi.nlm.nih.gov/28438473,Arm II (Carboplatin + Paclitaxel + Bevacizumab),36.0,intervention,intervention,EXPERIMENTAL,intervention,"The addition of bevacizumab to standard chemotherapy, followed by maintenance therapy until progression, improved the median overall survival.",intervention,,,
PUBMED_UNRESOLVED,NCT00565851,https://clinicaltrials.gov/study/NCT00565851,28438473,https://pubmed.ncbi.nlm.nih.gov/28438473,Arm IV (Surgery + Carboplatin + Paclitaxel + Bevacizumab),34.0,intervention,control,ACTIVE_COMPARATOR,unresolved,,intervention,PUBMED_UNRESOLVED,,
PUBMED_UNRESOLVED,NCT00265850,https://clinicaltrials.gov/study/NCT00265850,28632865,https://pubmed.ncbi.nlm.nih.gov/28632865,Arm A (Bevacizumab + FOLFOX/FOLFIRI),27.0,control,control,ACTIVE_COMPARATOR,unresolved,,control,PUBMED_UNRESOLVED,,
PUBMED_UNRESOLVED,NCT00265850,https://clinicaltrials.gov/study/NCT00265850,28632865,https://pubmed.ncbi.nlm.nih.gov/28632865,Arm B (Cetuximab + FOLFOX/FOLFIRI),53.0,intervention,intervention,EXPERIMENTAL,unresolved,,intervention,PUBMED_UNRESOLVED,,
PUBMED_UNRESOLVED,NCT01067144,https://clinicaltrials.gov/study/NCT01067144,29238824,https://pubmed.ncbi.nlm.nih.gov/29238824,Placebo Arm,3.0,control,control,PLACEBO_COMPARATOR,control,"Gabapentin... or active placebo (lorazepam, 0.5 mg) preoperatively followed by inactive placebo postoperatively.",control,,,
PUBMED_UNRESOLVED,NCT01067144,https://clinicaltrials.gov/study/NCT01067144,29238824,https://pubmed.ncbi.nlm.nih.gov/29238824,Observational Arm,3.0,control,control,,unresolved,,control,PUBMED_UNRESOLVED,,
PUBMED_UNRESOLVED,NCT01067144,https://clinicaltrials.gov/study/NCT01067144,29238824,https://pubmed.ncbi.nlm.nih.gov/29238824,Gabapentin Arm,3.0,intervention,intervention,EXPERIMENTAL,intervention,To determine the effect of perioperative gabapentin on remote postoperative time to pain resolution and opioid cessation.,intervention,,,
PUBMED_UNRESOLVED,NCT01706939,https://clinicaltrials.gov/study/NCT01706939,31345387,https://pubmed.ncbi.nlm.nih.gov/31345387,Arm B (Standard Dose Radiation + Carboplatin),48.0,control,control,ACTIVE_COMPARATOR,control,randomized 1:2 to sdCRT (7000 cGy) or rdCRT (5600 cGy) with weekly carboplatin,control,,,
PUBMED_UNRESOLVED,NCT01706939,https://clinicaltrials.gov/study/NCT01706939,31345387,https://pubmed.ncbi.nlm.nih.gov/31345387,Arm C (Non-responders: Standard CRT + Carboplatin + Erbitux + Paclitaxel),48.0,control,control,,unresolved,,control,PUBMED_UNRESOLVED,,
PUBMED_UNRESOLVED,NCT01706939,https://clinicaltrials.gov/study/NCT01706939,31345387,https://pubmed.ncbi.nlm.nih.gov/31345387,Arm A (Reduced Dose Radiation + Carboplatin),43.0,intervention,intervention,EXPERIMENTAL,intervention,"after induction chemotherapy (IC), reduced dose chemoradiation (rdCRT) would result in equivalent PFS and OS compared to sdCRT",intervention,,,
PUBMED_UNRESOLVED,NCT00127205,https://clinicaltrials.gov/study/NCT00127205,31693129,https://pubmed.ncbi.nlm.nih.gov/31693129,Arm 2 (Clodronate),8.0,control,control,ACTIVE_COMPARATOR,unresolved,,control,PUBMED_UNRESOLVED,,
PUBMED_UNRESOLVED,NCT00127205,https://clinicaltrials.gov/study/NCT00127205,31693129,https://pubmed.ncbi.nlm.nih.gov/31693129,Arm 1 (Zoledronic Acid),8.0,intervention,intervention,EXPERIMENTAL,unresolved,,intervention,PUBMED_UNRESOLVED,,
PUBMED_UNRESOLVED,NCT00127205,https://clinicaltrials.gov/study/NCT00127205,31693129,https://pubmed.ncbi.nlm.nih.gov/31693129,Arm 3 (Ibandronate),8.0,intervention,intervention,EXPERIMENTAL,unresolved,,intervention,PUBMED_UNRESOLVED,,
PUBMED_UNRESOLVED,NCT00127205,https://clinicaltrials.gov/study/NCT00127205,31693129,https://pubmed.ncbi.nlm.nih.gov/31693129,Arm 3 (Ibandronate),8.0,intervention,intervention,,unresolved,,intervention,PUBMED_UNRESOLVED,,
PUBMED_UNRESOLVED,NCT02625610,https://clinicaltrials.gov/study/NCT02625610,33197226,https://pubmed.ncbi.nlm.nih.gov/33197226,Best Supportive Care (BSC) Only,20.0,control,control,,unresolved,,control,PUBMED_UNRESOLVED,,
PUBMED_UNRESOLVED,NCT02625610,https://clinicaltrials.gov/study/NCT02625610,33197226,https://pubmed.ncbi.nlm.nih.gov/33197226,Chemotherapy Maintenance (Oxaliplatin + 5-FU),27.0,control,intervention,EXPERIMENTAL,control,randomly assigned 1:1 to avelumab 10 mg/kg every 2 weeks or continued chemotherapy,control,,,
PUBMED_UNRESOLVED,NCT02625610,https://clinicaltrials.gov/study/NCT02625610,33197226,https://pubmed.ncbi.nlm.nih.gov/33197226,Avelumab Maintenance,27.0,intervention,intervention,EXPERIMENTAL,intervention,We investigated avelumab (anti-programmed death ligand-1 [PD-L1]) maintenance after first-line induction chemotherapy,intervention,,,
PUBMED_UNRESOLVED,NCT03141177,https://clinicaltrials.gov/study/NCT03141177,33657295,https://pubmed.ncbi.nlm.nih.gov/33657295,Arm C (Sunitinib),18.0,control,control,ACTIVE_COMPARATOR,control,Nivolumab plus Cabozantinib versus Sunitinib for Advanced Renal-Cell Carcinoma,control,,,
PUBMED_UNRESOLVED,NCT03141177,https://clinicaltrials.gov/study/NCT03141177,33657295,https://pubmed.ncbi.nlm.nih.gov/33657295,Arm B (Nivolumab + Ipilimumab + Cabozantinib),25.0,intervention,intervention,EXPERIMENTAL,unresolved,,intervention,PUBMED_UNRESOLVED,,
PUBMED_UNRESOLVED,NCT03141177,https://clinicaltrials.gov/study/NCT03141177,33657295,https://pubmed.ncbi.nlm.nih.gov/33657295,Arm A (Nivolumab + Cabozantinib),27.0,intervention,intervention,EXPERIMENTAL,intervention,"we randomly assigned adults with previously untreated clear-cell, advanced renal-cell carcinoma to receive either nivolumab plus cabozantinib",intervention,,,
PUBMED_UNRESOLVED,NCT02445391,https://clinicaltrials.gov/study/NCT02445391,34092112,https://pubmed.ncbi.nlm.nih.gov/34092112,Arm A (Observation),4.0,control,control,NO_INTERVENTION,unresolved,,control,PUBMED_UNRESOLVED,,
PUBMED_UNRESOLVED,NCT02445391,https://clinicaltrials.gov/study/NCT02445391,34092112,https://pubmed.ncbi.nlm.nih.gov/34092112,Arm B (Platinum-based chemotherapy),8.0,intervention,intervention,EXPERIMENTAL,intervention,iDFS would not be inferior but improved in patients with basal subtype TNBC treated with adjuvant platinum compared with capecitabine,intervention,,,
PUBMED_UNRESOLVED,NCT02445391,https://clinicaltrials.gov/study/NCT02445391,34092112,https://pubmed.ncbi.nlm.nih.gov/34092112,Arm C (Capecitabine),10.0,intervention,control,ACTIVE_COMPARATOR,control,"high-risk for recurrence, which is reduced by adjuvant capecitabine ... assuming a 4-year iDFS of 67% with capecitabine",control,CORRECTION_APPLIED,,
PUBMED_UNRESOLVED,NCT00549848,https://clinicaltrials.gov/study/NCT00549848,34170389,https://pubmed.ncbi.nlm.nih.gov/34170389,"Arm B (Conventional Dose PEG-asparaginase, Standard/High-Risk)",79.5,control,intervention,EXPERIMENTAL,control,randomized in continuation to receive 2500 IU/m2 or 3500 IU/m2 IV ... continuously (15 doses) on the standard/high risk (SHR) arms,control,,,
PUBMED_UNRESOLVED,NCT00549848,https://clinicaltrials.gov/study/NCT00549848,34170389,https://pubmed.ncbi.nlm.nih.gov/34170389,"Arm A (Higher Dose PEG-asparaginase, Standard/High-Risk)",78.0,intervention,control,ACTIVE_COMPARATOR,intervention,randomized in continuation to receive 2500 IU/m2 or 3500 IU/m2 IV ... continuously (15 doses) on the standard/high risk (SHR) arms,intervention,,,
PUBMED_UNRESOLVED,NCT00549848,https://clinicaltrials.gov/study/NCT00549848,34170389,https://pubmed.ncbi.nlm.nih.gov/34170389,Low-Risk (LR),78.0,intervention,intervention,,unresolved,,intervention,PUBMED_UNRESOLVED,,
PUBMED_UNRESOLVED,NCT01459497,https://clinicaltrials.gov/study/NCT01459497,34383006,https://pubmed.ncbi.nlm.nih.gov/34383006,Arm B (Conventional radiation),34.0,control,control,ACTIVE_COMPARATOR,,,control,PUBMED_UNRESOLVED,,
PUBMED_UNRESOLVED,NCT01459497,https://clinicaltrials.gov/study/NCT01459497,34383006,https://pubmed.ncbi.nlm.nih.gov/34383006,Arm A (Accelerated hypofractionated IGRT),19.0,intervention,control,ACTIVE_COMPARATOR,,,intervention,PUBMED_UNRESOLVED,,
PUBMED_UNRESOLVED,NCT00500890,https://clinicaltrials.gov/study/NCT00500890,34997889,https://pubmed.ncbi.nlm.nih.gov/34997889,"Carboplatin Arm (Carboplatin, Etoposide, Vincristine)",33.0,intervention,intervention,EXPERIMENTAL,unresolved,,intervention,PUBMED_UNRESOLVED,,
PUBMED_UNRESOLVED,NCT00500890,https://clinicaltrials.gov/study/NCT00500890,34997889,https://pubmed.ncbi.nlm.nih.gov/34997889,"Cyclophosphamide Arm (Cyclophosphamide, Etoposide, Vincristine)",33.0,intervention,intervention,EXPERIMENTAL,unresolved,,intervention,PUBMED_UNRESOLVED,,
PUBMED_UNRESOLVED,NCT02998528,https://clinicaltrials.gov/study/NCT02998528,35403841,https://pubmed.ncbi.nlm.nih.gov/35403841,Arm B (Platinum-Doublet Chemotherapy),12.0,control,control,ACTIVE_COMPARATOR,control,"to receive nivolumab plus platinum-based chemotherapy or platinum-based chemotherapy alone, followed by resection",control,,,
PUBMED_UNRESOLVED,NCT02998528,https://clinicaltrials.gov/study/NCT02998528,35403841,https://pubmed.ncbi.nlm.nih.gov/35403841,Arm A (Nivolumab plus Ipilimumab),9.0,intervention,intervention,EXPERIMENTAL,unresolved,,intervention,PUBMED_UNRESOLVED,,
PUBMED_UNRESOLVED,NCT02998528,https://clinicaltrials.gov/study/NCT02998528,35403841,https://pubmed.ncbi.nlm.nih.gov/35403841,Arm C (Nivolumab plus Platinum-Doublet Chemotherapy),12.0,intervention,intervention,EXPERIMENTAL,intervention,neoadjuvant nivolumab plus chemotherapy resulted in significantly longer event-free survival ... than chemotherapy alone,intervention,,,
PUBMED_UNRESOLVED,NCT03336333,https://clinicaltrials.gov/study/NCT03336333,35810754,https://pubmed.ncbi.nlm.nih.gov/35810754,Arm B (Bendamustine + Rituximab),17.0,control,intervention,EXPERIMENTAL,control,randomly assigned patients without del(17)(p13.1) to zanubrutinib (group A) or bendamustine-rituximab (group B),control,,,
PUBMED_UNRESOLVED,NCT03336333,https://clinicaltrials.gov/study/NCT03336333,35810754,https://pubmed.ncbi.nlm.nih.gov/35810754,Arm A/C (Zanubrutinib),11.0,intervention,intervention,EXPERIMENTAL,intervention,"Zanubrutinib is a next-generation, selective Bruton tyrosine kinase inhibitor ... We compared zanubrutinib with bendamustine-rituximab",intervention,,,
PUBMED_UNRESOLVED,NCT03336333,https://clinicaltrials.gov/study/NCT03336333,35810754,https://pubmed.ncbi.nlm.nih.gov/35810754,Arm D (Venetoclax + Zanubrutinib),17.0,intervention,intervention,EXPERIMENTAL,unresolved,,intervention,PUBMED_UNRESOLVED,,
PUBMED_UNRESOLVED,NCT03748641,https://clinicaltrials.gov/study/NCT03748641,36952634,https://pubmed.ncbi.nlm.nih.gov/36952634,Placebo + Abiraterone Acetate + Prednisone (AAP),18.0,control,intervention,EXPERIMENTAL,control,Patients were assigned 1:1 to receive niraparib + AAP or placebo + AAP,control,,,
PUBMED_UNRESOLVED,NCT03748641,https://clinicaltrials.gov/study/NCT03748641,36952634,https://pubmed.ncbi.nlm.nih.gov/36952634,Niraparib + Abiraterone Acetate + Prednisone (AAP),18.0,intervention,intervention,EXPERIMENTAL,intervention,Combination treatment with niraparib + AAP significantly lengthened rPFS in patients with HRR+ mCRPC compared with standard-of-care AAP,intervention,,,
PUBMED_UNRESOLVED,NCT03748641,https://clinicaltrials.gov/study/NCT03748641,36952634,https://pubmed.ncbi.nlm.nih.gov/36952634,Arm C (Cohort 3: FDC Niraparib/AA + Prednisone),18.0,intervention,intervention,EXPERIMENTAL,unresolved,,intervention,PUBMED_UNRESOLVED,,
PUBMED_UNRESOLVED,NCT04248829,https://clinicaltrials.gov/study/NCT04248829,37379502,https://pubmed.ncbi.nlm.nih.gov/37379502,Gefitinib 250 mg,13.0,control,intervention,EXPERIMENTAL,control,Patients were randomly assigned 1:1 to lazertinib 240 mg once daily orally or gefitinib 250 mg once daily orally,control,,,
PUBMED_UNRESOLVED,NCT04248829,https://clinicaltrials.gov/study/NCT04248829,37379502,https://pubmed.ncbi.nlm.nih.gov/37379502,Lazertinib 240 mg,13.0,intervention,control,ACTIVE_COMPARATOR,intervention,"Lazertinib is a potent, CNS-penetrant, third-generation epidermal growth factor receptor (EGFR) tyrosine kinase inhibitor",intervention,,,
PUBMED_UNRESOLVED,NCT04248829,https://clinicaltrials.gov/study/NCT04248829,37379502,https://pubmed.ncbi.nlm.nih.gov/37379502,Open-label Lazertinib 240 mg (Cross-over),13.0,intervention,intervention,,unresolved,,intervention,PUBMED_UNRESOLVED,,
PUBMED_UNRESOLVED,NCT04177108,https://clinicaltrials.gov/study/NCT04177108,38060199,https://pubmed.ncbi.nlm.nih.gov/38060199,Arm C (Paclitaxel + Placebo + Placebo),40.0,control,intervention,EXPERIMENTAL,control,Grade ≥3 adverse events were more frequent with the triplet than with doublets or single-agent paclitaxel,control,,,
PUBMED_UNRESOLVED,NCT04177108,https://clinicaltrials.gov/study/NCT04177108,38060199,https://pubmed.ncbi.nlm.nih.gov/38060199,Arm A (Ipatasertib + Atezolizumab + Paclitaxel),40.0,intervention,intervention,EXPERIMENTAL,intervention,Triplet therapy comprised intravenous atezolizumab ... oral ipatasertib ... and intravenous paclitaxel ... as first-line therapy,intervention,,,
PUBMED_UNRESOLVED,NCT04177108,https://clinicaltrials.gov/study/NCT04177108,38060199,https://pubmed.ncbi.nlm.nih.gov/38060199,Arm B (Ipatasertib + Paclitaxel / Atezolizumab + Paclitaxel),41.5,intervention,intervention,EXPERIMENTAL,unresolved,,intervention,PUBMED_UNRESOLVED,,
PUBMED_UNRESOLVED,NCT04177108,https://clinicaltrials.gov/study/NCT04177108,38060199,https://pubmed.ncbi.nlm.nih.gov/38060199,Arm B - Cohort 2 (Atezolizumab + Paclitaxel + Placebo),40.0,intervention,intervention,EXPERIMENTAL,unresolved,,intervention,PUBMED_UNRESOLVED,,
PUBMED_UNRESOLVED,NCT02864251,https://clinicaltrials.gov/study/NCT02864251,38252907,https://pubmed.ncbi.nlm.nih.gov/38252907,Arm C (Pemetrexed plus Platinum),18.0,control,control,ACTIVE_COMPARATOR,control,randomly assigned 1:1 to nivolumab ... plus platinum-doublet chemotherapy ... or platinum-doublet chemotherapy alone,control,,,
PUBMED_UNRESOLVED,NCT02864251,https://clinicaltrials.gov/study/NCT02864251,38252907,https://pubmed.ncbi.nlm.nih.gov/38252907,Arm A (Nivolumab plus Pemetrexed/Platinum),18.0,intervention,intervention,EXPERIMENTAL,intervention,evaluated nivolumab plus chemotherapy versus chemotherapy in patients with EGFR-mutated metastatic non-small-cell lung cancer,intervention,,,
PUBMED_UNRESOLVED,NCT02864251,https://clinicaltrials.gov/study/NCT02864251,38252907,https://pubmed.ncbi.nlm.nih.gov/38252907,Arm B (Nivolumab plus Ipilimumab),27.0,intervention,intervention,EXPERIMENTAL,unresolved,,intervention,PUBMED_UNRESOLVED,,
CORRECTION_APPLIED,NCT00295646,https://clinicaltrials.gov/study/NCT00295646,19213681,https://pubmed.ncbi.nlm.nih.gov/19213681,Arm A (Nolvadex alone),3.0,control,control,ACTIVE_COMPARATOR,control,"addition of zoledronic acid to endocrine therapy, as compared with endocrine therapy without zoledronic acid",control,,,
CORRECTION_APPLIED,NCT00295646,https://clinicaltrials.gov/study/NCT00295646,19213681,https://pubmed.ncbi.nlm.nih.gov/19213681,Arm C (Arimidex alone),3.0,control,control,ACTIVE_COMPARATOR,control,"addition of zoledronic acid to endocrine therapy, as compared with endocrine therapy without zoledronic acid",control,,,
CORRECTION_APPLIED,NCT00295646,https://clinicaltrials.gov/study/NCT00295646,19213681,https://pubmed.ncbi.nlm.nih.gov/19213681,Arm C (Arimidex alone),3.0,intervention,intervention,,control,"addition of zoledronic acid to endocrine therapy, as compared with endocrine therapy without zoledronic acid",control,CORRECTION_APPLIED,,
CORRECTION_APPLIED,NCT00295646,https://clinicaltrials.gov/study/NCT00295646,19213681,https://pubmed.ncbi.nlm.nih.gov/19213681,Arm B (Nolvadex plus zoledronate),3.0,intervention,control,ACTIVE_COMPARATOR,intervention,The addition of zoledronic acid to adjuvant endocrine therapy improves disease-free survival,intervention,,,
CORRECTION_APPLIED,NCT00295646,https://clinicaltrials.gov/study/NCT00295646,19213681,https://pubmed.ncbi.nlm.nih.gov/19213681,Arm D (Arimidex plus zoledronate),8.5,intervention,control,ACTIVE_COMPARATOR,intervention,The addition of zoledronic acid to adjuvant endocrine therapy improves disease-free survival,intervention,,,
CORRECTION_APPLIED,NCT00075829,https://clinicaltrials.gov/study/NCT00075829,21962393,https://pubmed.ncbi.nlm.nih.gov/21962393,Arm B2 (Auto-Auto + Observation),36.0,control,control,ACTIVE_COMPARATOR,control,allogeneic HSCT ... compared with tandem autologous HSCT,control,,,
CORRECTION_APPLIED,NCT00075829,https://clinicaltrials.gov/study/NCT00075829,21962393,https://pubmed.ncbi.nlm.nih.gov/21962393,Arm A (Auto-Allo: ASCT followed by NMSCT),45.0,intervention,control,ACTIVE_COMPARATOR,intervention,we aimed to assess effectiveness of allogeneic HSCT with non-myeloablative conditioning after autologous HSCT compared with tandem autologous HSCT,intervention,,,
CORRECTION_APPLIED,NCT00075829,https://clinicaltrials.gov/study/NCT00075829,21962393,https://pubmed.ncbi.nlm.nih.gov/21962393,Arm B1 (Auto-Auto + Maintenance),51.0,intervention,control,ACTIVE_COMPARATOR,control,allogeneic HSCT ... compared with tandem autologous HSCT,control,CORRECTION_APPLIED,,
CORRECTION_APPLIED,NCT00553358,https://clinicaltrials.gov/study/NCT00553358,22257673,https://pubmed.ncbi.nlm.nih.gov/22257673,Lapatinib alone,21.0,intervention,intervention,EXPERIMENTAL,intervention,the two anti-HER2 agents given together would be better than single-agent therapy,intervention,,,
CORRECTION_APPLIED,NCT00553358,https://clinicaltrials.gov/study/NCT00553358,22257673,https://pubmed.ncbi.nlm.nih.gov/22257673,Trastuzumab alone,22.0,intervention,control,ACTIVE_COMPARATOR,control,pCR rate was significantly higher in the group given lapatinib and trastuzumab ... than in the group given trastuzumab alone,control,CORRECTION_APPLIED,,
CORRECTION_APPLIED,NCT00553358,https://clinicaltrials.gov/study/NCT00553358,22257673,https://pubmed.ncbi.nlm.nih.gov/22257673,Lapatinib + Trastuzumab,22.0,intervention,intervention,EXPERIMENTAL,intervention,pCR rate was significantly higher in the group given lapatinib and trastuzumab,intervention,,,
CORRECTION_APPLIED,NCT00066573,https://clinicaltrials.gov/study/NCT00066573,23358971,https://pubmed.ncbi.nlm.nih.gov/23358971,Arm 2: Exemestane + Placebo,5.0,control,control,,intervention,exemestane ... could prove superior to anastrozole regarding efficacy and toxicity,intervention,CORRECTION_APPLIED,,
CORRECTION_APPLIED,NCT00066573,https://clinicaltrials.gov/study/NCT00066573,23358971,https://pubmed.ncbi.nlm.nih.gov/23358971,Arm 4: Anastrozole + Placebo,5.0,control,control,,control,exemestane ... could prove superior to anastrozole,control,,,
CORRECTION_APPLIED,NCT00066573,https://clinicaltrials.gov/study/NCT00066573,23358971,https://pubmed.ncbi.nlm.nih.gov/23358971,Arm 1: Exemestane + Celecoxib,5.0,intervention,intervention,EXPERIMENTAL,intervention,exemestane ... could prove superior to anastrozole regarding efficacy and toxicity,intervention,,,
CORRECTION_APPLIED,NCT00066573,https://clinicaltrials.gov/study/NCT00066573,23358971,https://pubmed.ncbi.nlm.nih.gov/23358971,Arm 3: Anastrozole + Celecoxib,5.0,intervention,control,ACTIVE_COMPARATOR,control,exemestane ... could prove superior to anastrozole,control,CORRECTION_APPLIED,,
CORRECTION_APPLIED,NCT00093795,https://clinicaltrials.gov/study/NCT00093795,23940225,https://pubmed.ncbi.nlm.nih.gov/23940225,Group 1 (TAC),11.0,control,control,ACTIVE_COMPARATOR,control,whether the incorporation of a fourth drug could improve outcomes relative to two standard regimens,control,,,
CORRECTION_APPLIED,NCT00093795,https://clinicaltrials.gov/study/NCT00093795,23940225,https://pubmed.ncbi.nlm.nih.gov/23940225,Group 2 (DD AC -> P),13.0,intervention,control,ACTIVE_COMPARATOR,control,incorporation of a fourth drug could improve outcomes relative to two standard regimens,control,CORRECTION_APPLIED,,
CORRECTION_APPLIED,NCT00093795,https://clinicaltrials.gov/study/NCT00093795,23940225,https://pubmed.ncbi.nlm.nih.gov/23940225,Group 3 (DD AC -> PG),13.0,intervention,intervention,EXPERIMENTAL,intervention,DD AC->P with four cycles of gemcitabine (G) added to the DD paclitaxel (DD AC->PG),intervention,,,
CORRECTION_APPLIED,NCT01998880,https://clinicaltrials.gov/study/NCT01998880,24401022,https://pubmed.ncbi.nlm.nih.gov/24401022,Arm C (Clb: Chlorambucil alone),15.0,control,control,ACTIVE_COMPARATOR,control,"obinutuzumab-chlorambucil or rituximab-chlorambucil, as compared with chlorambucil monotherapy, increased response rates",control,,,
CORRECTION_APPLIED,NCT01998880,https://clinicaltrials.gov/study/NCT01998880,24401022,https://pubmed.ncbi.nlm.nih.gov/24401022,Arm B (RClb: Rituximab + Chlorambucil),15.0,intervention,control,ACTIVE_COMPARATOR,control,obinutuzumab was superior to rituximab when each was combined with chlorambucil,control,CORRECTION_APPLIED,,
CORRECTION_APPLIED,NCT01998880,https://clinicaltrials.gov/study/NCT01998880,24401022,https://pubmed.ncbi.nlm.nih.gov/24401022,Arm A (GClb: Obinutuzumab + Chlorambucil),17.0,intervention,intervention,EXPERIMENTAL,intervention,"We investigated the benefit of the type 2, glycoengineered antibody obinutuzumab... as compared with that of rituximab",intervention,,,
CORRECTION_APPLIED,NCT01156142,https://clinicaltrials.gov/study/NCT01156142,24733799,https://pubmed.ncbi.nlm.nih.gov/24733799,Doxepin then Placebo Crossover,11.0,intervention,control,PLACEBO_COMPARATOR,intervention,to test the efficacy of doxepin hydrochloride in the reduction of radiotherapy-induced OM pain,intervention,,,
CORRECTION_APPLIED,NCT01156142,https://clinicaltrials.gov/study/NCT01156142,24733799,https://pubmed.ncbi.nlm.nih.gov/24733799,Placebo then Doxepin Crossover,11.0,intervention,intervention,EXPERIMENTAL,control,patients were randomly allocated to a doxepin oral rinse or a placebo,control,CORRECTION_APPLIED,,
CORRECTION_APPLIED,NCT00078949,https://clinicaltrials.gov/study/NCT00078949,25267740,https://pubmed.ncbi.nlm.nih.gov/25267740,Arm S2 (DHAP +/- Rituximab),9.0,control,intervention,EXPERIMENTAL,control,gemcitabine-based therapy before autologous stem-cell transplantation (ASCT) is as effective as and less toxic than standard treatment,control,,,
CORRECTION_APPLIED,NCT00078949,https://clinicaltrials.gov/study/NCT00078949,25267740,https://pubmed.ncbi.nlm.nih.gov/25267740,Arm S1 (GDP),9.0,intervention,intervention,EXPERIMENTAL,intervention,we hypothesized that gemcitabine-based therapy before autologous stem-cell transplantation (ASCT) is as effective as and less toxic than standard treatment,intervention,,,
CORRECTION_APPLIED,NCT00078949,https://clinicaltrials.gov/study/NCT00078949,25267740,https://pubmed.ncbi.nlm.nih.gov/25267740,Arm S2 (DHAP),20.5,intervention,intervention,EXPERIMENTAL,control,treatment with GDP is associated with a noninferior response rate... less toxicity and hospitalization,control,CORRECTION_APPLIED,,
CORRECTION_APPLIED,NCT00006237,https://clinicaltrials.gov/study/NCT00006237,25332243,https://pubmed.ncbi.nlm.nih.gov/25332243,Arm 1 (High-Dose Interferon Alpha-2b),29.0,control,control,ACTIVE_COMPARATOR,control,High-dose interferon (IFN) for 1 year (HDI) is the US Food and Drug Administration-approved adjuvant therapy,control,,,
CORRECTION_APPLIED,NCT00006237,https://clinicaltrials.gov/study/NCT00006237,25332243,https://pubmed.ncbi.nlm.nih.gov/25332243,Arm 2 (Biochemotherapy: CVD + IL-2 + IFN + G-CSF),49.0,intervention,intervention,EXPERIMENTAL,intervention,We sought to determine whether a shorter course of biochemotherapy would be more effective,intervention,,,
CORRECTION_APPLIED,NCT00006237,https://clinicaltrials.gov/study/NCT00006237,25332243,https://pubmed.ncbi.nlm.nih.gov/25332243,Arm 1 (One Year High-Dose Interferon Alpha-2b),164.0,intervention,intervention,,control,High-dose interferon (IFN) for 1 year (HDI) is the US Food and Drug Administration-approved adjuvant therapy,control,CORRECTION_APPLIED,,
CORRECTION_APPLIED,NCT00070564,https://clinicaltrials.gov/study/NCT00070564,25422488,https://pubmed.ncbi.nlm.nih.gov/25422488,Arm 5 (AC q2w x 4 -> Paclitaxel q2w x 6),22.0,intervention,control,ACTIVE_COMPARATOR,control,that paclitaxel once per week was superior to six cycles of paclitaxel once every 2 weeks,control,CORRECTION_APPLIED,,
CORRECTION_APPLIED,NCT00070564,https://clinicaltrials.gov/study/NCT00070564,25422488,https://pubmed.ncbi.nlm.nih.gov/25422488,Arm 6 (AC q2w x 4 -> Paclitaxel weekly x 12),22.0,intervention,intervention,EXPERIMENTAL,intervention,that paclitaxel once per week was superior to six cycles of paclitaxel once every 2 weeks,intervention,,,
CORRECTION_APPLIED,NCT00929695,https://clinicaltrials.gov/study/NCT00929695,25682602,https://pubmed.ncbi.nlm.nih.gov/25682602,Higher-dose prednisone (1 or 2 mg/kg/day),14.5,control,intervention,EXPERIMENTAL,control,a 50% decrease in the initial dose of prednisone... would suffice to control graft-versus-host disease,control,,,
CORRECTION_APPLIED,NCT00929695,https://clinicaltrials.gov/study/NCT00929695,25682602,https://pubmed.ncbi.nlm.nih.gov/25682602,Lower-dose prednisone (0.5 or 1 mg/kg/day),15.0,intervention,control,ACTIVE_COMPARATOR,intervention,prednisone is effective and safe for patients with newly diagnosed acute graft-versus-host disease,intervention,,,
CORRECTION_APPLIED,NCT00929695,https://clinicaltrials.gov/study/NCT00929695,25682602,https://pubmed.ncbi.nlm.nih.gov/25682602,Higher-dose prednisone (1 or 2 mg/kg/day),16.0,intervention,intervention,,control,a 50% decrease in the initial dose of prednisone... would suffice to control graft-versus-host disease,control,CORRECTION_APPLIED,,
CORRECTION_APPLIED,NCT00507416,https://clinicaltrials.gov/study/NCT00507416,26056177,https://pubmed.ncbi.nlm.nih.gov/26056177,VD (VELCADE and Dexamethasone),53.0,intervention,intervention,EXPERIMENTAL,control,VTD and VMP did not appear to offer an advantage over VD in transplantation-ineligible patients,control,CORRECTION_APPLIED,,
CORRECTION_APPLIED,NCT00507416,https://clinicaltrials.gov/study/NCT00507416,26056177,https://pubmed.ncbi.nlm.nih.gov/26056177,"VTD (VELCADE, Thalidomide, and Dexamethasone)",53.0,intervention,intervention,EXPERIMENTAL,intervention,VTD and VMP did not appear to offer an advantage over VD,intervention,,,
CORRECTION_APPLIED,NCT00507416,https://clinicaltrials.gov/study/NCT00507416,26056177,https://pubmed.ncbi.nlm.nih.gov/26056177,"VMP (VELCADE, Melphalan, and Prednisone)",53.0,intervention,intervention,EXPERIMENTAL,intervention,VTD and VMP did not appear to offer an advantage over VD,intervention,,,
CORRECTION_APPLIED,NCT01308580,https://clinicaltrials.gov/study/NCT01308580,28809610,https://pubmed.ncbi.nlm.nih.gov/28809610,Arm B (Cabazitaxel 25 mg/m²),20.0,control,control,,control,noninferiority of cabazitaxel 20 mg/m2 (C20) versus C25... the Currently Approved Dose (25 mg/m2),control,,,
CORRECTION_APPLIED,NCT01308580,https://clinicaltrials.gov/study/NCT01308580,28809610,https://pubmed.ncbi.nlm.nih.gov/28809610,Arm A (Cabazitaxel 20 mg/m²),20.0,intervention,intervention,EXPERIMENTAL,intervention,assessed the noninferiority of cabazitaxel 20 mg/m2 (C20) versus C25 in postdocetaxel patients with mCRPC,intervention,,,
CORRECTION_APPLIED,NCT01308580,https://clinicaltrials.gov/study/NCT01308580,28809610,https://pubmed.ncbi.nlm.nih.gov/28809610,Arm B (Cabazitaxel 25 mg/m² + Prednisone),20.5,intervention,intervention,EXPERIMENTAL,control,the Currently Approved Dose (25 mg/m2)... C20 maintained >=50% of the OS benefit of C25,control,CORRECTION_APPLIED,,
CORRECTION_APPLIED,NCT00553410,https://clinicaltrials.gov/study/NCT00553410,29158011,https://pubmed.ncbi.nlm.nih.gov/29158011,Arm A (Continuous Letrozole),2.0,control,control,ACTIVE_COMPARATOR,control,Extended adjuvant intermittent letrozole versus continuous letrozole in postmenopausal women with breast cancer,control,,,
CORRECTION_APPLIED,NCT00553410,https://clinicaltrials.gov/study/NCT00553410,29158011,https://pubmed.ncbi.nlm.nih.gov/29158011,Arm A (Continuous letrozole),2.0,intervention,intervention,,control,Extended adjuvant intermittent letrozole versus continuous letrozole in postmenopausal women with breast cancer,control,CORRECTION_APPLIED,,
CORRECTION_APPLIED,NCT00553410,https://clinicaltrials.gov/study/NCT00553410,29158011,https://pubmed.ncbi.nlm.nih.gov/29158011,Arm B (Intermittent letrozole),2.0,intervention,intervention,EXPERIMENTAL,intervention,Extended adjuvant intermittent letrozole versus continuous letrozole in postmenopausal women with breast cancer,intervention,,,
CORRECTION_APPLIED,NCT00946712,https://clinicaltrials.gov/study/NCT00946712,29169877,https://pubmed.ncbi.nlm.nih.gov/29169877,Arm 1b (Carboplatin/Paclitaxel),12.0,control,control,,control,either with cetuximab (...cetuximab group) or without (control group),control,,,
CORRECTION_APPLIED,NCT00946712,https://clinicaltrials.gov/study/NCT00946712,29169877,https://pubmed.ncbi.nlm.nih.gov/29169877,Arm 1a (Carboplatin/Paclitaxel/Bevacizumab),18.0,control,intervention,EXPERIMENTAL,control,either with cetuximab (...cetuximab group) or without (control group),control,,,
CORRECTION_APPLIED,NCT00946712,https://clinicaltrials.gov/study/NCT00946712,29169877,https://pubmed.ncbi.nlm.nih.gov/29169877,Arm 1a (Carboplatin/Paclitaxel/Bevacizumab),53.0,intervention,intervention,,control,either with cetuximab (...cetuximab group) or without (control group),control,CORRECTION_APPLIED,,
CORRECTION_APPLIED,NCT00946712,https://clinicaltrials.gov/study/NCT00946712,29169877,https://pubmed.ncbi.nlm.nih.gov/29169877,Arm 2a (Carboplatin/Paclitaxel/Bevacizumab/Cetuximab),53.0,intervention,intervention,EXPERIMENTAL,intervention,explore the activity of cetuximab with chemotherapy in patients with advanced NSCLC who are EGFR FISH-positive,intervention,,,
CORRECTION_APPLIED,NCT00946712,https://clinicaltrials.gov/study/NCT00946712,29169877,https://pubmed.ncbi.nlm.nih.gov/29169877,Arm 2b (Carboplatin/Paclitaxel/Cetuximab),52.0,intervention,intervention,,intervention,explore the activity of cetuximab with chemotherapy in patients with advanced NSCLC who are EGFR FISH-positive,intervention,,,
CORRECTION_APPLIED,NCT00118209,https://clinicaltrials.gov/study/NCT00118209,30939090,https://pubmed.ncbi.nlm.nih.gov/30939090,Arm A (R-CHOP),11.5,control,control,ACTIVE_COMPARATOR,control,"compared dose-adjusted ... (DA-EPOCH-R) with standard rituximab, cyclophosphamide, doxorubicin, vincristine, and prednisone (R-CHOP)",control,CORRECTION_APPLIED,,
CORRECTION_APPLIED,NCT00118209,https://clinicaltrials.gov/study/NCT00118209,30939090,https://pubmed.ncbi.nlm.nih.gov/30939090,Arm A (R-CHOP),41.0,intervention,intervention,,control,"compared dose-adjusted ... (DA-EPOCH-R) with standard rituximab, cyclophosphamide, doxorubicin, vincristine, and prednisone (R-CHOP)",control,CORRECTION_APPLIED,,
CORRECTION_APPLIED,NCT00118209,https://clinicaltrials.gov/study/NCT00118209,30939090,https://pubmed.ncbi.nlm.nih.gov/30939090,Arm B (DA-EPOCH-R),40.0,intervention,intervention,EXPERIMENTAL,intervention,"the more intensive, infusional DA-EPOCH-R was more toxic and did not improve PFS or OS compared with R-CHOP",intervention,,,
CORRECTION_APPLIED,NCT00567567,https://clinicaltrials.gov/study/NCT00567567,31454045,https://pubmed.ncbi.nlm.nih.gov/31454045,Regimen A (Single Myeloablative Consolidation),93.0,intervention,control,ACTIVE_COMPARATOR,control,To determine if tandem autologous transplant improves event-free survival (EFS) compared with single transplant,control,CORRECTION_APPLIED,,
CORRECTION_APPLIED,NCT00567567,https://clinicaltrials.gov/study/NCT00567567,31454045,https://pubmed.ncbi.nlm.nih.gov/31454045,Regimen B (Tandem Myeloablative Consolidation),110.0,intervention,intervention,EXPERIMENTAL,intervention,To determine if tandem autologous transplant improves event-free survival (EFS) compared with single transplant,intervention,,,
CORRECTION_APPLIED,NCT01435018,https://clinicaltrials.gov/study/NCT01435018,32145827,https://pubmed.ncbi.nlm.nih.gov/32145827,Arm 1C (Paclitaxel plus ART),14.0,control,control,ACTIVE_COMPARATOR,control,"or intravenous paclitaxel (the control arm), together with antiretroviral therapy (ART)",control,,,
CORRECTION_APPLIED,NCT01435018,https://clinicaltrials.gov/study/NCT01435018,32145827,https://pubmed.ncbi.nlm.nih.gov/32145827,Etoposide plus ART (ET+ART),25.0,control,intervention,EXPERIMENTAL,intervention,either intravenous bleomycin and vincristine or oral etoposide (the investigational arms),intervention,CORRECTION_APPLIED,,
CORRECTION_APPLIED,NCT01435018,https://clinicaltrials.gov/study/NCT01435018,32145827,https://pubmed.ncbi.nlm.nih.gov/32145827,Arm 1A (Etoposide plus ART),14.0,intervention,intervention,,intervention,either intravenous bleomycin and vincristine or oral etoposide (the investigational arms),intervention,,,
CORRECTION_APPLIED,NCT01435018,https://clinicaltrials.gov/study/NCT01435018,32145827,https://pubmed.ncbi.nlm.nih.gov/32145827,Arm 1B (Bleomycin and vincristine plus ART),14.0,intervention,intervention,EXPERIMENTAL,intervention,either intravenous bleomycin and vincristine or oral etoposide (the investigational arms),intervention,,,
CORRECTION_APPLIED,NCT00408005,https://clinicaltrials.gov/study/NCT00408005,32813610,https://pubmed.ncbi.nlm.nih.gov/32813610,Arm A (Capizzi MTX - Control),51.0,control,intervention,EXPERIMENTAL,control,5-year disease-free survival (DFS) rates for patients ... randomly assigned to nelarabine (n = 323) and no nelarabine,control,,,
CORRECTION_APPLIED,NCT00408005,https://clinicaltrials.gov/study/NCT00408005,32813610,https://pubmed.ncbi.nlm.nih.gov/32813610,Arm C (High Dose MTX),52.0,intervention,control,ACTIVE_COMPARATOR,control,patients ... randomly assigned to nelarabine ... and no nelarabine (n = 336),control,CORRECTION_APPLIED,,
CORRECTION_APPLIED,NCT00408005,https://clinicaltrials.gov/study/NCT00408005,32813610,https://pubmed.ncbi.nlm.nih.gov/32813610,Arm B (Capizzi MTX + Nelarabine),73.0,intervention,control,ACTIVE_COMPARATOR,intervention,addition of nelarabine to ABFM therapy improved DFS for children and young adults with newly diagnosed T-ALL,intervention,,,
CORRECTION_APPLIED,NCT00408005,https://clinicaltrials.gov/study/NCT00408005,32813610,https://pubmed.ncbi.nlm.nih.gov/32813610,Arm D (High Dose MTX + Nelarabine),74.0,intervention,control,ACTIVE_COMPARATOR,intervention,"Patients treated with the best-performing arm, C-MTX plus nelarabine ... addition of nelarabine ... improved DFS",intervention,,,
CORRECTION_APPLIED,NCT01509612,https://clinicaltrials.gov/study/NCT01509612,33010094,https://pubmed.ncbi.nlm.nih.gov/33010094,Arm 2 (Placebo Homeopathic Treatment),6.0,control,control,ACTIVE_COMPARATOR,control,additive homeopathic treatment compared with placebo in patients with stage IV NSCLC,control,,,
CORRECTION_APPLIED,NCT01509612,https://clinicaltrials.gov/study/NCT01509612,33010094,https://pubmed.ncbi.nlm.nih.gov/33010094,Arm 3 (Standard Care Control),5.0,control,control,NO_INTERVENTION,control,52 control patients without any homeopathic treatment were observed for survival only,control,,,
CORRECTION_APPLIED,NCT01509612,https://clinicaltrials.gov/study/NCT01509612,33010094,https://pubmed.ncbi.nlm.nih.gov/33010094,Arm 1 (Verum Homeopathic Treatment),6.0,intervention,intervention,,intervention,received either individualized homeopathic remedies (n = 51) or placebo ... QoL improved significantly in the homeopathy group,intervention,,,
CORRECTION_APPLIED,NCT01509612,https://clinicaltrials.gov/study/NCT01509612,33010094,https://pubmed.ncbi.nlm.nih.gov/33010094,Arm 2 (Placebo Homeopathic Treatment),6.0,intervention,control,PLACEBO_COMPARATOR,control,additive homeopathic treatment compared with placebo in patients with stage IV NSCLC,control,CORRECTION_APPLIED,,
CORRECTION_APPLIED,NCT00063999,https://clinicaltrials.gov/study/NCT00063999,33078978,https://pubmed.ncbi.nlm.nih.gov/33078978,Regimen II (Carboplatin/Paclitaxel),24.0,control,intervention,EXPERIMENTAL,intervention,studied carboplatin plus paclitaxel (TC) as a noninferior alternative to TAP,intervention,CORRECTION_APPLIED,,
CORRECTION_APPLIED,NCT00063999,https://clinicaltrials.gov/study/NCT00063999,33078978,https://pubmed.ncbi.nlm.nih.gov/33078978,Regimen II (Carboplatin/Paclitaxel),38.0,intervention,intervention,,intervention,studied carboplatin plus paclitaxel (TC) as a noninferior alternative to TAP,intervention,CORRECTION_APPLIED,,
CORRECTION_APPLIED,NCT00063999,https://clinicaltrials.gov/study/NCT00063999,33078978,https://pubmed.ncbi.nlm.nih.gov/33078978,Regimen I (Doxorubicin/Cisplatin/Paclitaxel + G-CSF),31.0,intervention,control,ACTIVE_COMPARATOR,control,carboplatin plus paclitaxel (TC) as a noninferior alternative to TAP [paclitaxel-doxorubicin-cisplatin],control,CORRECTION_APPLIED,,
CORRECTION_APPLIED,NCT01150045,https://clinicaltrials.gov/study/NCT01150045,33821899,https://pubmed.ncbi.nlm.nih.gov/33821899,Arm A (12 cycles FOLFOX + Placebo),11.0,control,control,ACTIVE_COMPARATOR,control,"addition of celecoxib for 3 years, compared with placebo, to standard adjuvant chemotherapy",control,,,
CORRECTION_APPLIED,NCT01150045,https://clinicaltrials.gov/study/NCT01150045,33821899,https://pubmed.ncbi.nlm.nih.gov/33821899,Arm A (12 cycles of FOLFOX + placebo daily),15.5,control,control,ACTIVE_COMPARATOR,control,"addition of celecoxib for 3 years, compared with placebo, to standard adjuvant chemotherapy",control,,,
CORRECTION_APPLIED,NCT01150045,https://clinicaltrials.gov/study/NCT01150045,33821899,https://pubmed.ncbi.nlm.nih.gov/33821899,Arm C (6 cycles FOLFOX + Placebo),10.0,intervention,intervention,,control,"addition of celecoxib for 3 years, compared with placebo, to standard adjuvant chemotherapy",control,CORRECTION_APPLIED,,
CORRECTION_APPLIED,NCT01150045,https://clinicaltrials.gov/study/NCT01150045,33821899,https://pubmed.ncbi.nlm.nih.gov/33821899,Arm D (6 cycles FOLFOX + Celecoxib),15.0,intervention,intervention,EXPERIMENTAL,intervention,"addition of celecoxib to adjuvant chemotherapy with fluorouracil, leucovorin, and oxaliplatin (FOLFOX)",intervention,,,
CORRECTION_APPLIED,NCT01150045,https://clinicaltrials.gov/study/NCT01150045,33821899,https://pubmed.ncbi.nlm.nih.gov/33821899,Arm B (12 cycles FOLFOX + Celecoxib),14.0,intervention,intervention,EXPERIMENTAL,intervention,"addition of celecoxib to adjuvant chemotherapy with fluorouracil, leucovorin, and oxaliplatin (FOLFOX)",intervention,,,
CORRECTION_APPLIED,NCT00295620,https://clinicaltrials.gov/study/NCT00295620,34320285,https://pubmed.ncbi.nlm.nih.gov/34320285,Arm B (Anastrozole 5 years),2.0,control,intervention,EXPERIMENTAL,intervention,"anastrozole for an additional 2 years ... or an additional 5 years (5-year group, receiving a total of 10 years)",intervention,CORRECTION_APPLIED,,
CORRECTION_APPLIED,NCT00295620,https://clinicaltrials.gov/study/NCT00295620,34320285,https://pubmed.ncbi.nlm.nih.gov/34320285,Arm A (Anastrozole 2 years),2.0,intervention,intervention,EXPERIMENTAL,control,extending hormone therapy by 5 years provided no benefit over a 2-year extension,control,CORRECTION_APPLIED,,
CORRECTION_APPLIED,NCT01949337,https://clinicaltrials.gov/study/NCT01949337,36996380,https://pubmed.ncbi.nlm.nih.gov/36996380,Arm A (Enzalutamide),16.5,control,intervention,EXPERIMENTAL,control,whether the addition of abiraterone acetate and prednisone (AAP) to enzalutamide prolongs overall survival,control,,,
CORRECTION_APPLIED,NCT01949337,https://clinicaltrials.gov/study/NCT01949337,36996380,https://pubmed.ncbi.nlm.nih.gov/36996380,Arm A (Enzalutamide alone),17.0,intervention,intervention,,control,whether the addition of abiraterone acetate and prednisone (AAP) to enzalutamide prolongs overall survival,control,CORRECTION_APPLIED,,
CORRECTION_APPLIED,NCT01949337,https://clinicaltrials.gov/study/NCT01949337,36996380,https://pubmed.ncbi.nlm.nih.gov/36996380,"Arm B (Enzalutamide, Abiraterone, and Prednisone)",17.0,intervention,intervention,EXPERIMENTAL,intervention,whether the addition of abiraterone acetate and prednisone (AAP) to enzalutamide prolongs overall survival,intervention,,,
CORRECTION_APPLIED,NCT03419403,https://clinicaltrials.gov/study/NCT03419403,37257422,https://pubmed.ncbi.nlm.nih.gov/37257422,Arm A (Standard Steroids),53.0,control,intervention,EXPERIMENTAL,control,randomized (1:1:1) to OSE prophylactic treatments ... (a) standard steroid eye drops,control,CORRECTION_APPLIED,,
CORRECTION_APPLIED,NCT03419403,https://clinicaltrials.gov/study/NCT03419403,37257422,https://pubmed.ncbi.nlm.nih.gov/37257422,Arm A (Standard Steroids),53.0,intervention,intervention,,control,randomized (1:1:1) to OSE prophylactic treatments ... (a) standard steroid eye drops,control,CORRECTION_APPLIED,,
CORRECTION_APPLIED,NCT03419403,https://clinicaltrials.gov/study/NCT03419403,37257422,https://pubmed.ncbi.nlm.nih.gov/37257422,Arm B (Standard Steroids + Vasoconstrictor + Cold Compress),53.0,intervention,intervention,EXPERIMENTAL,intervention,(b) standard steroid eye drops plus vasoconstrictor eye drops and cold compress,intervention,,,
CORRECTION_APPLIED,NCT03419403,https://clinicaltrials.gov/study/NCT03419403,37257422,https://pubmed.ncbi.nlm.nih.gov/37257422,Arm C (Enhanced Steroids + Vasoconstrictor + Cold Compress),58.5,intervention,intervention,EXPERIMENTAL,intervention,(c) enhanced steroids plus vasoconstrictor eye drops and cold compress,intervention,,,
