filename,nct,trial_status,n_pipeline_arms,n_ctgov_arms,count_mismatch,any_label_flip,iv_12mo_orig,ct_12mo_orig,delta12_orig,iv_12mo_corr,ct_12mo_corr,delta12_corr,delta12_changed,n_corr_intervention_arms,n_corr_control_arms,corr_no_intervention,corr_no_control,min_confidence
30738780 CT_Summary_SoE.pdf,NCT02043678,confident,2,2,False,False,17.0,17.0,0.0,17.0,17.0,0.0,False,1,1,False,False,0.7
PIMD 27718847 a_Summary_SoE.pdf,NCT02142738,count_mismatch,2,6,True,False,18.0,24.0,-6.0,18.0,24.0,-6.0,False,1,1,False,False,0.0
PMID 19213681 a_Summary_SoE.pdf,NCT00295646,count_mismatch,5,4,True,True,3.0,3.0,0.0,3.0,3.0,0.0,False,1,4,False,False,0.0
PMID 20525992 a_Summary_SoE.pdf,NCT00094653,uncertain,3,3,False,True,11.0,11.0,0.0,11.0,11.0,0.0,False,1,2,False,False,0.0
PMID 20525993 a_Summary_SoE.pdf,NCT00471497,uncertain,3,3,False,True,11.0,11.0,0.0,11.0,,,True,3,0,False,True,0.2
PMID 20525995 a_Summary_SoE.pdf,NCT00481247,confident,2,2,False,False,8.0,8.0,0.0,8.0,8.0,0.0,False,1,1,False,False,0.7
PMID 20570559 CT a_Summary_SoE.pdf,NCT00312377,confident,2,2,False,False,18.0,18.0,0.0,18.0,18.0,0.0,False,1,1,False,False,0.5
PMID 20818862 a_Summary_SoE.pdf,NCT00065442,confident,2,2,False,True,12.0,12.0,0.0,,12.0,,True,0,2,True,False,0.833
PMID 20826719 a_Summary_SoE.pdf,NCT00075803,confident,2,2,False,False,4.0,4.0,0.0,4.0,4.0,0.0,False,1,1,False,False,0.7
PMID 21121833 a_Summary_SoE.pdf,NCT00121992,confident,2,2,False,False,9.0,9.0,0.0,9.0,9.0,0.0,False,1,1,False,False,0.5
PMID 21282542 CT_Summary_SoE.pdf,NCT00364351,confident,2,2,False,False,16.0,16.0,0.0,16.0,16.0,0.0,False,1,1,False,False,0.5
PMID 21306237 a_Summary_SoE.pdf,NCT00428597,confident,2,2,False,False,15.0,15.0,0.0,15.0,15.0,0.0,False,1,1,False,False,0.75
PMID 21306238 a_Summary_SoE.pdf,NCT00510068,confident,2,2,False,False,15.0,15.0,0.0,15.0,15.0,0.0,False,1,1,False,False,0.5
PMID 21410393 a_Summary_SoE.pdf,NCT00414648,confident,2,2,False,False,5.0,5.0,0.0,5.0,5.0,0.0,False,1,1,False,False,0.5
PMID 21612468 a_Summary_SoE.pdf,NCT00638690,confident,2,2,False,False,17.0,17.0,0.0,17.0,17.0,0.0,False,1,1,False,False,0.7
PMID 21621716 CT_Summary_SoE.pdf,NCT00130728,confident,2,2,False,False,18.0,18.0,0.0,18.0,18.0,0.0,False,1,1,False,False,0.857
PMID 21631324 a_Summary_SoE.pdf,NCT00019682,confident,2,2,False,True,103.0,103.0,0.0,103.0,,,True,2,0,False,True,0.5
PMID 21639808 a_Summary_SoE.pdf,NCT01006980,confident,2,2,False,False,19.0,19.0,0.0,19.0,19.0,0.0,False,1,1,False,False,0.5
PMID 21639810 a_Summary_SoE.pdf,NCT00324155,confident,2,2,False,False,17.0,17.0,0.0,17.0,17.0,0.0,False,1,1,False,False,1.0
PMID 21751904 a_Summary_SoE.pdf,NCT00002597,confident,2,2,False,False,42.0,41.0,1.0,42.0,41.0,1.0,False,1,1,False,False,0.5
PMID 21962393 CT_Summary_SoE.pdf,NCT00075829,uncertain,3,3,False,True,45.0,36.0,9.0,,36.0,,True,0,3,True,False,0.0
PMID 21990397 a_Summary_SoE.pdf,NCT00281697,confident,2,2,False,False,18.0,18.0,0.0,18.0,18.0,0.0,False,1,1,False,False,1.0
PMID 21991949 a_Summary_SoE.pdf,NCT00021255,confident,3,3,False,True,26.0,11.0,15.0,11.0,,,True,3,0,False,True,1.0
PMID 22025146 CT_Summary_SoE.pdf,NCT00410761,confident,2,2,False,False,8.0,8.0,0.0,8.0,8.0,0.0,False,1,1,False,False,0.5
PMID 22119496 a_Summary_SoE.pdf,NCT00412061,confident,2,2,False,False,15.0,15.0,0.0,15.0,15.0,0.0,False,1,1,False,False,0.455
PMID 22149875 a_Summary_SoE.pdf,NCT00567190,confident,2,2,False,False,25.0,25.0,0.0,25.0,25.0,0.0,False,1,1,False,False,1.0
PMID 22149876 a_Summary_SoE.pdf,NCT00863655,confident,2,2,False,False,11.0,11.0,0.0,11.0,11.0,0.0,False,1,1,False,False,0.727
PMID 22204724 a_Summary_SoE.pdf,NCT00262847,uncertain,3,3,False,False,30.0,30.0,0.0,30.0,30.0,0.0,False,2,1,False,False,0.188
PMID 22257673 a_Summary_SoE.pdf,NCT00553358,confident,3,3,False,True,21.0,,,21.0,22.0,-1.0,True,2,1,False,False,0.5
PMID 22271472 a_Summary_SoE.pdf,NCT00004859,confident,2,2,False,False,47.0,36.0,11.0,47.0,36.0,11.0,False,1,1,False,False,0.5
PMID 22375970 a_Summary_SoE.pdf,NCT00934544,confident,2,2,False,False,14.0,13.0,1.0,14.0,13.0,1.0,False,1,1,False,False,0.7
PMID 22375971 a_Summary_SoE.pdf,NCT00952289,confident,2,2,False,False,14.0,14.0,0.0,14.0,14.0,0.0,False,1,1,False,False,0.5
PMID 22454414 a_Summary_SoE.pdf,NCT00110214,confident,2,2,False,True,18.0,18.0,0.0,18.0,,,True,2,0,False,True,0.75
PMID 22508813 a_Summary_SoE.pdf,NCT00602420,confident,2,2,False,False,2.0,2.0,0.0,2.0,2.0,0.0,False,1,1,False,False,0.5
PMID 22529265 a_Summary_SoE.pdf,NCT00434642,confident,2,2,False,False,24.0,24.0,0.0,24.0,24.0,0.0,False,1,1,False,False,1.0
PMID 22551107 a_Summary_SoE.pdf,NCT00094497,confident,2,2,False,True,78.0,32.0,46.0,,32.0,,True,0,2,True,False,0.7
PMID 22564989 a_Summary_SoE.pdf,NCT00457392,confident,2,2,False,False,19.0,19.0,0.0,19.0,19.0,0.0,False,1,1,False,False,1.0
PMID 22571200 a_Summary_SoE.pdf,NCT00405756,uncertain,3,3,False,True,25.0,25.0,0.0,25.0,,,True,3,0,False,True,0.013
PMID 22571201 a_Summary_SoE.pdf,NCT00114101,confident,2,2,False,False,19.0,19.0,0.0,19.0,19.0,0.0,False,1,1,False,False,0.5
PMID 22585697 a_Summary_SoE.pdf,NCT00317642,confident,2,2,False,True,31.0,31.0,0.0,31.0,,,True,2,0,False,True,0.571
PMID 22663011 a_Summary_SoE.pdf,NCT01245062,uncertain,3,3,False,False,19.0,19.0,0.0,19.0,19.0,0.0,False,2,1,False,False,0.143
PMID 22689805 a_Summary_SoE.pdf,NCT00260832,confident,2,2,False,True,79.0,144.0,-65.0,144.0,79.0,65.0,True,1,1,False,False,0.75
PMID 22735384 a_Summary_SoE.pdf,NCT01227889,count_mismatch,2,3,True,False,20.0,20.0,0.0,20.0,20.0,0.0,False,1,1,False,False,0.5
PMID 22808955 a_Summary_SoE.pdf,NCT00007644,confident,2,2,False,True,6.0,6.0,0.0,,6.0,,True,0,2,True,False,0.5
PMID 22851564 a_Summary_SoE.pdf,NCT00449033,confident,2,2,False,False,30.0,30.0,0.0,30.0,30.0,0.0,False,1,1,False,False,0.9
PMID 22853014 a_Summary_SoE.pdf,NCT00075764,confident,2,2,False,False,15.0,14.0,1.0,15.0,14.0,1.0,False,1,1,False,False,1.0
PMID 22894553 a_Summary_SoE.pdf,NCT00974311,confident,2,2,False,False,10.0,10.0,0.0,10.0,10.0,0.0,False,1,1,False,False,0.5
PMID 22915657 a_Summary_SoE.pdf,NCT00475085,count_mismatch,5,4,True,True,1.0,1.0,0.0,1.0,1.0,0.0,False,3,2,False,False,0.0
PMID 22949154 a_Summary_SoE.pdf,NCT00574873,confident,2,2,False,False,9.0,9.0,0.0,9.0,9.0,0.0,False,1,1,False,False,0.5
PMID 22965961 a_Summary_SoE.pdf,NCT00384176,confident,2,2,False,False,28.0,28.0,0.0,28.0,28.0,0.0,False,1,1,False,False,0.5
PMID 22965962 a_Summary_SoE.pdf,NCT00532155,confident,2,2,False,False,36.0,36.0,0.0,36.0,36.0,0.0,False,1,1,False,False,0.5
PMID 22965965 a_Summary_SoE.pdf,NCT00399035,uncertain,4,4,False,False,20.0,20.0,0.0,20.0,20.0,0.0,False,2,2,False,False,0.286
PMID 22987089 a_Summary_SoE.pdf,NCT00091169,confident,2,2,False,False,3.0,3.0,0.0,3.0,3.0,0.0,False,1,1,False,False,0.7
PMID 23075175 a_Summary_SoE.pdf,NCT00075816,confident,2,2,False,True,29.0,29.0,0.0,,29.0,,True,0,2,True,False,0.5
PMID 23177515 a_Summary_SoE.pdf,NCT01271712,confident,2,2,False,False,0.0,0.0,0.0,0.0,0.0,0.0,False,1,1,False,False,0.5
PMID 23228172 a_Summary_SoE.pdf,NCT00887198,confident,2,2,False,False,17.0,17.0,0.0,17.0,17.0,0.0,False,1,1,False,False,1.0
PMID 23234763 a_Summary_SoE.pdf,NCT00374322,confident,2,2,False,False,1.0,1.0,0.0,1.0,1.0,0.0,False,1,1,False,False,1.0
PMID 23248256 a_Summary_SoE.pdf,NCT00110019,confident,2,2,False,False,18.0,18.0,0.0,18.0,18.0,0.0,False,1,1,False,False,0.643
PMID 23295789 a_Summary_SoE.pdf,NCT00210353,confident,3,3,False,False,19.0,18.0,1.0,19.0,18.0,1.0,False,2,1,False,False,0.6
PMID 23295793 a_Summary_SoE.pdf,NCT00106691,confident,2,2,False,True,4.0,4.0,0.0,4.0,,,True,2,0,False,True,0.7
PMID 23358971 a_Summary_SoE.pdf,NCT00066573,count_mismatch,4,2,True,True,5.0,5.0,0.0,5.0,5.0,0.0,False,1,3,False,False,0.0
PMID 23358972_Summary_SoE.pdf,NCT00457691,confident,2,2,False,False,29.0,29.0,0.0,29.0,29.0,0.0,False,1,1,False,False,0.5
PMID 23460714 a_Summary_SoE.pdf,NCT00088907,confident,2,2,False,False,40.0,40.0,0.0,40.0,40.0,0.0,False,1,1,False,False,0.5
PMID 23478059 a_Summary_SoE.pdf,NCT00418574,confident,2,2,False,False,15.0,15.0,0.0,15.0,15.0,0.0,False,1,1,False,False,0.7
PMID 23509322 a_Summary_SoE.pdf,NCT00281658,count_mismatch,3,4,True,False,22.0,22.0,0.0,22.0,22.0,0.0,False,2,1,False,False,0.0
PMID 23569308 a_Summary_SoE.pdf,NCT00617669,confident,2,2,False,False,21.0,21.0,0.0,21.0,21.0,0.0,False,1,1,False,False,0.6
PMID 23690416 a_Summary_SoE.pdf,NCT00499109,confident,2,2,False,False,21.0,17.0,4.0,21.0,17.0,4.0,False,1,1,False,False,0.5
PMID 23724913 a_Summary_SoE.pdf,NCT00932893,confident,2,2,False,True,19.0,19.0,0.0,19.0,19.0,0.0,False,1,1,False,False,0.5
PMID 23733756 a_Summary_SoE.pdf,NCT00775645,confident,2,2,False,False,15.0,15.0,0.0,15.0,15.0,0.0,False,1,1,False,False,0.5
PMID 23733779 a_Summary_SoE.pdf,NCT00129389,confident,2,2,False,False,15.0,9.0,6.0,15.0,9.0,6.0,False,1,1,False,False,0.5
PMID 23816960 a_Summary_SoE.pdf,NCT00949650,confident,2,2,False,False,20.0,20.0,0.0,20.0,20.0,0.0,False,1,1,False,False,0.5
PMID 23835708 a_Summary_SoE.pdf,NCT00961415,count_mismatch,2,3,True,True,18.0,18.0,0.0,18.0,18.0,0.0,False,1,1,False,False,0.4
PMID 23857972 a_Summary_SoE.pdf,NCT00435409,confident,2,2,False,False,20.0,20.0,0.0,20.0,20.0,0.0,False,1,1,False,False,1.0
PMID 23863050 a_Summary_SoE.pdf,NCT00699751,confident,2,2,False,False,11.0,11.0,0.0,11.0,11.0,0.0,False,1,1,False,False,0.5
PMID 23940216 a_Summary_SoE.pdf,NCT00777153,uncertain,3,3,False,False,22.0,22.0,0.0,22.0,22.0,0.0,False,2,1,False,False,0.5
PMID 23940225 a_Summary_SoE.pdf,NCT00093795,uncertain,3,3,False,True,13.0,11.0,2.0,13.0,11.0,2.0,False,1,2,False,False,0.0
PMID 23960180 a_Summary_SoE.pdf,NCT01144364,count_mismatch,2,1,True,False,29.0,27.0,2.0,29.0,27.0,2.0,False,1,1,False,False,0.0
PMID 23980091 a_Summary_SoE.pdf,NCT00049543,confident,2,2,False,False,5.0,5.0,0.0,5.0,5.0,0.0,False,1,1,False,False,0.5
PMID 24043745 a_Summary_SoE.pdf,NCT00879333,confident,2,2,False,False,19.0,19.0,0.0,19.0,19.0,0.0,False,1,1,False,False,0.636
PMID 24081940 a_Summary_SoE.pdf,NCT00354432,uncertain,4,4,False,True,1.0,1.0,0.0,1.0,1.0,0.0,False,1,3,False,False,0.1
PMID 24101040 a_Summary_SoE.pdf,NCT00304031,count_mismatch,2,3,True,True,63.0,54.0,9.0,54.0,,,True,2,0,False,True,0.0
PMID 24101054 a_Summary_SoE.pdf,NCT00257608,confident,2,2,False,False,19.0,19.0,0.0,19.0,19.0,0.0,False,1,1,False,False,0.727
PMID 24131140 a_Summary_SoE.pdf,NCT00844649,confident,2,2,False,False,42.0,42.0,0.0,42.0,42.0,0.0,False,1,1,False,False,0.5
PMID 24145346 a_Summary_SoE.pdf,NCT00762034,confident,2,2,False,False,26.0,26.0,0.0,26.0,26.0,0.0,False,1,1,False,False,0.75
PMID 24297945 a_Summary_SoE.pdf,NCT00631371,confident,2,2,False,False,53.0,53.0,0.0,53.0,53.0,0.0,False,1,1,False,False,0.875
PMID 24297950 a_Summary_SoE.pdf,NCT00474786,confident,2,2,False,True,53.0,27.0,26.0,27.0,,,True,2,0,False,True,0.75
PMID 24297951 a_Summary_SoE.pdf,NCT01099449,uncertain,3,3,False,False,15.0,15.0,0.0,15.0,15.0,0.0,False,2,1,False,False,0.0
PMID 24323035 a_Summary_SoE.pdf,NCT00676650,confident,2,2,False,False,15.0,15.0,0.0,15.0,15.0,0.0,False,1,1,False,False,1.0
PMID 24395863 a_Summary_SoE.pdf,NCT00262821,confident,2,2,False,False,44.0,44.0,0.0,44.0,44.0,0.0,False,1,1,False,False,0.667
PMID 24401022 a_Summary_SoE.pdf,NCT01998880,confident,3,3,False,True,15.0,15.0,0.0,17.0,15.0,2.0,True,1,2,False,False,0.6
PMID 24439929 CT_Summary_SoE.pdf,NCT01121393,confident,2,2,False,False,20.0,24.0,-4.0,20.0,24.0,-4.0,False,1,1,False,False,0.5
PMID 24450857 a_Summary_SoE.pdf,NCT01539512,confident,2,2,False,True,14.0,14.0,0.0,,14.0,,True,0,2,True,False,0.667
PMID 24552317 a_Summary_SoE.pdf,NCT00884741,confident,2,2,False,False,64.0,64.0,0.0,64.0,64.0,0.0,False,1,1,False,False,0.5
PMID 24552318 a_Summary_SoE.pdf,NCT00943826,confident,2,2,False,False,50.0,50.0,0.0,50.0,50.0,0.0,False,1,1,False,False,0.75
PMID 24552320 a_Summary_SoE.pdf,NCT00803062,uncertain,4,4,False,False,79.0,71.0,8.0,79.0,71.0,8.0,False,3,1,False,False,0.4
PMID 24590644 a_Summary_SoE.pdf,NCT00079001,confident,2,2,False,False,14.0,14.0,0.0,14.0,14.0,0.0,False,1,1,False,False,0.5
PMID 24637997 a_Summary_SoE.pdf,NCT00976911,confident,2,2,False,False,53.0,53.0,0.0,53.0,53.0,0.0,False,1,1,False,False,0.5
PMID 24733799 a_Summary_SoE.pdf,NCT01156142,confident,2,2,False,True,11.0,,,11.0,11.0,0.0,True,1,1,False,False,0.5
PMID 24768112 a_Summary_SoE.pdf,NCT00984282,confident,2,2,False,False,7.0,7.0,0.0,7.0,7.0,0.0,False,1,1,False,False,0.75
PMID 24868024 a_Summary_SoE.pdf,NCT00486954,confident,2,2,False,False,40.0,40.0,0.0,40.0,40.0,0.0,False,1,1,False,False,1.0
PMID 24881463 a_Summary_SoE.pdf,NCT00066703,count_mismatch,6,2,True,False,14.0,5.0,9.0,14.0,5.0,9.0,False,4,2,False,False,0.0
PMID 24881631 a_Summary_SoE.pdf,NCT01578707,confident,2,2,False,False,14.0,15.0,-1.0,14.0,15.0,-1.0,False,1,1,False,False,0.7
PMID 24881730 a_Summary_SoE.pdf,NCT01212991,confident,2,2,False,False,9.0,9.0,0.0,9.0,9.0,0.0,False,1,1,False,False,0.75
PMID 24888818 a_Summary_SoE.pdf,NCT00382018,uncertain,4,4,False,True,8.0,5.0,3.0,7.0,5.0,2.0,True,2,2,False,False,0.0
PMID 24898665 CT_Summary_SoE.pdf,NCT00268983,confident,2,2,False,False,19.0,17.0,2.0,19.0,17.0,2.0,False,1,1,False,False,0.7
PMID 24933332 a_Summary_SoE.pdf,NCT01168973,confident,2,2,False,False,18.0,18.0,0.0,18.0,18.0,0.0,False,1,1,False,False,0.667
PMID 24934787 a_Summary_SoE.pdf,NCT00041119,count_mismatch,3,4,True,False,7.0,7.0,0.0,7.0,7.0,0.0,False,2,1,False,False,0.05
PMID 24982457 a_Summary_SoE.pdf,NCT00107172,confident,2,2,False,False,5.0,4.0,1.0,5.0,4.0,1.0,False,1,1,False,False,0.5
PMID 24982504 CT_Summary_SoE.pdf,NCT00406393,confident,2,2,False,False,34.0,34.0,0.0,34.0,34.0,0.0,False,1,1,False,False,0.7
PMID 25014687 a_Summary_SoE.pdf,NCT00353496,confident,2,2,False,False,18.0,18.0,0.0,18.0,18.0,0.0,False,1,1,False,False,0.8
PMID 25092781 a_Summary_SoE.pdf,NCT00372593,count_mismatch,2,3,True,True,47.0,46.0,1.0,,46.0,,True,0,2,True,False,0.0
PMID 25154829 a_Summary_SoE.pdf,NCT00075946,confident,2,2,False,False,8.0,8.0,0.0,8.0,8.0,0.0,False,1,1,False,False,0.8
PMID 25184863 a_Summary_SoE.pdf,NCT00689936,uncertain,3,3,False,False,21.0,21.0,0.0,21.0,21.0,0.0,False,2,1,False,False,0.111
PMID 25225436 a_Summary_SoE.pdf,NCT00866697,confident,2,2,False,False,10.0,10.0,0.0,10.0,10.0,0.0,False,1,1,False,False,1.0
PMID 25265494 a_Summary_SoE.pdf,NCT01689519,confident,2,2,False,False,20.0,20.0,0.0,20.0,20.0,0.0,False,1,1,False,False,1.0
PMID 25267740 a_Summary_SoE.pdf,NCT00078949,count_mismatch,3,4,True,True,9.0,9.0,0.0,9.0,,,True,3,0,False,True,0.0
PMID 25311218 a_Summary_SoE.pdf,NCT00025259,count_mismatch,4,7,True,True,24.0,36.5,-12.5,24.0,,,True,4,0,False,True,0.0
PMID 25332243 a_Summary_SoE.pdf,NCT00006237,count_mismatch,3,2,True,False,49.0,29.0,20.0,49.0,29.0,20.0,False,2,1,False,False,0.0
PMID 25348000 a_Summary_SoE.pdf,NCT00390455,confident,2,2,False,False,15.0,15.0,0.0,15.0,15.0,0.0,False,1,1,False,False,0.6
PMID 25354103 a_Summary_SoE.pdf,NCT00412360,confident,2,2,False,True,49.0,49.0,0.0,49.0,,,True,2,0,False,True,0.5
PMID 25366680 a_Summary_SoE.pdf,NCT00047008,confident,2,2,False,True,35.0,40.0,-5.0,35.0,,,True,2,0,False,True,0.5
PMID 25399551 a_Summary_SoE.pdf,NCT01597908,confident,2,2,False,False,15.0,15.0,0.0,15.0,15.0,0.0,False,1,1,False,False,1.0
PMID 25399552 a_Summary_SoE.pdf,NCT01721772,confident,2,2,False,False,36.0,36.0,0.0,36.0,36.0,0.0,False,1,1,False,False,0.5
PMID 25422488 a_Summary_SoE.pdf,NCT00070564,count_mismatch,2,6,True,True,22.0,,,22.0,22.0,0.0,True,1,1,False,False,0.014
PMID 25470694 a_Summary_SoE.pdf,NCT01154140,confident,2,2,False,True,19.0,13.0,6.0,13.0,19.0,-6.0,True,1,1,False,False,0.5
PMID 25482145 a_Summary_SoE.pdf,NCT01080391,confident,2,2,False,False,77.0,26.0,51.0,77.0,26.0,51.0,False,1,1,False,False,1.0
PMID 25495490 a_Summary_SoE.pdf,NCT00066690,uncertain,3,3,False,False,14.0,5.0,9.0,14.0,5.0,9.0,False,2,1,False,False,0.308
PMID 25547503 a_Summary_SoE.pdf,NCT00901901,confident,2,2,False,False,18.0,18.0,0.0,18.0,18.0,0.0,False,1,1,False,False,0.857
PMID 25605862 a_Summary_SoE.pdf,NCT00337103,confident,2,2,False,False,45.0,45.0,0.0,45.0,45.0,0.0,False,1,1,False,False,0.6
PMID 25629741 a_Summary_SoE.pdf,NCT01243944,confident,2,2,False,False,14.0,14.0,0.0,14.0,14.0,0.0,False,1,1,False,False,0.5
PMID 25671254 a_Summary_SoE.pdf,NCT01321554,count_mismatch,2,4,True,False,16.0,16.0,0.0,16.0,16.0,0.0,False,1,1,False,False,0.4
PMID 25682602 a_Summary_SoE.pdf,NCT00929695,count_mismatch,3,2,True,True,15.0,14.5,0.5,14.5,15.0,-0.5,True,2,1,False,False,0.0
PMID 25713428 a_Summary_SoE.pdf,NCT01012297,confident,2,2,False,True,62.0,62.0,0.0,62.0,,,True,2,0,False,True,0.632
PMID 25738668 a_Summary_SoE.pdf,NCT00068601,confident,2,2,False,False,9.0,8.0,1.0,9.0,8.0,1.0,False,1,1,False,False,0.667
PMID 25738670 a_Summary_SoE.pdf,NCT00722137,confident,2,2,False,False,31.0,16.0,15.0,31.0,16.0,15.0,False,1,1,False,False,0.5
PMID 25779558 a_Summary_SoE.pdf,NCT00667251,confident,2,2,False,True,22.0,35.0,-13.0,,22.0,,True,0,2,True,False,0.5
PMID 25891173 a_Summary_SoE.pdf,NCT01866319,uncertain,3,3,False,True,19.0,18.0,1.0,18.0,19.0,-1.0,True,2,1,False,False,0.25
PMID 25897156 a_Summary_SoE.pdf,NCT00369785,confident,2,2,False,False,2.0,2.0,0.0,2.0,2.0,0.0,False,1,1,False,False,0.5
PMID 25940724 a_Summary_SoE.pdf,NCT01385137,confident,2,2,False,False,4.0,4.0,0.0,4.0,4.0,0.0,False,1,1,False,False,0.7
PMID 25970050 a_Summary_SoE.pdf,NCT01607957,confident,2,2,False,False,28.0,28.0,0.0,28.0,28.0,0.0,False,1,1,False,False,0.5
PMID 26014293 a_Summary_SoE.pdf,NCT00769704,confident,2,2,False,False,26.0,27.0,-1.0,26.0,27.0,-1.0,False,1,1,False,False,0.5
PMID 26027431 a_Summary_SoE.pdf,NCT01844505,uncertain,3,3,False,True,36.0,36.0,0.0,36.0,,,True,3,0,False,True,0.25
PMID 26028407 a_Summary_SoE.pdf,NCT01642004,confident,2,2,False,True,36.0,19.0,17.0,19.0,,,True,2,0,False,True,1.0
PMID 26030518 a_Summary_SoE.pdf,NCT01942135,confident,2,2,False,False,16.0,16.0,0.0,16.0,16.0,0.0,False,1,1,False,False,1.0
PMID 26035255 a_Summary_SoE.pdf,NCT01239797,confident,2,2,False,False,32.0,32.0,0.0,32.0,32.0,0.0,False,1,1,False,False,0.818
PMID 26040499 a_Summary_SoE.pdf,NCT00556374,count_mismatch,2,4,True,False,3.0,3.0,0.0,3.0,3.0,0.0,False,1,1,False,False,0.133
PMID 26056177 a_Summary_SoE.pdf,NCT00507416,confident,3,3,False,False,53.0,,,53.0,,,False,3,0,False,True,1.0
PMID 26122726 a_Summary_SoE.pdf,NCT01519700,confident,2,2,False,True,6.0,18.0,-12.0,18.0,6.0,12.0,True,1,1,False,False,0.5
PMID 26159065 CT_Summary_SoE.pdf,NCT01544179,confident,2,2,False,False,12.0,12.0,0.0,12.0,12.0,0.0,False,1,1,False,False,1.0
PMID 26169611 a_Summary_SoE.pdf,NCT01244191,confident,2,2,False,False,16.0,16.0,0.0,16.0,16.0,0.0,False,1,1,False,False,0.8
PMID 26206652 CT_Summary_SoE.pdf,NCT01596283,confident,2,2,False,True,9.0,9.0,0.0,,9.0,,True,0,2,True,False,0.5
PMID 26244877 a_Summary_SoE.pdf,NCT00309985,confident,2,2,False,False,9.0,5.0,4.0,9.0,5.0,4.0,False,1,1,False,False,0.7
PMID 26351350 a_Summary_SoE.pdf,NCT01989572,uncertain,6,6,False,False,14.0,14.0,0.0,14.0,14.0,0.0,False,4,2,False,False,0.0
PMID 26371143 a_Summary_SoE.pdf,NCT01343277,confident,2,2,False,False,71.0,53.0,18.0,71.0,53.0,18.0,False,1,1,False,False,0.75
PMID 26377300 CT_Summary_SoE.pdf,NCT01039376,confident,2,2,False,False,8.0,8.0,0.0,8.0,8.0,0.0,False,1,1,False,False,0.5
PMID 26406148 a_Summary_SoE.pdf,NCT01668784,confident,2,2,False,False,27.0,14.0,13.0,27.0,14.0,13.0,False,1,1,False,False,1.0
PMID 26406150 a_Summary_SoE.pdf,NCT01865747,confident,2,2,False,False,16.0,16.0,0.0,16.0,16.0,0.0,False,1,1,False,False,0.75
PMID 26412349 a_Summary_SoE.pdf,NCT00310180,count_mismatch,2,4,True,True,8.0,4.0,4.0,4.0,,,True,2,0,False,True,0.0
PMID 26412456 a_Summary_SoE.pdf,NCT01673867,confident,2,2,False,False,28.0,19.0,9.0,28.0,19.0,9.0,False,1,1,False,False,0.75
PMID 26416999 a_Summary_SoE.pdf,NCT00129935,confident,2,2,False,False,10.0,10.0,0.0,10.0,10.0,0.0,False,1,1,False,False,0.9
PMID 26527790 a_Summary_SoE.pdf,NCT00424255,confident,2,2,False,False,41.0,41.0,0.0,41.0,41.0,0.0,False,1,1,False,False,0.5
PMID 26540028 a_Summary_SoE.pdf,NCT00402779,confident,2,2,False,False,6.0,6.0,0.0,6.0,6.0,0.0,False,1,1,False,False,1.0
PMID 26598744 a_Summary_SoE.pdf,NCT00490139,confident,4,4,False,False,9.0,20.0,-11.0,9.0,20.0,-11.0,False,3,1,False,False,0.667
PMID 26628478 a_Summary_SoE.pdf,NCT00680901,confident,2,2,False,False,13.0,13.0,0.0,13.0,13.0,0.0,False,1,1,False,False,0.5
PMID 26639149 a_Summary_SoE.pdf,NCT01722487,confident,2,2,False,False,20.0,20.0,0.0,20.0,20.0,0.0,False,1,1,False,False,0.75
PMID 26655421 CT_Summary_SoE.pdf,NCT01611090,confident,2,2,False,False,27.0,27.0,0.0,27.0,27.0,0.0,False,1,1,False,False,0.9
PMID 26673811 a_Summary_SoE.pdf,NCT01646021,confident,2,2,False,True,18.0,53.0,-35.0,18.0,,,True,2,0,False,True,1.0
PMID 26703889 a_Summary_SoE.pdf,NCT01524783,confident,2,2,False,False,14.0,14.0,0.0,14.0,14.0,0.0,False,1,1,False,False,0.571
PMID 26712084b_Summary_SoE.pdf,NCT01905657,uncertain,3,3,False,False,18.0,18.0,0.0,18.0,18.0,0.0,False,2,1,False,False,0.0
PMID 26811519 a_Summary_SoE.pdf,NCT00686959,confident,2,2,False,False,50.0,46.0,4.0,50.0,46.0,4.0,False,1,1,False,False,0.5
PMID 26858335 a_Summary_SoE.pdf,NCT00338286,confident,2,2,False,False,52.0,52.0,0.0,52.0,52.0,0.0,False,1,1,False,False,0.5
PMID 26884585 a_Summary_SoE.pdf,NCT01512745,confident,2,2,False,False,39.0,39.0,0.0,39.0,39.0,0.0,False,1,1,False,False,0.5
PMID 26933849 a_Summary_SoE.pdf,NCT01167712,confident,2,2,False,True,21.0,9.0,12.0,9.0,,,True,2,0,False,True,0.5
PMID 26997579 a _Summary_SoE.pdf,NCT02106494,confident,2,2,False,True,2.0,2.0,0.0,2.0,2.0,0.0,False,1,1,False,False,0.5
PMID 27044935 a_Summary_SoE.pdf,NCT00331773,confident,2,2,False,False,32.0,45.0,-13.0,32.0,45.0,-13.0,False,1,1,False,False,0.5
PMID 27119237 a_Summary_SoE.pdf,NCT01564537,confident,2,2,False,False,21.0,21.0,0.0,21.0,21.0,0.0,False,1,1,False,False,0.6
PMID 27264120 a_Summary_SoE.pdf,NCT00754845,count_mismatch,4,2,True,False,2.0,2.0,0.0,2.0,2.0,0.0,False,2,2,False,False,0.0
PMID 27354480 a_Summary_SoE.pdf,NCT01029262,confident,2,2,False,False,7.0,7.0,0.0,7.0,7.0,0.0,False,1,1,False,False,0.5
PMID 27458307 a_Summary_SoE.pdf,NCT01450761,confident,2,2,False,False,18.0,18.0,0.0,18.0,18.0,0.0,False,1,1,False,False,0.462
PMID 27458945 a_Summary_SoE.pdf,NCT00377156,confident,2,2,False,True,6.0,18.0,-12.0,18.0,6.0,12.0,True,1,1,False,False,0.5
PMID 27557302 a_Summary_SoE.pdf,NCT02136134,confident,2,2,False,False,43.0,40.0,3.0,43.0,40.0,3.0,False,1,1,False,False,0.9
PMID 27569442 CT_Summary_SoE.pdf,NCT00134030,count_mismatch,3,4,True,False,56.0,41.0,15.0,56.0,41.0,15.0,False,2,1,False,False,0.0
PMID 27705267 a_Summary_SoE.pdf,NCT02076009,confident,2,2,False,False,24.0,24.0,0.0,24.0,24.0,0.0,False,1,1,False,False,0.857
PMID 27717299 a_Summary_SoE.pdf,NCT01847274,count_mismatch,3,2,True,True,17.0,17.0,0.0,26.0,17.0,9.0,True,1,2,False,False,0.0
PMID 27717303 a_Summary_SoE.pdf,NCT01958021,confident,2,2,False,False,15.0,15.0,0.0,15.0,15.0,0.0,False,1,1,False,False,0.5
PMID 27718781 a_Summary_SoE.pdf,NCT00375674,confident,2,2,False,False,10.0,10.0,0.0,10.0,10.0,0.0,False,1,1,False,False,0.75
PMID 27718784 a_Summary_SoE.pdf,NCT02105636,confident,2,2,False,False,27.0,53.0,-26.0,27.0,53.0,-26.0,False,1,1,False,False,0.5
PMID 27731748 a_Summary_SoE.pdf,NCT00824265,confident,2,2,False,False,0.0,0.0,0.0,0.0,0.0,0.0,False,1,1,False,False,0.7
PMID 27787547 a_Summary_SoE.pdf,NCT00087022,confident,2,2,False,False,26.0,26.0,0.0,26.0,26.0,0.0,False,1,1,False,False,0.5
PMID 27908454 CT_Summary_SoE.pdf,NCT01602380,confident,2,2,False,True,15.0,15.0,0.0,15.0,15.0,0.0,False,1,1,False,False,0.5
PMID 27914822_Summary_SoE.pdf,NCT00716976,confident,2,2,False,True,10.0,10.0,0.0,10.0,,,True,2,0,False,True,0.45
PMID 27918724 a_Summary_SoE.pdf,NCT01677910,count_mismatch,3,4,True,True,13.0,13.0,0.0,13.0,13.0,0.0,False,2,1,False,False,0.022
PMID 27918780 a_Summary_SoE.pdf,NCT02472964,confident,2,2,False,False,20.0,20.0,0.0,20.0,20.0,0.0,False,1,1,False,False,0.5
PMID 27959613 a_Summary_SoE.pdf,NCT01740427,confident,2,2,False,False,16.0,16.0,0.0,16.0,16.0,0.0,False,1,1,False,False,1.0
PMID 27959700 a_Summary_SoE.pdf,NCT02151981,confident,2,2,False,False,14.0,14.0,0.0,14.0,14.0,0.0,False,1,1,False,False,0.5
PMID 27979383 a_Summary_SoE.pdf,NCT02008227,confident,2,2,False,False,0.0,0.0,0.0,0.0,0.0,0.0,False,1,1,False,False,0.5
PMID 28029326 a_Summary_SoE.pdf,NCT01014208,confident,2,2,False,False,53.0,53.0,0.0,53.0,53.0,0.0,False,1,1,False,False,0.5
PMID 28030702 a_Summary_SoE.pdf,NCT00869206,count_mismatch,3,2,True,True,14.0,14.0,0.0,14.0,,,True,3,0,False,True,0.0
PMID 28034081 a_Summary_SoE.pdf,NCT01057810,confident,2,2,False,False,9.0,9.0,0.0,9.0,9.0,0.0,False,1,1,False,False,1.0
PMID 28056202 a_Summary_SoE.pdf,NCT01120184,uncertain,3,3,False,True,24.0,53.0,-29.0,24.0,,,True,3,0,False,True,0.4
PMID 28076709 a_Summary_SoE.pdf,NCT01578239,confident,2,2,False,False,21.0,14.0,7.0,21.0,14.0,7.0,False,1,1,False,False,1.0
PMID 28125763 a_Summary_SoE.pdf,NCT00320710,count_mismatch,2,3,True,True,14.0,14.0,0.0,14.0,,,True,2,0,False,True,0.133
PMID 28126333 a_Summary_SoE.pdf,NCT01828099,confident,2,2,False,False,20.0,20.0,0.0,20.0,20.0,0.0,False,1,1,False,False,0.5
PMID 28135150 a_Summary_SoE.pdf,NCT00003641,confident,2,2,False,False,25.0,5.0,20.0,25.0,5.0,20.0,False,1,1,False,False,0.5
PMID 28139405 CT_Summary_SoE.pdf,NCT01569295,confident,2,2,False,False,23.0,23.0,0.0,23.0,23.0,0.0,False,1,1,False,False,0.733
PMID 28140392 a_Summary_SoE.pdf,NCT00910910,confident,2,2,False,False,14.0,27.0,-13.0,14.0,27.0,-13.0,False,1,1,False,False,0.75
PMID 28146658 a_Summary_SoE.pdf,NCT00002874,confident,2,2,False,False,40.0,40.0,0.0,40.0,40.0,0.0,False,1,1,False,False,0.5
PMID 28212060 a_Summary_SoE.pdf,NCT02256436,confident,2,2,False,False,18.0,22.0,-4.0,18.0,22.0,-4.0,False,1,1,False,False,0.818
PMID 28249141 a_Summary_SoE.pdf,NCT02013167,confident,2,2,False,False,42.0,34.0,8.0,42.0,34.0,8.0,False,1,1,False,False,0.7
PMID 28257752 CT_Summary_SoE.pdf,NCT01659021,confident,2,2,False,False,16.0,16.0,0.0,16.0,16.0,0.0,False,1,1,False,False,0.7
PMID 28296618 a_Summary_SoE.pdf,NCT00482677,confident,2,2,False,True,41.0,21.0,20.0,,21.0,,True,0,2,True,False,0.5
PMID 28380315 a_Summary_SoE.pdf,NCT01339910,confident,2,2,False,False,22.0,23.0,-1.0,22.0,23.0,-1.0,False,1,1,False,False,0.5
PMID 28384065 a_Summary_SoE.pdf,NCT00569127,confident,2,2,False,True,18.0,18.0,0.0,18.0,,,True,2,0,False,True,0.5
PMID 28438473 a_Summary_SoE.pdf,NCT00565851,count_mismatch,5,4,True,True,34.0,29.0,5.0,31.0,29.0,2.0,True,3,2,False,False,0.0
PMID 28492898 CT_Summary_SoE.pdf,NCT01933932,confident,2,2,False,True,26.0,26.0,0.0,26.0,,,True,2,0,False,True,0.6
PMID 28501140 CT_Summary_SoE.pdf,NCT02075840,confident,2,2,False,False,8.0,8.0,0.0,8.0,8.0,0.0,False,1,1,False,False,1.0
PMID 28578601 a_Summary_SoE.pdf,NCT02000622,confident,2,2,False,False,20.0,37.0,-17.0,20.0,37.0,-17.0,False,1,1,False,False,0.7
PMID 28578607 a_Summary_SoE.pdf,NCT01715285,confident,2,2,False,False,17.0,17.0,0.0,17.0,17.0,0.0,False,1,1,False,False,0.5
PMID 28580882 a_Summary_SoE.pdf,NCT02107703,confident,2,2,False,False,15.0,15.0,0.0,15.0,15.0,0.0,False,1,1,False,False,1.0
PMID 28581356 a_Summary_SoE.pdf,NCT01358877,confident,2,2,False,False,18.0,18.0,0.0,18.0,18.0,0.0,False,1,1,False,False,0.5
PMID 28600132 CT_Summary_SoE.pdf,NCT01578499,confident,2,2,False,False,21.0,17.0,4.0,21.0,17.0,4.0,False,1,1,False,False,0.667
PMID 28632865 a_Summary_SoE.pdf,NCT00265850,count_mismatch,2,3,True,False,53.0,27.0,26.0,53.0,27.0,26.0,False,1,1,False,False,0.8
PMID 28636851 a_Summary_SoE.pdf,NCT02041533,confident,2,2,False,False,27.0,21.0,6.0,27.0,21.0,6.0,False,1,1,False,False,0.5
PMID 28644114 a_Summary_SoE.pdf,NCT00651261,confident,2,2,False,False,66.0,66.0,0.0,66.0,66.0,0.0,False,1,1,False,False,0.5
PMID 28687830 a_Summary_SoE.pdf,NCT00655876,confident,2,2,False,False,32.0,32.0,0.0,32.0,32.0,0.0,False,1,1,False,False,0.875
PMID 28746153 CT_Summary_SoE.pdf,NCT01438476,confident,2,2,False,True,8.0,8.0,0.0,8.0,,,True,2,0,False,True,0.5
PMID 28753384 a_Summary_SoE.pdf,NCT01308567,confident,3,3,False,False,24.0,24.0,0.0,24.0,24.0,0.0,False,2,1,False,False,0.75
PMID 28754483 CT_Summary_SoE.pdf,NCT01874353,confident,2,2,False,False,0.0,0.0,0.0,0.0,0.0,0.0,False,1,1,False,False,0.5
PMID 28796588 a_Summary_SoE.pdf,NCT01287741,confident,2,2,False,False,14.0,12.0,2.0,14.0,12.0,2.0,False,1,1,False,False,0.5
PMID 28809610 a_Summary_SoE.pdf,NCT01308580,count_mismatch,3,2,True,False,20.0,20.0,0.0,20.0,20.0,0.0,False,2,1,False,False,0.0
PMID 28854067 a_Summary_SoE.pdf,NCT01285609,confident,2,2,False,False,10.0,10.0,0.0,10.0,10.0,0.0,False,1,1,False,False,1.0
PMID 28885881 a_Summary_SoE.pdf,NCT02125461,confident,2,2,False,False,26.0,26.0,0.0,26.0,26.0,0.0,False,1,1,False,False,0.5
PMID 28891408 a_Summary_SoE.pdf,NCT01682083,confident,2,2,False,False,13.0,13.0,0.0,13.0,13.0,0.0,False,1,1,False,False,0.5
PMID 28891423 a_Summary_SoE.pdf,NCT02388906,count_mismatch,3,2,True,True,31.0,31.0,0.0,31.0,,,True,3,0,False,True,0.0
PMID 28902533 a_Summary_SoE.pdf,NCT01235962,confident,2,2,False,False,14.0,14.0,0.0,14.0,14.0,0.0,False,1,1,False,False,0.833
PMID 28916367 a_Summary_SoE.pdf,NCT01968213,confident,2,2,False,False,14.0,14.0,0.0,14.0,14.0,0.0,False,1,1,False,False,1.0
PMID 28916371 a_Summary_SoE.pdf,NCT02426125,confident,2,2,False,False,18.0,18.0,0.0,18.0,18.0,0.0,False,1,1,False,False,1.0
PMID 28935843 a_Summary_SoE.pdf,NCT01649856,confident,2,2,False,True,10.0,10.0,0.0,10.0,10.0,0.0,False,1,1,False,False,0.667
PMID 28958469a_Summary_SoE.pdf,NCT00774345,confident,2,2,False,False,22.0,22.0,0.0,22.0,22.0,0.0,False,1,1,False,False,0.75
PMID 28968163 CT a_Summary_SoE.pdf,NCT02246621,confident,2,2,False,False,20.0,20.0,0.0,20.0,20.0,0.0,False,1,1,False,False,0.5
PMID 28976863 a_Summary_SoE.pdf,NCT01332968,confident,2,2,False,False,16.0,14.0,2.0,16.0,14.0,2.0,False,1,1,False,False,0.5
PMID 29091516 a_Summary_SoE.pdf,NCT02130557,confident,2,2,False,False,14.0,14.0,0.0,14.0,14.0,0.0,False,1,1,False,False,0.7
PMID 29103871 CT_Summary_SoE.pdf,NCT01924533,confident,2,2,False,False,28.0,28.0,0.0,28.0,28.0,0.0,False,1,1,False,False,1.0
PMID 29136387 a_Summary_SoE.pdf,NCT01598298,confident,2,2,False,False,5.0,5.0,0.0,5.0,5.0,0.0,False,1,1,False,False,0.5
PMID 29151359 a_Summary_SoE.pdf,NCT02296125,confident,2,2,False,False,14.0,14.0,0.0,14.0,14.0,0.0,False,1,1,False,False,0.5
PMID 29158011 CT_Summary_SoE.pdf,NCT00553410,count_mismatch,3,2,True,False,2.0,2.0,0.0,2.0,2.0,0.0,False,2,1,False,False,0.0
PMID 29169877 CT_Summary_SoE.pdf,NCT00946712,count_mismatch,5,2,True,True,52.0,12.0,40.0,18.0,12.0,6.0,True,4,1,False,False,0.0
PMID 29224502 a_Summary_SoE.pdf,NCT01712490,confident,2,2,False,False,20.0,16.0,4.0,20.0,16.0,4.0,False,1,1,False,False,0.857
PMID 29231094 a_Summary_SoE.pdf,NCT02073682,confident,2,2,False,False,6.0,6.0,0.0,6.0,6.0,0.0,False,1,1,False,False,0.5
PMID 29238824 a_Summary_SoE.pdf,NCT01067144,count_mismatch,3,2,True,False,3.0,3.0,0.0,3.0,3.0,0.0,False,1,2,False,False,0.0
PMID 29244528 a_Summary_SoE.pdf,NCT01160211,confident,3,3,False,True,13.0,18.0,-5.0,18.0,13.0,5.0,True,1,2,False,False,0.6
PMID 29268948 a_Summary_SoE.pdf,NCT02302807,confident,2,2,False,False,20.0,20.0,0.0,20.0,20.0,0.0,False,1,1,False,False,0.5
PMID 29373094 a_Summary_SoE.pdf,NCT02149524,confident,2,2,False,False,20.0,20.0,0.0,20.0,20.0,0.0,False,1,1,False,False,0.75
PMID 29420164 a_Summary_SoE.pdf,NCT01946204,confident,2,2,False,False,10.0,10.0,0.0,10.0,10.0,0.0,False,1,1,False,False,0.75
PMID 29477665 CT_Summary_SoE.pdf,NCT01667419,count_mismatch,2,4,True,False,17.0,17.0,0.0,17.0,17.0,0.0,False,1,1,False,False,0.8
PMID 29522138 a_Summary_SoE.pdf,NCT02055781,uncertain,3,3,False,False,11.0,11.0,0.0,11.0,11.0,0.0,False,2,1,False,False,0.033
PMID 29528792 a_Summary_SoE.pdf,NCT01974752,confident,2,2,False,False,20.0,20.0,0.0,20.0,20.0,0.0,False,1,1,False,False,0.75
PMID 29543933 a_Summary_SoE.pdf,NCT00033631,confident,2,2,False,False,48.0,43.0,5.0,48.0,43.0,5.0,False,1,1,False,False,0.5
PMID 29562145 a_Summary_SoE.pdf,NCT02231749,confident,2,2,False,False,25.0,9.0,16.0,25.0,9.0,16.0,False,1,1,False,False,0.5
PMID 29562156 a_Summary_SoE.pdf,NCT02005471,count_mismatch,2,4,True,False,22.0,22.0,0.0,22.0,22.0,0.0,False,1,1,False,False,0.8
PMID 29573941 a_Summary_SoE.pdf,NCT01909453,count_mismatch,5,4,True,True,14.0,14.0,0.0,14.0,14.0,0.0,False,4,1,False,False,0.0
PMID 29624463 a_Summary_SoE.pdf,NCT00004124,confident,2,2,False,False,14.0,5.0,9.0,14.0,5.0,9.0,False,1,1,False,False,0.5
PMID 29625879 CT_Summary_SoE.pdf,NCT01755767,count_mismatch,2,4,True,False,34.0,34.0,0.0,34.0,34.0,0.0,False,1,1,False,False,0.0
PMID 29658430 a_Summary_SoE.pdf,NCT02362594,confident,2,2,False,False,18.0,18.0,0.0,18.0,18.0,0.0,False,1,1,False,False,1.0
PMID 29658856 a_Summary_SoE.pdf,NCT02578680,confident,2,2,False,False,18.0,18.0,0.0,18.0,18.0,0.0,False,1,1,False,False,0.5
PMID 29668860 a_Summary_SoE.pdf,NCT02604342,confident,2,2,False,False,0.0,0.0,0.0,0.0,0.0,0.0,False,1,1,False,False,0.5
PMID 29726361 CT_Summary_SoE.pdf,NCT01856543,confident,2,2,False,False,26.0,26.0,0.0,26.0,26.0,0.0,False,1,1,False,False,0.5
PMID 29801011 CT_Summary_SoE.pdf,NCT00445601,confident,2,2,False,False,8.0,8.0,0.0,8.0,8.0,0.0,False,1,1,False,False,0.5
PMID 29804902 CT_Summary_SoE.pdf,NCT02278120,confident,2,2,False,False,16.0,16.0,0.0,16.0,16.0,0.0,False,1,1,False,False,0.5
PMID 29856685 a_Summary_SoE.pdf,NCT02165397,count_mismatch,2,3,True,True,16.0,16.0,0.0,16.0,,,True,2,0,False,True,0.657
PMID 29860922 CT_Summary_SoE.pdf,NCT02422615,confident,2,2,False,False,16.0,16.0,0.0,16.0,16.0,0.0,False,1,1,False,False,1.0
PMID 29863955 a_Summary_SoE.pdf,NCT02366143,confident,3,3,False,False,18.0,18.0,0.0,18.0,18.0,0.0,False,2,1,False,False,0.692
PMID 29866475 CT_Summary_SoE.pdf,NCT02412878,confident,2,2,False,True,40.0,79.0,-39.0,40.0,,,True,2,0,False,True,1.0
PMID 29880231 a_Summary_SoE.pdf,NCT02370498,confident,2,2,False,False,18.0,40.0,-22.0,18.0,40.0,-22.0,False,1,1,False,False,1.0
PMID 29949494 a_Summary_SoE.pdf,NCT02003924,confident,2,2,False,False,5.0,5.0,0.0,5.0,5.0,0.0,False,1,1,False,False,1.0
PMID 29972759 a_Summary_SoE.pdf,NCT01908426,confident,2,2,False,False,16.0,16.0,0.0,16.0,16.0,0.0,False,1,1,False,False,0.6
PMID 29989857 a_Summary_SoE.pdf,NCT01672892,confident,2,2,False,True,33.0,33.0,0.0,33.0,33.0,0.0,False,1,1,False,False,0.5
PMID 30010751 a_Summary_SoE.pdf,NCT02149108,confident,2,2,False,False,19.0,19.0,0.0,19.0,19.0,0.0,False,1,1,False,False,0.5
PMID 30024784 a_Summary_SoE.pdf,NCT01696084,confident,2,2,False,False,37.0,46.0,-9.0,37.0,46.0,-9.0,False,1,1,False,False,0.5
PMID 30040523 a_Summary_SoE.pdf,NCT00433511,uncertain,3,3,False,False,19.0,19.0,0.0,19.0,19.0,0.0,False,2,1,False,False,0.3
PMID 30052729 CT_Summary_SoE.pdf,NCT02625623,count_mismatch,4,2,True,True,27.0,18.0,9.0,27.0,18.0,9.0,False,1,3,False,False,0.0
PMID 30072745 a_Summary_SoE.pdf,NCT00770874,confident,2,2,False,True,36.0,36.0,0.0,36.0,36.0,0.0,False,1,1,False,False,0.6
PMID 30100375 CT_Summary_SoE.pdf,NCT01728805,confident,2,2,False,False,42.0,42.0,0.0,42.0,42.0,0.0,False,1,1,False,False,0.5
PMID 30105668 a_Summary_SoE.pdf,NCT02101021,confident,2,2,False,True,42.0,42.0,0.0,42.0,42.0,0.0,False,1,1,False,False,0.5
PMID 30110579 a_Summary_SoE.pdf,NCT01945775,confident,2,2,False,False,38.0,40.0,-2.0,38.0,40.0,-2.0,False,1,1,False,False,0.7
PMID 30177994 a_Summary_SoE.pdf,NCT01351415,confident,2,2,False,False,18.0,18.0,0.0,18.0,18.0,0.0,False,1,1,False,False,0.5
PMID 30262187 CT _Summary_SoE.pdf,NCT02395172,confident,2,2,False,False,27.0,18.0,9.0,27.0,18.0,9.0,False,1,1,False,False,1.0
PMID 30280635 a_Summary_SoE.pdf,NCT02775435,confident,2,2,False,False,26.0,26.0,0.0,26.0,26.0,0.0,False,1,1,False,False,0.667
PMID 30280641 a_Summary_SoE.pdf,NCT02763579,confident,2,2,False,False,26.0,26.0,0.0,26.0,26.0,0.0,False,1,1,False,False,0.692
PMID 30280657 a_Summary_SoE.pdf,NCT02737501,count_mismatch,2,3,True,False,23.0,23.0,0.0,23.0,23.0,0.0,False,1,1,False,False,0.3
PMID 30287523 CT_Summary_SoE.pdf,NCT02004522,confident,2,2,False,False,12.0,15.0,-3.0,12.0,15.0,-3.0,False,1,1,False,False,0.7
PMID 30345884 a_Summary_SoE.pdf,NCT01844986,confident,2,2,False,False,17.0,17.0,0.0,17.0,17.0,0.0,False,1,1,False,False,0.5
PMID 30345906 a_Summary_SoE.pdf,NCT02425891,confident,2,2,False,False,40.0,40.0,0.0,40.0,40.0,0.0,False,1,1,False,False,0.583
PMID 30346481 CT_Summary_SoE.pdf,NCT01599754,confident,2,2,False,False,10.0,10.0,0.0,10.0,10.0,0.0,False,1,1,False,False,1.0
PMID 30355453 CT_Summary_SoE.pdf,NCT02500043,confident,2,2,False,True,15.0,15.0,0.0,15.0,,,True,2,0,False,True,0.5
PMID 30389036 CT_Summary_SoE.pdf,NCT02260804,confident,2,2,False,False,10.0,10.0,0.0,10.0,10.0,0.0,False,1,1,False,False,0.5
PMID 30415629 a_Summary_SoE.pdf,NCT01169259,uncertain,4,4,False,True,0.0,0.0,0.0,,0.0,,True,0,4,True,False,0.033
PMID 30449625 CT_Summary_SoE.pdf,NCT01302834,confident,2,2,False,True,36.0,34.0,2.0,,34.0,,True,0,2,True,False,0.8
PMID 30501481 a_Summary_SoE.pdf,NCT01886872,uncertain,3,3,False,False,8.0,15.0,-7.0,8.0,15.0,-7.0,False,2,1,False,False,0.176
PMID 30509740 a_Summary_SoE.pdf,NCT02252042,confident,2,2,False,False,18.0,53.0,-35.0,18.0,53.0,-35.0,False,1,1,False,False,0.75
PMID 30516102 a_Summary_SoE.pdf,NCT01772472,confident,2,2,False,False,20.0,20.0,0.0,20.0,20.0,0.0,False,1,1,False,False,1.0
PMID 30522922 CT_Summary_SoE.pdf,NCT01777152,confident,2,2,False,False,15.0,15.0,0.0,15.0,15.0,0.0,False,1,1,False,False,0.5
PMID 30522969 CT_Summary_SoE.pdf,NCT02264574,confident,2,2,False,True,17.0,16.0,1.0,16.0,,,True,2,0,False,True,0.857
PMID 30545780 CT_Summary_SoE.pdf,NCT02181413,confident,2,2,False,False,17.0,17.0,0.0,17.0,17.0,0.0,False,1,1,False,False,0.75
PMID 30575484 a_Summary_SoE.pdf,NCT02066181,confident,2,2,False,False,15.0,15.0,0.0,15.0,15.0,0.0,False,1,1,False,False,0.5
PMID 30653422 a_Summary_SoE.pdf,NCT01109004,uncertain,3,3,False,True,42.0,34.0,8.0,,34.0,,True,0,3,True,False,0.312
PMID 30659987 CT_Summary_SoE.pdf,NCT02613507,confident,2,2,False,False,27.0,18.0,9.0,27.0,18.0,9.0,False,1,1,False,False,1.0
PMID 30665869 CT_Summary_SoE.pdf,NCT02435433,count_mismatch,2,5,True,False,29.0,29.0,0.0,29.0,29.0,0.0,False,1,1,False,False,0.255
PMID 30707661 a_Summary_SoE.pdf,NCT01482962,confident,2,2,False,False,54.0,46.0,8.0,54.0,46.0,8.0,False,1,1,False,False,0.5
PMID 30763142 a_Summary_SoE.pdf,NCT02200614,confident,2,2,False,False,6.0,6.0,0.0,6.0,6.0,0.0,False,1,1,False,False,0.6
PMID 30763730 CT_Summary_SoE.pdf,NCT02454933,confident,2,2,False,True,27.0,14.0,13.0,14.0,,,True,2,0,False,True,0.7
PMID 30777794 a_Summary_SoE.pdf,NCT01539083,count_mismatch,2,3,True,True,53.0,26.0,27.0,26.0,,,True,2,0,False,True,0.55
PMID 30779529 a_Summary_SoE.pdf,NCT02853331,confident,2,2,False,False,19.0,14.0,5.0,19.0,14.0,5.0,False,1,1,False,False,0.857
PMID 30786186 a_Summary_SoE.pdf,NCT02555878,confident,2,2,False,True,4.0,4.0,0.0,4.0,,,True,2,0,False,True,0.7
PMID 30811280 a_Summary_SoE.pdf,NCT02714218,count_mismatch,2,3,True,True,20.0,20.0,0.0,20.0,,,True,2,0,False,True,0.657
PMID 30817251 CT_Summary_SoE.pdf,NCT01322490,uncertain,3,3,False,False,9.0,9.0,0.0,9.0,9.0,0.0,False,2,1,False,False,0.367
PMID 30819926 a_Summary_SoE.pdf,NCT01818752,confident,2,2,False,False,36.0,26.0,10.0,36.0,26.0,10.0,False,1,1,False,False,0.5
PMID 30897038 a_Summary_SoE.pdf,NCT01938001,confident,2,2,False,False,19.0,19.0,0.0,19.0,19.0,0.0,False,1,1,False,False,0.857
PMID 30901302 a_Summary_SoE.pdf,NCT01855750,confident,2,2,False,False,27.0,27.0,0.0,27.0,27.0,0.0,False,1,1,False,False,0.5
PMID 30939090 a_Summary_SoE.pdf,NCT00118209,count_mismatch,3,2,True,False,40.0,11.5,28.5,40.0,11.5,28.5,False,2,1,False,False,0.0
PMID 30955977 a_Summary_SoE.pdf,NCT02220894,confident,2,2,False,False,18.0,18.0,0.0,18.0,18.0,0.0,False,1,1,False,False,0.5
PMID 30990550 a_Summary_SoE.pdf,NCT02229539,uncertain,3,3,False,True,2.0,2.0,0.0,2.0,2.0,0.0,False,1,2,False,False,0.111
PMID 30995174 a_Summary_SoE.pdf,NCT00807768,confident,2,2,False,False,16.0,32.0,-16.0,16.0,32.0,-16.0,False,1,1,False,False,0.5
PMID 30995176 CT a_Summary_SoE.pdf,NCT01539291,confident,2,2,False,True,14.0,14.0,0.0,14.0,,,True,2,0,False,True,0.5
PMID 31002578 a_Summary_SoE.pdf,NCT00951496,confident,3,3,False,True,30.0,30.0,0.0,30.0,,,True,3,0,False,True,0.562
PMID 31003911 CT_Summary_SoE.pdf,NCT02788279,uncertain,3,3,False,False,19.0,19.0,0.0,19.0,19.0,0.0,False,2,1,False,False,0.375
PMID 31070709 CT_Summary_SoE.pdf,NCT02588261,confident,2,2,False,False,11.0,11.0,0.0,11.0,11.0,0.0,False,1,1,False,False,0.5
PMID 31079938 CT_Summary_SoE.pdf,NCT02420821,confident,2,2,False,False,18.0,18.0,0.0,18.0,18.0,0.0,False,1,1,False,False,0.6
PMID 31091374 a_Summary_SoE.pdf,NCT02437318,confident,2,2,False,False,17.0,17.0,0.0,17.0,17.0,0.0,False,1,1,False,False,1.0
PMID 31097405 a_Summary_SoE.pdf,NCT01734928,confident,2,2,False,False,52.0,52.0,0.0,52.0,52.0,0.0,False,1,1,False,False,1.0
PMID 31122901 CT_Summary_SoE.pdf,NCT02367781,confident,2,2,False,False,30.0,30.0,0.0,30.0,30.0,0.0,False,1,1,False,False,0.5
PMID 31141632 a_Summary_SoE.pdf,NCT02252172,confident,2,2,False,True,24.0,24.0,0.0,,24.0,,True,0,2,True,False,0.545
PMID 31150574 a_Summary_SoE.pdf,NCT02489318,confident,2,2,False,True,13.0,13.0,0.0,13.0,,,True,2,0,False,True,0.667
PMID 31157963 a_Summary_SoE.pdf,NCT02184195,confident,2,2,False,False,17.0,17.0,0.0,17.0,17.0,0.0,False,1,1,False,False,1.0
PMID 31166681 a_Summary_SoE.pdf,NCT02242942,count_mismatch,2,3,True,True,25.0,27.0,-2.0,25.0,,,True,2,0,False,True,0.8
PMID 31175001 CT_Summary_SoE.pdf,NCT02039726,confident,2,2,False,False,19.0,133.0,-114.0,19.0,133.0,-114.0,False,1,1,False,False,0.5
PMID 31189035 a_Summary_SoE.pdf,NCT00942357,confident,2,2,False,False,33.0,9.0,24.0,33.0,9.0,24.0,False,1,1,False,False,0.6
PMID 31194247 a_Summary_SoE.pdf,NCT01345669,confident,2,2,False,False,16.0,16.0,0.0,16.0,16.0,0.0,False,1,1,False,False,0.75
PMID 31221619 a_Summary_SoE.pdf,NCT02752074,confident,2,2,False,False,18.0,18.0,0.0,18.0,18.0,0.0,False,1,1,False,False,1.0
PMID 31240472 CT_Summary_SoE.pdf,NCT01102426,confident,2,2,False,False,53.0,53.0,0.0,53.0,53.0,0.0,False,1,1,False,False,1.0
PMID 31246522 CT_Summary_SoE.pdf,NCT00703820,confident,2,2,False,True,29.0,30.0,-1.0,,29.0,,True,0,2,True,False,0.5
PMID 31248843 CT_Summary_SoE.pdf,NCT01231412,count_mismatch,2,3,True,False,53.0,53.0,0.0,53.0,53.0,0.0,False,1,1,False,False,0.0
PMID 31327687 CT_Summary_SoE.pdf,NCT02576977,confident,2,2,False,False,27.0,14.0,13.0,27.0,14.0,13.0,False,1,1,False,False,1.0
PMID 31327689 a_Summary_SoE.pdf,NCT02579863,confident,2,2,False,False,27.0,14.0,13.0,27.0,14.0,13.0,False,1,1,False,False,1.0
PMID 31329516 a_Summary_SoE.pdf,NCT02677896,count_mismatch,2,3,True,False,6.0,6.0,0.0,6.0,6.0,0.0,False,1,1,False,False,0.467
PMID 31338773 CT_Summary_SoE.pdf,NCT02364999,confident,2,2,False,False,18.0,18.0,0.0,18.0,18.0,0.0,False,1,1,False,False,1.0
PMID 31345387 CT_Summary_SoE.pdf,NCT01706939,count_mismatch,3,2,True,False,43.0,48.0,-5.0,43.0,48.0,-5.0,False,1,2,False,False,0.0
PMID 31361535 a_Summary_SoE.pdf,NCT01107626,uncertain,3,3,False,True,19.0,19.0,0.0,19.0,,,True,3,0,False,True,0.235
PMID 31365801 a_Summary_SoE.pdf,NCT02048813,confident,2,2,False,False,10.0,21.0,-11.0,10.0,21.0,-11.0,False,1,1,False,False,0.462
PMID 31371228 CT_Summary_SoE.pdf,NCT02231086,confident,2,2,False,False,13.0,12.0,1.0,13.0,12.0,1.0,False,1,1,False,False,0.5
PMID 31399378 CT_Summary_SoE.pdf,NCT01254630,count_mismatch,2,4,True,False,5.0,5.0,0.0,5.0,5.0,0.0,False,1,1,False,False,0.0
PMID 31454045 a_Summary_SoE.pdf,NCT00567567,confident,2,2,False,True,93.0,,,110.0,93.0,17.0,True,1,1,False,False,0.5
PMID 31486832 a_Summary_SoE.pdf,NCT01015833,confident,2,2,False,True,18.0,18.0,0.0,18.0,,,True,2,0,False,True,0.5
PMID 31562799 a_Summary_SoE.pdf,NCT02655016,confident,2,2,False,False,17.0,17.0,0.0,17.0,17.0,0.0,False,1,1,False,False,0.6
PMID 31566309 a_Summary_SoE.pdf,NCT02928224,confident,3,3,False,False,53.0,53.0,0.0,53.0,53.0,0.0,False,2,1,False,False,0.5
PMID 31582355 a_Summary_SoE.pdf,NCT02569242,count_mismatch,3,2,True,False,28.0,19.0,9.0,28.0,19.0,9.0,False,1,2,False,False,0.0
PMID 31590988 a_Summary_SoE.pdf,NCT03043872,uncertain,3,3,False,False,15.0,9.0,6.0,15.0,9.0,6.0,False,2,1,False,False,0.0
PMID 31591063 CT a_Summary_SoE.pdf,NCT02411448,count_mismatch,2,3,True,False,27.0,27.0,0.0,27.0,27.0,0.0,False,1,1,False,False,0.8
PMID 31618129 a_Summary_SoE.pdf,NCT00588770,count_mismatch,2,8,True,False,18.0,10.0,8.0,18.0,10.0,8.0,False,1,1,False,False,0.0
PMID 31629060 a_Summary_SoE.pdf,NCT00858364,confident,2,2,False,False,18.0,18.0,0.0,18.0,18.0,0.0,False,1,1,False,False,0.7
PMID 31645288 CT_Summary_SoE.pdf,NCT00418457,confident,2,2,False,True,3.0,3.0,0.0,,3.0,,True,0,2,True,False,0.5
PMID 31647503 a_Summary_SoE.pdf,NCT02586025,confident,2,2,False,True,22.0,22.0,0.0,22.0,,,True,2,0,False,True,0.75
PMID 31665578 a_Summary_SoE.pdf,NCT02421939,confident,2,2,False,False,19.0,133.0,-114.0,19.0,133.0,-114.0,False,1,1,False,False,0.5
PMID 31679945 a_Summary_SoE.pdf,NCT02358031,uncertain,3,3,False,False,18.0,53.0,-35.0,18.0,53.0,-35.0,False,2,1,False,False,0.375
PMID 31688884 a_Summary_SoE.pdf,NCT01307579,confident,2,2,False,False,106.0,36.0,70.0,106.0,36.0,70.0,False,1,1,False,False,0.5
PMID 31693129 CT_Summary_SoE.pdf,NCT00127205,count_mismatch,4,3,True,False,8.0,8.0,0.0,8.0,8.0,0.0,False,3,1,False,False,0.0
PMID 31725692 CT_Summary_SoE.pdf,NCT03131713,confident,2,2,False,False,2.0,2.0,0.0,2.0,2.0,0.0,False,1,1,False,False,0.5
PMID 31735560 CT_Summary_SoE.pdf,NCT02990338,confident,2,2,False,False,29.0,29.0,0.0,29.0,29.0,0.0,False,1,1,False,False,1.0
PMID 31800611 a_Summary_SoE.pdf,NCT01806259,confident,2,2,False,False,3.0,3.0,0.0,3.0,3.0,0.0,False,1,1,False,False,0.5
PMID 31806543 CT_Summary_SoE.pdf,NCT01077154,confident,2,2,False,False,9.0,9.0,0.0,9.0,9.0,0.0,False,1,1,False,False,0.833
PMID 31810797 CT_Summary_SoE.pdf,NCT02627963,confident,2,2,False,False,15.0,15.0,0.0,15.0,15.0,0.0,False,1,1,False,False,1.0
PMID 31820339 CT_Summary_SoE.pdf,NCT02213263,confident,2,2,False,True,9.0,9.0,0.0,9.0,9.0,0.0,False,1,1,False,False,0.5
PMID 31821109 a_Summary_SoE.pdf,NCT01275677,confident,2,2,False,False,28.0,18.0,10.0,28.0,18.0,10.0,False,1,1,False,False,0.5
PMID 31924332 CT_Summary_SoE.pdf,NCT01846611,confident,2,2,False,False,54.0,53.0,1.0,54.0,53.0,1.0,False,1,1,False,False,0.571
PMID 31935026 a_Summary_SoE.pdf,NCT01238172,confident,2,2,False,True,4.0,4.0,0.0,4.0,,,True,2,0,False,True,0.5
PMID 32010577 a_Summary_SoE.pdf,NCT02954172,confident,2,2,False,True,18.0,18.0,0.0,18.0,18.0,0.0,False,1,1,False,False,0.875
PMID 32031887 CT_Summary_SoE.pdf,NCT02349412,confident,2,2,False,True,14.0,3.0,11.0,3.0,,,True,2,0,False,True,0.5
PMID 32058845 a_Summary_SoE.pdf,NCT02360215,confident,2,2,False,True,14.0,14.0,0.0,14.0,,,True,2,0,False,True,0.5
PMID 32073956 a_Summary_SoE.pdf,NCT02282020,confident,2,2,False,False,17.0,53.0,-36.0,17.0,53.0,-36.0,False,1,1,False,False,0.5
PMID 32145827 a_Summary_SoE.pdf,NCT01435018,count_mismatch,4,3,True,True,14.0,14.0,0.0,14.0,14.0,0.0,False,3,1,False,False,0.0
PMID 32201234 a_Summary_SoE.pdf,NCT02352948,count_mismatch,4,6,True,True,11.0,52.0,-41.0,11.0,,,True,4,0,False,True,0.0
PMID 32213342 a_Summary_SoE.pdf,NCT03277105,confident,2,2,False,True,26.0,24.0,2.0,24.0,26.0,-2.0,True,1,1,False,False,0.7
PMID 32259228 a_Summary_SoE.pdf,NCT02451943,confident,2,2,False,False,36.0,36.0,0.0,36.0,36.0,0.0,False,1,1,False,False,1.0
PMID 32271377 a_Summary_SoE.pdf,NCT02453282,uncertain,3,3,False,False,17.0,18.0,-1.0,17.0,18.0,-1.0,False,2,1,False,False,0.0
PMID 32294530 CT_Summary_SoE.pdf,NCT02369874,uncertain,3,3,False,False,27.0,53.0,-26.0,27.0,53.0,-26.0,False,2,1,False,False,0.0
PMID 32302702 CT_Summary_SoE.pdf,NCT02367794,confident,3,3,False,False,18.0,20.0,-2.0,18.0,20.0,-2.0,False,2,1,False,False,0.562
PMID 32305093 a_Summary_SoE.pdf,NCT02475681,confident,3,3,False,False,0.0,0.0,0.0,0.0,0.0,0.0,False,2,1,False,False,0.857
PMID 32343890 a_Summary_SoE.pdf,NCT02987543,confident,2,2,False,False,10.0,10.0,0.0,10.0,10.0,0.0,False,1,1,False,False,0.667
PMID 32372176 CT_Summary_SoE.pdf,NCT01573442,count_mismatch,4,2,True,False,3.0,3.0,0.0,3.0,3.0,0.0,False,2,2,False,False,0.0
PMID 32379269 a_Summary_SoE.pdf,NCT03137121,confident,2,2,False,False,2.0,2.0,0.0,2.0,2.0,0.0,False,1,1,False,False,0.7
PMID 32402160 a_Summary_SoE.pdf,NCT03434379,confident,2,2,False,False,18.0,18.0,0.0,18.0,18.0,0.0,False,1,1,False,False,1.0
PMID 32416072 CT a_Summary_SoE.pdf,NCT02989857,count_mismatch,2,3,True,True,20.0,20.0,0.0,,20.0,,True,0,2,True,False,0.0
PMID 32416073 CT_Summary_SoE.pdf,NCT03099382,count_mismatch,3,2,True,True,27.0,18.0,9.0,18.0,27.0,-9.0,True,2,1,False,False,0.0
PMID 32416780 a_Summary_SoE.pdf,NCT02807636,confident,3,3,False,False,18.0,38.0,-20.0,18.0,38.0,-20.0,False,2,1,False,False,0.462
PMID 32437507 a_Summary_SoE.pdf,NCT02017717,confident,3,3,False,False,25.0,27.0,-2.0,25.0,27.0,-2.0,False,2,1,False,False,0.75
PMID 32459600 a_Summary_SoE.pdf,NCT02970318,count_mismatch,3,2,True,False,16.0,16.0,0.0,16.0,16.0,0.0,False,1,2,False,False,0.0
PMID 32460997 CT_Summary_SoE.pdf,NCT01535053,count_mismatch,3,2,True,True,45.0,19.0,26.0,19.0,71.0,-52.0,True,2,1,False,False,0.0
PMID 32469183 a_Summary_SoE.pdf,NCT03085095,confident,2,2,False,False,17.0,17.0,0.0,17.0,17.0,0.0,False,1,1,False,False,0.7
PMID 32469384 a_Summary_SoE.pdf,NCT03091192,confident,2,2,False,False,19.0,19.0,0.0,19.0,19.0,0.0,False,1,1,False,False,1.0
PMID 32496902 a_Summary_SoE.pdf,NCT02883049,count_mismatch,6,8,True,True,76.0,76.0,0.0,76.0,76.0,0.0,False,5,1,False,False,0.0
PMID 32534646 CT_Summary_SoE.pdf,NCT02908672,confident,2,2,False,True,32.0,32.0,0.0,32.0,,,True,2,0,False,True,0.643
PMID 32564260 CT_Summary_SoE.pdf,NCT02896855,confident,2,2,False,False,18.0,18.0,0.0,18.0,18.0,0.0,False,1,1,False,False,1.0
PMID 32678716 CT_Summary_SoE.pdf,NCT01808573,confident,2,2,False,False,20.0,20.0,0.0,20.0,20.0,0.0,False,1,1,False,False,1.0
PMID 32682457 a_Summary_SoE.pdf,NCT02322593,confident,2,2,False,False,27.0,36.0,-9.0,27.0,36.0,-9.0,False,1,1,False,False,1.0
PMID 32682484 a_Summary_SoE.pdf,NCT03158688,confident,2,2,False,False,81.0,79.0,2.0,81.0,79.0,2.0,False,1,1,False,False,1.0
PMID 32706639 a_Summary_SoE.pdf,NCT00430183,confident,2,2,False,False,11.0,6.0,5.0,11.0,6.0,5.0,False,1,1,False,False,0.5
PMID 32786187 a_Summary_SoE.pdf,NCT02993523,count_mismatch,2,3,True,True,100.0,100.0,0.0,,100.0,,True,0,2,True,False,0.657
PMID 32813610 a_Summary_SoE.pdf,NCT00408005,count_mismatch,4,17,True,True,52.0,51.0,1.0,51.0,52.0,-1.0,True,1,3,False,False,0.0
PMID 32822286 a_Summary_SoE.pdf,NCT01849874,count_mismatch,4,2,True,False,16.0,19.0,-3.0,16.0,19.0,-3.0,False,1,3,False,False,0.0
PMID 32861273 CT_Summary_SoE.pdf,NCT02163694,confident,2,2,False,False,53.0,53.0,0.0,53.0,53.0,0.0,False,1,1,False,False,0.786
PMID 32880601a_Summary_SoE.pdf,NCT02494583,uncertain,3,3,False,False,18.0,36.0,-18.0,18.0,36.0,-18.0,False,2,1,False,False,0.267
PMID 32945632 a_Summary_SoE.pdf,NCT02603432,confident,2,2,False,True,27.0,14.0,13.0,14.0,,,True,2,0,False,True,0.5
PMID 32954927a_Summary_SoE.pdf,NCT03155997,confident,2,2,False,False,11.0,11.0,0.0,11.0,11.0,0.0,False,1,1,False,False,0.5
PMID 32971005 CT_Summary_SoE.pdf,NCT02516241,count_mismatch,4,3,True,False,13.0,23.0,-10.0,13.0,23.0,-10.0,False,2,2,False,False,0.0
PMID 32997907 a_Summary_SoE.pdf,NCT02409342,count_mismatch,3,2,True,False,18.0,18.0,0.0,18.0,18.0,0.0,False,1,2,False,False,0.0
PMID 33010094 CT_Summary_SoE.pdf,NCT01509612,count_mismatch,4,3,True,True,6.0,5.0,1.0,6.0,5.0,1.0,False,1,3,False,False,0.0
PMID 33021870 a_Summary_SoE.pdf,NCT02312258,confident,2,2,False,False,18.0,18.0,0.0,18.0,18.0,0.0,False,1,1,False,False,1.0
PMID 33026938 CT_Summary_SoE.pdf,NCT02564263,count_mismatch,4,2,True,False,18.0,18.0,0.0,18.0,18.0,0.0,False,1,3,False,False,0.0
PMID 33044684 CT_Summary_SoE.pdf,NCT02747043,confident,2,2,False,False,7.0,7.0,0.0,7.0,7.0,0.0,False,1,1,False,False,0.7
PMID 33078978 a_Summary_SoE.pdf,NCT00063999,count_mismatch,3,2,True,True,31.0,24.0,7.0,24.0,31.0,-7.0,True,2,1,False,False,0.0
PMID 33129376 a_Summary_SoE.pdf,NCT02755597,confident,2,2,False,False,56.0,56.0,0.0,56.0,56.0,0.0,False,1,1,False,False,0.5
PMID 33186740 a_Summary_SoE.pdf,NCT02340221,confident,2,2,False,False,0.0,0.0,0.0,0.0,0.0,0.0,False,1,1,False,False,1.0
PMID 33189178 a_Summary_SoE.pdf,NCT03110562,count_mismatch,2,4,True,True,47.0,59.0,-12.0,47.0,,,True,2,0,False,True,0.657
PMID 33194700 CT a_Summary_SoE.pdf,NCT02152631,confident,2,2,False,False,14.0,14.0,0.0,14.0,14.0,0.0,False,1,1,False,False,0.5
PMID 33197226 a_Summary_SoE.pdf,NCT02625610,count_mismatch,3,2,True,True,27.0,20.0,7.0,27.0,20.0,7.0,False,2,1,False,False,0.0
PMID 33207094 a_Summary_SoE.pdf,NCT03052608,confident,2,2,False,False,16.0,16.0,0.0,16.0,16.0,0.0,False,1,1,False,False,1.0
PMID 33231285 a_Summary_SoE.pdf,NCT03850444,confident,2,2,False,False,18.0,18.0,0.0,18.0,18.0,0.0,False,1,1,False,False,0.5
PMID 33278935 a_Summary_SoE.pdf,NCT02819518,count_mismatch,2,5,True,False,42.0,42.0,0.0,42.0,42.0,0.0,False,1,1,False,False,0.1
PMID 33357420 CT_Summary_SoE.pdf,NCT03493854,confident,2,2,False,False,28.0,28.0,0.0,28.0,28.0,0.0,False,1,1,False,False,0.5
PMID 33369355 a_Summary_SoE.pdf,NCT01757535,confident,2,2,False,False,31.0,31.0,0.0,31.0,31.0,0.0,False,1,1,False,False,0.75
PMID 33476593 a_Summary_SoE.pdf,NCT03215706,confident,2,2,False,False,18.0,18.0,0.0,18.0,18.0,0.0,False,1,1,False,False,0.5
PMID 33480963 a_Summary_SoE.pdf,NCT02492711,count_mismatch,2,3,True,False,36.0,36.0,0.0,36.0,36.0,0.0,False,1,1,False,False,0.371
PMID 33485464 a_Summary_SoE.pdf,NCT02899299,confident,2,2,False,False,27.0,15.0,12.0,27.0,15.0,12.0,False,1,1,False,False,1.0
PMID 33513313 a_Summary_SoE.pdf,NCT03302234,confident,2,2,False,False,21.0,21.0,0.0,21.0,21.0,0.0,False,1,1,False,False,1.0
PMID 33539945 CT_Summary_SoE.pdf,NCT02436668,confident,2,2,False,True,40.0,40.0,0.0,,40.0,,True,0,2,True,False,0.909
PMID 33555926 a_Summary_SoE.pdf,NCT02923921,confident,2,2,False,False,24.0,17.0,7.0,24.0,17.0,7.0,False,1,1,False,False,0.5
PMID 33577358 a_Summary_SoE.pdf,NCT02545504,confident,2,2,False,False,29.0,29.0,0.0,29.0,29.0,0.0,False,1,1,False,False,0.5
PMID 33577729 a_Summary_SoE.pdf,NCT03474107,count_mismatch,2,3,True,False,40.0,20.0,20.0,40.0,20.0,20.0,False,1,1,False,False,0.618
PMID 33616314 a_Summary_SoE.pdf,NCT02811861,confident,3,3,False,False,26.0,26.0,0.0,26.0,26.0,0.0,False,2,1,False,False,1.0
PMID 33621109 a_Summary_SoE.pdf,NCT02285062,confident,2,2,False,False,18.0,18.0,0.0,18.0,18.0,0.0,False,1,1,False,False,0.5
PMID 33631112 CT_Summary_SoE.pdf,NCT02301156,confident,2,2,False,False,12.0,10.0,2.0,12.0,10.0,2.0,False,1,1,False,False,1.0
PMID 33651090 a_Summary_SoE.pdf,NCT02101853,uncertain,4,4,False,False,41.0,35.0,6.0,41.0,35.0,6.0,False,2,2,False,False,0.0
PMID 33651091 a_Summary_SoE.pdf,NCT02393859,confident,2,2,False,False,14.0,13.0,1.0,14.0,13.0,1.0,False,1,1,False,False,0.5
PMID 33657295 a_Summary_SoE.pdf,NCT03141177,uncertain,3,3,False,False,25.0,18.0,7.0,25.0,18.0,7.0,False,2,1,False,False,0.3
PMID 33667670 CT_Summary_SoE.pdf,NCT02631876,confident,2,2,False,True,41.0,56.0,-15.0,41.0,,,True,2,0,False,True,0.5
PMID 33676601 CT_Summary_SoE.pdf,NCT02555657,count_mismatch,4,2,True,False,18.0,18.0,0.0,18.0,18.0,0.0,False,1,3,False,False,0.0
PMID 33683919 a_Summary_SoE.pdf,NCT02538666,confident,3,3,False,False,29.0,30.0,-1.0,29.0,30.0,-1.0,False,2,1,False,False,0.857
PMID 33721560 CT_Summary_SoE.pdf,NCT02450331,confident,2,2,False,False,18.0,10.0,8.0,18.0,10.0,8.0,False,1,1,False,False,0.7
PMID 33739848 a_Summary_SoE.pdf,NCT00769379,confident,2,2,False,True,28.0,28.0,0.0,28.0,,,True,2,0,False,True,0.5
PMID 33764805 a_Summary_SoE.pdf,NCT01566695,confident,2,2,False,False,30.0,30.0,0.0,30.0,30.0,0.0,False,1,1,False,False,0.571
PMID 33789008 a_Summary_SoE.pdf,NCT02743494,confident,2,2,False,False,18.0,18.0,0.0,18.0,18.0,0.0,False,1,1,False,False,1.0
PMID 33792623a_Summary_SoE.pdf,NCT03594747,confident,3,3,False,False,18.0,14.0,4.0,18.0,14.0,4.0,False,2,1,False,False,1.0
PMID 33793299 a_Summary_SoE.pdf,NCT01864746,confident,2,2,False,False,15.0,15.0,0.0,15.0,15.0,0.0,False,1,1,False,False,0.75
PMID 33794205 CT_Summary_SoE.pdf,NCT02952586,confident,2,2,False,False,57.0,57.0,0.0,57.0,57.0,0.0,False,1,1,False,False,0.6
PMID 33821899a_Summary_SoE.pdf,NCT01150045,count_mismatch,5,4,True,False,10.0,11.0,-1.0,10.0,11.0,-1.0,False,3,2,False,False,0.0
PMID 33848462 CT_Summary_SoE.pdf,NCT02367040,confident,2,2,False,False,42.0,42.0,0.0,42.0,42.0,0.0,False,1,1,False,False,0.667
PMID 33882206 a_Summary_SoE.pdf,NCT02574455,confident,2,2,False,False,36.0,36.0,0.0,36.0,36.0,0.0,False,1,1,False,False,0.5
PMID 33891472 a_Summary_SoE.pdf,NCT03038100,confident,2,2,False,False,18.0,18.0,0.0,18.0,18.0,0.0,False,1,1,False,False,0.824
PMID 33914256 CT_Summary_SoE.pdf,NCT03296163,confident,2,2,False,False,19.0,19.0,0.0,19.0,19.0,0.0,False,1,1,False,False,0.5
PMID 33971141 CT_Summary_SoE.pdf,NCT02329860,confident,2,2,False,False,16.0,16.0,0.0,16.0,16.0,0.0,False,1,1,False,False,0.5
PMID 33989025 a_Summary_SoE.pdf,NCT00942331,confident,2,2,False,False,24.0,24.0,0.0,24.0,24.0,0.0,False,1,1,False,False,0.688
PMID 34048947 a_Summary_SoE.pdf,NCT03629925,confident,2,2,False,False,24.0,24.0,0.0,24.0,24.0,0.0,False,1,1,False,False,0.5
PMID 34051178a_Summary_SoE.pdf,NCT02853305,uncertain,3,3,False,False,18.0,17.0,1.0,18.0,17.0,1.0,False,2,1,False,False,0.091
PMID 34077643 a_Summary_SoE.pdf,NCT02632409,confident,2,2,False,False,27.0,27.0,0.0,27.0,27.0,0.0,False,1,1,False,False,1.0
PMID 34087126 a_Summary_SoE.pdf,NCT03180736,confident,2,2,False,False,24.0,24.0,0.0,24.0,24.0,0.0,False,1,1,False,False,0.857
PMID 34092112 a_Summary_SoE.pdf,NCT02445391,uncertain,3,3,False,True,8.0,4.0,4.0,8.0,4.0,4.0,False,1,2,False,False,0.0
PMID 34102137 a_Summary_SoE.pdf,NCT02872116,uncertain,5,5,False,False,18.0,52.0,-34.0,18.0,52.0,-34.0,False,3,2,False,False,0.1
PMID 34110925 a_Summary_SoE.pdf,NCT00085735,count_mismatch,2,6,True,True,59.0,59.0,0.0,59.0,,,True,2,0,False,True,0.0
PMID 34133211 a_Summary_SoE.pdf,NCT01515748,confident,2,2,False,True,14.0,11.0,3.0,11.0,,,True,2,0,False,True,0.5
PMID 34134469 CT_Summary_SoE.pdf,NCT01461928,confident,2,2,False,True,13.0,13.0,0.0,13.0,,,True,2,0,False,True,0.5
PMID 34143970 CT_Summary_SoE.pdf,NCT02580058,uncertain,3,3,False,False,27.0,27.0,0.0,27.0,27.0,0.0,False,2,1,False,False,0.444
PMID 34161051 a_Summary_SoE.pdf,NCT03511664,confident,2,2,False,False,24.0,24.0,0.0,24.0,24.0,0.0,False,1,1,False,False,0.5
PMID 34170389 CT_Summary_SoE.pdf,NCT00549848,count_mismatch,3,2,True,True,78.0,79.5,-1.5,78.0,78.0,0.0,True,2,1,False,False,0.0
PMID 34197181 a_Summary_SoE.pdf,NCT00116142,confident,2,2,False,False,53.0,48.0,5.0,53.0,48.0,5.0,False,1,1,False,False,0.5
PMID 34219000 a_Summary_SoE.pdf,NCT03125902,confident,2,2,False,True,40.0,40.0,0.0,40.0,40.0,0.0,False,1,1,False,False,0.5
PMID 34237250 a_Summary_SoE.pdf,NCT03690388,confident,2,2,False,False,16.0,16.0,0.0,16.0,16.0,0.0,False,1,1,False,False,1.0
PMID 34246347 CT_Summary_SoE.pdf,NCT03072238,confident,2,2,False,False,19.0,19.0,0.0,19.0,19.0,0.0,False,1,1,False,False,1.0
PMID 34264305 a_Summary_SoE.pdf,NCT02429427,confident,2,2,False,False,3.0,3.0,0.0,3.0,3.0,0.0,False,1,1,False,False,0.7
PMID 34264316 a_Summary_SoE.pdf,NCT02785952,confident,2,2,False,False,27.0,27.0,0.0,27.0,27.0,0.0,False,1,1,False,False,0.5
PMID 34264503 CT_Summary_SoE.pdf,NCT02810457,confident,2,2,False,False,20.0,20.0,0.0,20.0,20.0,0.0,False,1,1,False,False,0.5
PMID 34309665 a_Summary_SoE.pdf,NCT01718873,confident,2,2,False,False,48.0,36.0,12.0,48.0,36.0,12.0,False,1,1,False,False,0.5
PMID 34320285 a_Summary_SoE.pdf,NCT00295620,confident,2,2,False,True,2.0,2.0,0.0,2.0,,,True,2,0,False,True,0.6
PMID 34341578 CT_Summary_SoE.pdf,NCT03581786,confident,2,2,False,False,24.0,24.0,0.0,24.0,24.0,0.0,False,1,1,False,False,0.571
PMID 34343033 a_Summary_SoE.pdf,NCT03465722,confident,2,2,False,False,11.0,11.0,0.0,11.0,11.0,0.0,False,1,1,False,False,0.7
PMID 34357781 a_Summary_SoE.pdf,NCT02115282,confident,2,2,False,False,15.0,15.0,0.0,15.0,15.0,0.0,False,1,1,False,False,0.5
PMID 34363762 CT_Summary_SoE.pdf,NCT02718417,uncertain,3,3,False,False,36.0,24.0,12.0,36.0,24.0,12.0,False,2,1,False,False,0.0
PMID 34383006a_Summary_SoE.pdf,NCT01459497,confident,2,2,False,True,19.0,34.0,-15.0,,19.0,,True,0,2,True,False,0.5
PMID 34407342 a_Summary_SoE.pdf,NCT03142334,confident,2,2,False,False,18.0,18.0,0.0,18.0,18.0,0.0,False,1,1,False,False,1.0
PMID 34407542 a_Summary_SoE.pdf,NCT03106779,confident,2,2,False,False,18.0,18.0,0.0,18.0,18.0,0.0,False,1,1,False,False,0.5
PMID 34418665 CT_Summary_SoE.pdf,NCT02383966,confident,2,2,False,False,77.0,36.0,41.0,77.0,36.0,41.0,False,1,1,False,False,0.6
PMID 34454674 a_Summary_SoE.pdf,NCT03189719,confident,2,2,False,False,36.0,36.0,0.0,36.0,36.0,0.0,False,1,1,False,False,1.0
PMID 34459214 CT_Summary_SoE.pdf,NCT02663908,confident,2,2,False,False,13.0,13.0,0.0,13.0,13.0,0.0,False,1,1,False,False,0.5
PMID 34534429 a_Summary_SoE.pdf,NCT03635567,confident,2,2,False,False,18.0,18.0,0.0,18.0,18.0,0.0,False,1,1,False,False,0.5
PMID 34600602 a_Summary_SoE.pdf,NCT02257736,confident,2,2,False,False,17.0,17.0,0.0,17.0,17.0,0.0,False,1,1,False,False,0.909
PMID 34652968 a_Summary_SoE.pdf,NCT01231906,confident,2,2,False,True,84.0,67.0,17.0,67.0,,,True,2,0,False,True,0.5
PMID 34661177 CT_Summary_SoE.pdf,NCT03875092,confident,2,2,False,False,26.0,26.0,0.0,26.0,26.0,0.0,False,1,1,False,False,0.667
PMID 34808255 CT_Summary_SoE.pdf,NCT03269344,confident,2,2,False,False,36.0,36.0,0.0,36.0,36.0,0.0,False,1,1,False,False,0.7
PMID 34855460 a_Summary_SoE.pdf,NCT02345850,uncertain,3,3,False,False,22.0,24.0,-2.0,22.0,24.0,-2.0,False,2,1,False,False,0.0
PMID 34874182 a_Summary_SoE.pdf,NCT02513394,confident,2,2,False,False,0.0,0.0,0.0,0.0,0.0,0.0,False,1,1,False,False,0.5
PMID 34882169 a_Summary_SoE.pdf,NCT01781468,uncertain,3,3,False,False,2.0,2.0,0.0,2.0,2.0,0.0,False,2,1,False,False,0.2
PMID 34890060 CT_Summary_SoE.pdf,NCT03103321,uncertain,4,4,False,False,2.0,2.0,0.0,2.0,2.0,0.0,False,3,1,False,False,0.0
PMID 34890214 a_Summary_SoE.pdf,NCT01966471,confident,2,2,False,False,18.0,26.0,-8.0,18.0,26.0,-8.0,False,1,1,False,False,0.5
PMID 34891224 a_Summary_SoE.pdf,NCT03391466,confident,2,2,False,False,17.0,37.0,-20.0,17.0,37.0,-20.0,False,1,1,False,False,0.5
PMID 34914339 a_Summary_SoE.pdf,NCT01272037,confident,2,2,False,True,9.0,5.0,4.0,5.0,,,True,2,0,False,True,0.5
PMID 34914889 a_Summary_SoE.pdf,NCT02576509,confident,2,2,False,False,27.0,27.0,0.0,27.0,27.0,0.0,False,1,1,False,False,0.75
PMID 34967844 a_Summary_SoE.pdf,NCT02518191,confident,2,2,False,False,16.0,10.0,6.0,16.0,10.0,6.0,False,1,1,False,False,0.5
PMID 34997889 CT_Summary_SoE.pdf,NCT00500890,confident,2,2,False,False,33.0,,,33.0,,,False,2,0,False,True,0.9
PMID 35007153 a_Summary_SoE.pdf,NCT00954174,confident,2,2,False,True,20.0,32.0,-12.0,20.0,,,True,2,0,False,True,0.6
PMID 35013615 CT_Summary_SoE.pdf,NCT03016312,confident,2,2,False,False,18.0,18.0,0.0,18.0,18.0,0.0,False,1,1,False,False,1.0
PMID 35030011 a_Summary_SoE.pdf,NCT02967692,count_mismatch,2,4,True,False,16.0,16.0,0.0,16.0,16.0,0.0,False,1,1,False,False,0.4
PMID 35032434 a_Summary_SoE.pdf,NCT03151811,confident,2,2,False,False,53.0,53.0,0.0,53.0,53.0,0.0,False,1,1,False,False,1.0
PMID 35038433 CT_Summary_SoE.pdf,NCT01196390,confident,2,2,False,True,43.0,33.0,10.0,33.0,,,True,2,0,False,True,0.5
PMID 35045221 a_Summary_SoE.pdf,NCT03517449,confident,2,2,False,False,23.0,46.0,-23.0,23.0,46.0,-23.0,False,1,1,False,False,0.5
PMID 35108470 a_Summary_SoE.pdf,NCT03143153,confident,3,3,False,False,27.0,66.0,-39.0,27.0,66.0,-39.0,False,2,1,False,False,0.9
PMID 35142815 a_Summary_SoE.pdf,NCT02111577,confident,2,2,False,False,24.0,24.0,0.0,24.0,24.0,0.0,False,1,1,False,False,0.5
PMID 35179323 a_Summary_SoE.pdf,NCT02799602,confident,2,2,False,False,9.0,9.0,0.0,9.0,9.0,0.0,False,1,1,False,False,0.636
PMID 35192411 a_Summary_SoE.pdf,NCT01843062,confident,2,2,False,False,10.0,10.0,0.0,10.0,10.0,0.0,False,1,1,False,False,0.5
PMID 35213496 CT_Summary_SoE.pdf,NCT03196791,confident,2,2,False,True,4.0,4.0,0.0,4.0,,,True,2,0,False,True,0.5
PMID 35240074a_Summary_SoE.pdf,NCT03471078,confident,2,2,False,False,57.0,57.0,0.0,57.0,57.0,0.0,False,1,1,False,False,0.7
PMID 35245446 CT_Summary_SoE.pdf,NCT03829969,confident,2,2,False,False,18.0,18.0,0.0,18.0,18.0,0.0,False,1,1,False,False,0.5
PMID 35271306 a_Summary_SoE.pdf,NCT02112916,confident,2,2,False,False,74.0,72.0,2.0,74.0,72.0,2.0,False,1,1,False,False,0.5
PMID 35290101 a_Summary_SoE.pdf,NCT02446600,uncertain,3,3,False,False,20.0,12.0,8.0,20.0,12.0,8.0,False,2,1,False,False,0.088
PMID 35298906 CT_Summary_SoE.pdf,NCT02855944,confident,2,2,False,False,16.0,27.0,-11.0,16.0,27.0,-11.0,False,1,1,False,False,0.7
PMID 35320644 a_Summary_SoE.pdf,NCT03529110,confident,2,2,False,False,20.0,20.0,0.0,20.0,20.0,0.0,False,1,1,False,False,0.667
PMID 35331641 CT_Summary_SoE.pdf,NCT02264990,confident,2,2,False,False,20.0,20.0,0.0,20.0,20.0,0.0,False,1,1,False,False,0.5
PMID 35367007a_Summary_SoE.pdf,NCT03553836,confident,2,2,False,False,17.0,17.0,0.0,17.0,17.0,0.0,False,1,1,False,False,0.625
PMID 35403841 a_Summary_SoE.pdf,NCT02998528,uncertain,3,3,False,False,9.0,12.0,-3.0,9.0,12.0,-3.0,False,2,1,False,False,0.125
PMID 35419607 CT_Summary_SoE.pdf,NCT02617589,confident,2,2,False,False,51.0,50.0,1.0,51.0,50.0,1.0,False,1,1,False,False,0.75
PMID 35427471 CT_Summary_SoE.pdf,NCT02563002,confident,2,2,False,False,18.0,27.0,-9.0,18.0,27.0,-9.0,False,1,1,False,False,0.5
PMID 35442766 a_Summary_SoE.pdf,NCT03430843,confident,2,2,False,False,22.0,22.0,0.0,22.0,22.0,0.0,False,1,1,False,False,0.5
PMID 35443108 a_Summary_SoE.pdf,NCT03173248,confident,2,2,False,False,98.0,98.0,0.0,98.0,98.0,0.0,False,1,1,False,False,1.0
PMID 35446628 a_Summary_SoE.pdf,NCT01809691,confident,2,2,False,False,7.0,7.0,0.0,7.0,7.0,0.0,False,1,1,False,False,0.7
PMID 35511454 CT_Summary_SoE.pdf,NCT02667587,confident,2,2,False,False,61.0,61.0,0.0,61.0,61.0,0.0,False,1,1,False,False,0.5
PMID 35552364 a_Summary_SoE.pdf,NCT02915744,confident,2,2,False,False,35.0,35.0,0.0,35.0,35.0,0.0,False,1,1,False,False,0.5
PMID 35569466 CT_Summary_SoE.pdf,NCT00567580,uncertain,3,3,False,True,44.0,43.0,1.0,43.0,44.0,-1.0,True,2,1,False,False,0.0
PMID 35580297 a_Summary_SoE.pdf,NCT03849768,confident,2,2,False,False,14.0,14.0,0.0,14.0,14.0,0.0,False,1,1,False,False,0.5
PMID 35584336 a_Summary_SoE.pdf,NCT03778931,confident,2,2,False,False,15.0,15.0,0.0,15.0,15.0,0.0,False,1,1,False,False,0.5
PMID 35608580 a_Summary_SoE.pdf,NCT01101438,confident,2,2,False,False,2.0,2.0,0.0,2.0,2.0,0.0,False,1,1,False,False,0.5
PMID 35657079 a_Summary_SoE.pdf,NCT01776840,confident,2,2,False,False,26.0,26.0,0.0,26.0,26.0,0.0,False,1,1,False,False,0.455
PMID 35660812 a_Summary_SoE.pdf,NCT01208662,count_mismatch,3,2,True,True,50.0,50.5,-0.5,50.0,53.0,-3.0,True,2,1,False,False,0.0
PMID 35665782 a_Summary_SoE.pdf,NCT03734029,confident,2,2,False,False,20.0,20.0,0.0,20.0,20.0,0.0,False,1,1,False,False,0.5
PMID 35704479 a_Summary_SoE.pdf,NCT02135419,confident,2,2,False,False,5.0,3.0,2.0,5.0,3.0,2.0,False,1,1,False,False,0.5
PMID 35728048 a_Summary_SoE.pdf,NCT03268954,confident,2,2,False,True,100.0,100.0,0.0,100.0,,,True,2,0,False,True,0.75
PMID 35759733a_Summary_SoE.pdf,NCT00108745,uncertain,3,3,False,True,24.0,12.0,12.0,12.0,24.0,-12.0,True,1,2,False,False,0.0
PMID 35763704 a_Summary_SoE.pdf,NCT03726879,confident,2,2,False,False,20.0,20.0,0.0,20.0,20.0,0.0,False,1,1,False,False,0.5
PMID 35810754 CT_Summary_SoE.pdf,NCT03336333,count_mismatch,3,6,True,True,11.0,17.0,-6.0,11.0,,,True,3,0,False,True,0.8
PMID 35857290 a_Summary_SoE.pdf,NCT02448381,confident,2,2,False,True,47.0,47.0,0.0,,47.0,,True,0,2,True,False,0.5
PMID 35922251 CT_Summary_SoE.pdf,NCT03257267,confident,2,2,False,False,24.0,42.0,-18.0,24.0,42.0,-18.0,False,1,1,False,False,0.5
PMID 35947817 a_Summary_SoE.pdf,NCT03673501,confident,2,2,False,False,19.0,19.0,0.0,19.0,19.0,0.0,False,1,1,False,False,0.5
PMID 36070540 a_Summary_SoE.pdf,NCT03180307,confident,2,2,False,False,4.0,4.0,0.0,4.0,4.0,0.0,False,1,1,False,False,0.45
PMID 36099926 a_Summary_SoE.pdf,NCT03024996,confident,2,2,False,False,18.0,18.0,0.0,18.0,18.0,0.0,False,1,1,False,False,1.0
PMID 36108662 CT_Summary_SoE.pdf,NCT02504372,confident,2,2,False,False,18.0,18.0,0.0,18.0,18.0,0.0,False,1,1,False,False,1.0
PMID 36155117 CT_Summary_SoE.pdf,NCT02297438,confident,2,2,False,False,18.0,18.0,0.0,18.0,18.0,0.0,False,1,1,False,False,1.0
PMID 36162037 a_Summary_SoE.pdf,NCT03068455,confident,2,2,False,True,25.0,25.0,0.0,25.0,,,True,2,0,False,True,1.0
PMID 36265504 a_Summary_SoE.pdf,NCT02288247,confident,2,2,False,False,25.0,25.0,0.0,25.0,25.0,0.0,False,1,1,False,False,1.0
PMID 36308441 a_Summary_SoE.pdf,NCT03654729,uncertain,3,3,False,False,15.0,15.0,0.0,15.0,15.0,0.0,False,2,1,False,False,0.0
PMID 36322844 a_Summary_SoE.pdf,NCT02166463,confident,2,2,False,False,25.0,25.0,0.0,25.0,25.0,0.0,False,1,1,False,False,0.5
PMID 36327426 a_Summary_SoE.pdf,NCT03164616,uncertain,3,3,False,False,19.0,21.0,-2.0,19.0,21.0,-2.0,False,2,1,False,False,0.0
PMID 36346687 CT_Summary_SoE.pdf,NCT00130533,confident,2,2,False,False,10.0,5.0,5.0,10.0,5.0,5.0,False,1,1,False,False,0.7
PMID 36455168 a_Summary_SoE.pdf,NCT03062358,confident,2,2,False,False,18.0,18.0,0.0,18.0,18.0,0.0,False,1,1,False,False,0.667
PMID 36473143 a_Summary_SoE.pdf,NCT02741570,confident,2,2,False,False,27.0,53.0,-26.0,27.0,53.0,-26.0,False,1,1,False,False,0.5
PMID 36503738 CT_Summary_SoE.pdf,NCT02753127,confident,2,2,False,False,27.0,27.0,0.0,27.0,27.0,0.0,False,1,1,False,False,0.5
PMID 36521097 a_Summary_SoE.pdf,NCT01964430,confident,2,2,False,False,21.0,21.0,0.0,21.0,21.0,0.0,False,1,1,False,False,0.75
PMID 36535566 CT_Summary_SoE.pdf,NCT02611960,confident,2,2,False,False,26.0,40.0,-14.0,26.0,40.0,-14.0,False,1,1,False,False,0.5
PMID 36541957 a_Summary_SoE.pdf,NCT02703272,confident,2,2,False,True,27.0,25.0,2.0,25.0,,,True,2,0,False,True,0.5
PMID 36623230 a_Summary_SoE.pdf,NCT00632853,confident,2,2,False,False,52.0,38.0,14.0,52.0,38.0,14.0,False,1,1,False,False,0.5
PMID 36669140 a_Summary_SoE.pdf,NCT02306161,confident,2,2,False,True,80.0,79.0,1.0,79.0,,,True,2,0,False,True,0.5
PMID 36693773 CT_Summary_SoE.pdf,NCT03839940,confident,2,2,False,False,3.0,3.0,0.0,3.0,3.0,0.0,False,1,1,False,False,0.5
PMID 36709073 CT_Summary_SoE.pdf,NCT04173494,confident,2,2,False,True,14.0,14.0,0.0,14.0,14.0,0.0,False,1,1,False,False,0.5
PMID 36764316 a_Summary_SoE.pdf,NCT04303780,confident,2,2,False,False,21.0,20.0,1.0,21.0,20.0,1.0,False,1,1,False,False,0.5
PMID 36795891 a_Summary_SoE.pdf,NCT02975934,count_mismatch,3,2,True,False,16.0,16.0,0.0,16.0,16.0,0.0,False,1,2,False,False,0.0
PMID 36952634 a_Summary_SoE.pdf,NCT03748641,uncertain,3,3,False,True,18.0,18.0,0.0,18.0,,,True,3,0,False,True,0.286
PMID 36969338 a_Summary_SoE.pdf,NCT02993731,confident,2,2,False,False,40.0,40.0,0.0,40.0,40.0,0.0,False,1,1,False,False,0.778
PMID 36996380 a_Summary_SoE.pdf,NCT01949337,count_mismatch,3,2,True,True,17.0,16.5,0.5,16.5,,,True,3,0,False,True,0.0
PMID 37069359 a_Summary_SoE.pdf,NCT03246529,confident,2,2,False,False,44.0,44.0,0.0,44.0,44.0,0.0,False,1,1,False,False,1.0
PMID 37071094 a_Summary_SoE.pdf,NCT02394795,confident,2,2,False,False,27.0,27.0,0.0,27.0,27.0,0.0,False,1,1,False,False,0.5
PMID 37075781 a_Summary_SoE.pdf,NCT04003636,confident,2,2,False,False,36.0,36.0,0.0,36.0,36.0,0.0,False,1,1,False,False,0.9
PMID 37080222 a_Summary_SoE.pdf,NCT03783442,confident,2,2,False,False,96.0,96.0,0.0,96.0,96.0,0.0,False,1,1,False,False,0.5
PMID 37080223 CT_Summary_SoE.pdf,NCT01414608,confident,2,2,False,True,40.0,37.0,3.0,37.0,,,True,2,0,False,True,0.45
PMID 37086745 a_Summary_SoE.pdf,NCT03523585,count_mismatch,2,3,True,False,20.0,20.0,0.0,20.0,20.0,0.0,False,1,1,False,False,0.0
PMID 37104748 a_Summary_SoE.pdf,NCT00936390,confident,2,2,False,False,50.0,48.0,2.0,50.0,48.0,2.0,False,1,1,False,False,0.5
PMID 37116523 a_Summary_SoE.pdf,NCT02668653,confident,2,2,False,False,67.0,67.0,0.0,67.0,67.0,0.0,False,1,1,False,False,1.0
PMID 37133585 a_Summary_SoE.pdf,NCT04737187,confident,2,2,False,False,13.0,10.0,3.0,13.0,10.0,3.0,False,1,1,False,False,0.7
PMID 37141294 CT_Summary_SoE.pdf,NCT02864394,confident,2,2,False,True,18.0,18.0,0.0,18.0,,,True,2,0,False,True,1.0
PMID 37257422 CT_Summary_SoE.pdf,NCT03419403,count_mismatch,4,3,True,True,53.0,53.0,0.0,53.0,,,True,4,0,False,True,0.0
PMID 37272516 a_Summary_SoE.pdf,NCT04164901,confident,2,2,False,False,16.0,16.0,0.0,16.0,16.0,0.0,False,1,1,False,False,0.7
PMID 37276510 CT_Summary_SoE.pdf,NCT02348489,confident,2,2,False,False,76.0,139.0,-63.0,76.0,139.0,-63.0,False,1,1,False,False,0.5
PMID 37284847 CT_Summary_SoE.pdf,NCT03578081,confident,2,2,False,False,4.0,4.0,0.0,4.0,4.0,0.0,False,1,1,False,False,0.5
PMID 37285865 a_Summary_SoE.pdf,NCT03395197,confident,2,2,False,False,18.0,18.0,0.0,18.0,18.0,0.0,False,1,1,False,False,0.857
PMID 37290035 a_Summary_SoE.pdf,NCT03834519,confident,2,2,False,False,18.0,18.0,0.0,18.0,18.0,0.0,False,1,1,False,False,0.5
PMID 37290461 a_Summary_SoE.pdf,NCT04338269,confident,2,2,False,False,18.0,18.0,0.0,18.0,18.0,0.0,False,1,1,False,False,0.75
PMID 37315297 a_Summary_SoE.pdf,NCT00063882,confident,2,2,False,False,31.0,6.0,25.0,31.0,6.0,25.0,False,1,1,False,False,0.5
PMID 37342922 a_Summary_SoE.pdf,NCT03959241,confident,2,2,False,False,20.0,21.0,-1.0,20.0,21.0,-1.0,False,1,1,False,False,0.5
PMID 37379502 a_Summary_SoE.pdf,NCT04248829,count_mismatch,3,2,True,True,13.0,13.0,0.0,13.0,13.0,0.0,False,2,1,False,False,0.0
PMID 37423228 a_Summary_SoE.pdf,NCT03191786,confident,2,2,False,False,18.0,36.0,-18.0,18.0,36.0,-18.0,False,1,1,False,False,0.5
PMID 37478390 a_Summary_SoE.pdf,NCT03053440,count_mismatch,3,2,True,True,13.0,14.0,-1.0,13.0,14.0,-1.0,False,2,1,False,False,0.0
PMID 37499670 a_Summary_SoE.pdf,NCT03764293,confident,2,2,False,False,27.0,17.0,10.0,27.0,17.0,10.0,False,1,1,False,False,0.5
PMID 37524096 a_Summary_SoE.pdf,NCT01120249,confident,2,2,False,False,9.0,9.0,0.0,9.0,9.0,0.0,False,1,1,False,False,1.0
PMID 37604981 CT_Summary_SoE.pdf,NCT03416179,confident,4,4,False,False,38.0,38.5,-0.5,38.0,38.5,-0.5,False,2,2,False,False,0.75
PMID 37646660 CT_Summary_SoE.pdf,NCT04649060,confident,2,2,False,False,55.0,26.0,29.0,55.0,26.0,29.0,False,1,1,False,False,1.0
PMID 37647576 a_Summary_SoE.pdf,NCT02395016,confident,2,2,False,False,53.0,53.0,0.0,53.0,53.0,0.0,False,1,1,False,False,0.8
PMID 37704166 CT_Summary_SoE.pdf,NCT02654587,confident,2,2,False,False,15.0,19.0,-4.0,15.0,19.0,-4.0,False,1,1,False,False,0.7
PMID 37708904 a_Summary_SoE.pdf,NCT04083235,confident,2,2,False,False,0.0,0.0,0.0,0.0,0.0,0.0,False,1,1,False,False,0.5
PMID 37722354 CT_Summary_SoE.pdf,NCT01974440,confident,2,2,False,False,16.0,16.0,0.0,16.0,16.0,0.0,False,1,1,False,False,0.5
PMID 37748693 CT_Summary_SoE.pdf,NCT02576574,uncertain,3,3,False,False,27.0,16.0,11.0,27.0,16.0,11.0,False,2,1,False,False,0.077
PMID 37788412 a_Summary_SoE.pdf,NCT03447769,confident,2,2,False,False,20.0,20.0,0.0,20.0,20.0,0.0,False,1,1,False,False,0.7
PMID 37792130 CT_Summary_SoE.pdf,NCT04633564,confident,2,2,False,False,17.0,17.0,0.0,17.0,17.0,0.0,False,1,1,False,False,0.5
PMID 37793771 CT_Summary_SoE.pdf,NCT04162210,confident,2,2,False,False,20.0,31.0,-11.0,20.0,31.0,-11.0,False,1,1,False,False,0.5
PMID 37845511 a_Summary_SoE.pdf,NCT04099251,confident,2,2,False,False,13.0,13.0,0.0,13.0,13.0,0.0,False,1,1,False,False,1.0
PMID 37870976 a_Summary_SoE.pdf,NCT04538664,confident,2,2,False,True,21.0,20.0,1.0,20.0,,,True,2,0,False,True,0.857
PMID 37875143 a_Summary_SoE.pdf,NCT03675737,confident,2,2,False,False,36.0,36.0,0.0,36.0,36.0,0.0,False,1,1,False,False,0.5
PMID 37935977 a_Summary_SoE.pdf,NCT01802333,uncertain,3,3,False,True,36.0,38.0,-2.0,36.0,,,True,3,0,False,True,0.176
PMID 37980924 a_Summary_SoE.pdf,NCT02369653,confident,2,2,False,False,5.0,5.0,0.0,5.0,5.0,0.0,False,1,1,False,False,0.7
PMID 38039991 CT_Summary_SoE.pdf,NCT03830866,confident,2,2,False,False,42.0,42.0,0.0,42.0,42.0,0.0,False,1,1,False,False,0.5
PMID 38039993 a_Summary_SoE.pdf,NCT03713593,confident,2,2,False,False,21.0,21.0,0.0,21.0,21.0,0.0,False,1,1,False,False,0.889
PMID 38059497 CT_Summary_SoE.pdf,NCT03750786,confident,2,2,False,True,27.0,27.0,0.0,27.0,27.0,0.0,False,1,1,False,False,0.5
PMID 38060199 CT_Summary_SoE.pdf,NCT04177108,count_mismatch,4,5,True,True,40.0,40.0,0.0,40.0,,,True,4,0,False,True,0.415
PMID 38103088 CT_Summary_SoE.pdf,NCT02872103,confident,2,2,False,False,51.0,51.0,0.0,51.0,51.0,0.0,False,1,1,False,False,0.5
PMID 38159809 CT_Summary_SoE.pdf,NCT04676412,confident,2,2,False,False,18.0,18.0,0.0,18.0,18.0,0.0,False,1,1,False,False,0.667
PMID 38231126 a_Summary_SoE.pdf,NCT02920008,confident,2,2,False,False,86.0,140.0,-54.0,86.0,140.0,-54.0,False,1,1,False,False,0.7
PMID 38252907 a_Summary_SoE.pdf,NCT02864251,uncertain,3,3,False,False,18.0,18.0,0.0,18.0,18.0,0.0,False,2,1,False,False,0.333
PMID 38319255 a_Summary_SoE.pdf,NCT03462719,confident,2,2,False,False,18.0,17.0,1.0,18.0,17.0,1.0,False,1,1,False,False,0.545
PMID 38319800 a_Summary_SoE.pdf,NCT03732820,confident,2,2,False,False,17.0,17.0,0.0,17.0,17.0,0.0,False,1,1,False,False,0.857
PMID 38319892 a_Summary_SoE.pdf,NCT03298451,confident,4,4,False,False,15.0,15.0,0.0,15.0,15.0,0.0,False,3,1,False,False,0.75
PMID 38319896 a_Summary_SoE.pdf,NCT03875235,confident,2,2,False,False,24.0,24.0,0.0,24.0,24.0,0.0,False,1,1,False,False,0.455
PMID 38320161 a_Summary_SoE.pdf,NCT03686215,confident,2,2,False,False,2.0,2.0,0.0,2.0,2.0,0.0,False,1,1,False,False,0.5
PMID 38483412 a_Summary_SoE.pdf,NCT03274687,confident,2,2,False,True,27.0,39.0,-12.0,27.0,,,True,2,0,False,True,0.5
PMID 38499457 CT_Summary_SoE.pdf,NCT03151408,confident,2,2,False,False,101.0,101.0,0.0,101.0,101.0,0.0,False,1,1,False,False,0.8
PMID 38531002 a_Summary_SoE.pdf,NCT01575548,confident,2,2,False,False,18.0,18.0,0.0,18.0,18.0,0.0,False,1,1,False,False,0.5
PMID 38552197 a_Summary_SoE.pdf,NCT04471428,confident,2,2,False,False,18.0,18.0,0.0,18.0,18.0,0.0,False,1,1,False,False,1.0
PMID 38561010 a_Summary_SoE.pdf,NCT03040999,confident,2,2,False,False,51.0,51.0,0.0,51.0,51.0,0.0,False,1,1,False,False,0.5
PMID 38648575 a_Summary_SoE.pdf,NCT03088813,count_mismatch,2,4,True,False,38.0,110.0,-72.0,38.0,110.0,-72.0,False,1,1,False,False,0.55
PMID 38683596 a_Summary_SoE.pdf,NCT02927249,confident,2,2,False,False,2.0,2.0,0.0,2.0,2.0,0.0,False,1,1,False,False,0.7
PMID 38833643 a_Summary_SoE.pdf,NCT01674140,confident,2,2,False,False,6.0,6.0,0.0,6.0,6.0,0.0,False,1,1,False,False,0.5
PMID 38833658 a_Summary_SoE.pdf,NCT04776148,confident,2,2,False,False,27.0,28.0,-1.0,27.0,28.0,-1.0,False,1,1,False,False,0.5
PMID 38838287a_Summary_SoE.pdf,NCT03729245,confident,2,2,False,False,21.0,19.0,2.0,21.0,19.0,2.0,False,1,1,False,False,0.5
PMID 38849283 CT_Summary_SoE.pdf,NCT02726581,confident,3,3,False,False,18.0,18.0,0.0,18.0,18.0,0.0,False,2,1,False,False,0.818
PMID 38872480 a_Summary_SoE.pdf,NCT03635489,confident,2,2,False,False,0.0,0.0,0.0,0.0,0.0,0.0,False,1,1,False,False,0.455
PMID 38889373 a_Summary_SoE.pdf,NCT04478266,confident,2,2,False,False,16.0,16.0,0.0,16.0,16.0,0.0,False,1,1,False,False,0.5
PMID 38942046 a_Summary_SoE.pdf,NCT03055013,confident,2,2,False,False,12.0,5.0,7.0,12.0,5.0,7.0,False,1,1,False,False,0.5
PMId 32955177 a_Summary_SoE.pdf,NCT02511106,confident,2,2,False,False,7.0,7.0,0.0,7.0,7.0,0.0,False,1,1,False,False,0.5
PMId 32966830 a_Summary_SoE.pdf,NCT03197935,confident,2,2,False,False,28.0,28.0,0.0,28.0,28.0,0.0,False,1,1,False,False,0.5
PMId 36395435 a_Summary_SoE.pdf,NCT03734016,confident,2,2,False,False,14.0,14.0,0.0,14.0,14.0,0.0,False,1,1,False,False,0.6
PMId 37331369 a_Summary_SoE.pdf,NCT04322539,confident,2,2,False,False,17.0,17.0,0.0,17.0,17.0,0.0,False,1,1,False,False,0.5
