filename,NCT Number,pmid,conf_flip,uncertain,mismatch,no_iv,no_ct,plac_iv
PIMD 27718847 a_Summary_SoE.pdf,NCT02142738,27718847,False,False,True,False,False,False
PMID 19213681 a_Summary_SoE.pdf,NCT00295646,19213681,False,False,True,False,False,False
PMID 20525992 a_Summary_SoE.pdf,NCT00094653,20525992,True,True,False,False,False,False
PMID 20525993 a_Summary_SoE.pdf,NCT00471497,20525993,False,True,False,False,True,False
PMID 20818862 a_Summary_SoE.pdf,NCT00065442,20818862,True,False,False,True,False,False
PMID 21631324 a_Summary_SoE.pdf,NCT00019682,21631324,True,False,False,False,True,False
PMID 21962393 CT_Summary_SoE.pdf,NCT00075829,21962393,False,True,False,True,False,False
PMID 21991949 a_Summary_SoE.pdf,NCT00021255,21991949,True,False,False,False,True,False
PMID 22204724 a_Summary_SoE.pdf,NCT00262847,22204724,False,True,False,False,False,True
PMID 22257673 a_Summary_SoE.pdf,NCT00553358,22257673,True,False,False,False,False,False
PMID 22454414 a_Summary_SoE.pdf,NCT00110214,22454414,True,False,False,False,True,True
PMID 22551107 a_Summary_SoE.pdf,NCT00094497,22551107,True,False,False,True,False,False
PMID 22571200 a_Summary_SoE.pdf,NCT00405756,22571200,False,True,False,False,True,True
PMID 22585697 a_Summary_SoE.pdf,NCT00317642,22585697,True,False,False,False,True,True
PMID 22663011 a_Summary_SoE.pdf,NCT01245062,22663011,False,True,False,False,False,False
PMID 22689805 a_Summary_SoE.pdf,NCT00260832,22689805,True,False,False,False,False,False
PMID 22735384 a_Summary_SoE.pdf,NCT01227889,22735384,False,False,True,False,False,False
PMID 22808955 a_Summary_SoE.pdf,NCT00007644,22808955,True,False,False,True,False,False
PMID 22915657 a_Summary_SoE.pdf,NCT00475085,22915657,False,False,True,False,False,True
PMID 22965965 a_Summary_SoE.pdf,NCT00399035,22965965,False,True,False,False,False,False
PMID 23075175 a_Summary_SoE.pdf,NCT00075816,23075175,True,False,False,True,False,False
PMID 23295793 a_Summary_SoE.pdf,NCT00106691,23295793,True,False,False,False,True,True
PMID 23358971 a_Summary_SoE.pdf,NCT00066573,23358971,False,False,True,False,False,False
PMID 23509322 a_Summary_SoE.pdf,NCT00281658,23509322,False,False,True,False,False,False
PMID 23724913 a_Summary_SoE.pdf,NCT00932893,23724913,True,False,False,False,False,False
PMID 23835708 a_Summary_SoE.pdf,NCT00961415,23835708,False,False,True,False,False,False
PMID 23940216 a_Summary_SoE.pdf,NCT00777153,23940216,False,True,False,False,False,False
PMID 23940225 a_Summary_SoE.pdf,NCT00093795,23940225,False,True,False,False,False,False
PMID 23960180 a_Summary_SoE.pdf,NCT01144364,23960180,False,False,True,False,False,False
PMID 24081940 a_Summary_SoE.pdf,NCT00354432,24081940,True,True,False,False,False,False
PMID 24101040 a_Summary_SoE.pdf,NCT00304031,24101040,False,False,True,False,True,False
PMID 24297950 a_Summary_SoE.pdf,NCT00474786,24297950,True,False,False,False,True,False
PMID 24297951 a_Summary_SoE.pdf,NCT01099449,24297951,False,True,False,False,False,True
PMID 24401022 a_Summary_SoE.pdf,NCT01998880,24401022,True,False,False,False,False,False
PMID 24450857 a_Summary_SoE.pdf,NCT01539512,24450857,True,False,False,True,False,False
PMID 24552320 a_Summary_SoE.pdf,NCT00803062,24552320,False,True,False,False,False,False
PMID 24733799 a_Summary_SoE.pdf,NCT01156142,24733799,True,False,False,False,False,True
PMID 24881463 a_Summary_SoE.pdf,NCT00066703,24881463,False,False,True,False,False,False
PMID 24888818 a_Summary_SoE.pdf,NCT00382018,24888818,False,True,False,False,False,False
PMID 24934787 a_Summary_SoE.pdf,NCT00041119,24934787,False,False,True,False,False,False
PMID 25092781 a_Summary_SoE.pdf,NCT00372593,25092781,False,False,True,True,False,False
PMID 25184863 a_Summary_SoE.pdf,NCT00689936,25184863,False,True,False,False,False,False
PMID 25267740 a_Summary_SoE.pdf,NCT00078949,25267740,False,False,True,False,True,False
PMID 25311218 a_Summary_SoE.pdf,NCT00025259,25311218,False,False,True,False,True,False
PMID 25332243 a_Summary_SoE.pdf,NCT00006237,25332243,False,False,True,False,False,False
PMID 25354103 a_Summary_SoE.pdf,NCT00412360,25354103,True,False,False,False,True,False
PMID 25366680 a_Summary_SoE.pdf,NCT00047008,25366680,True,False,False,False,True,False
PMID 25422488 a_Summary_SoE.pdf,NCT00070564,25422488,False,False,True,False,False,False
PMID 25470694 a_Summary_SoE.pdf,NCT01154140,25470694,True,False,False,False,False,False
PMID 25495490 a_Summary_SoE.pdf,NCT00066690,25495490,False,True,False,False,False,False
PMID 25671254 a_Summary_SoE.pdf,NCT01321554,25671254,False,False,True,False,False,False
PMID 25682602 a_Summary_SoE.pdf,NCT00929695,25682602,False,False,True,False,False,False
PMID 25713428 a_Summary_SoE.pdf,NCT01012297,25713428,True,False,False,False,True,True
PMID 25779558 a_Summary_SoE.pdf,NCT00667251,25779558,True,False,False,True,False,False
PMID 25891173 a_Summary_SoE.pdf,NCT01866319,25891173,True,True,False,False,False,False
PMID 26027431 a_Summary_SoE.pdf,NCT01844505,26027431,False,True,False,False,True,False
PMID 26028407 a_Summary_SoE.pdf,NCT01642004,26028407,True,False,False,False,True,False
PMID 26040499 a_Summary_SoE.pdf,NCT00556374,26040499,False,False,True,False,False,False
PMID 26056177 a_Summary_SoE.pdf,NCT00507416,26056177,False,False,False,False,True,False
PMID 26122726 a_Summary_SoE.pdf,NCT01519700,26122726,True,False,False,False,False,False
PMID 26206652 CT_Summary_SoE.pdf,NCT01596283,26206652,True,False,False,True,False,False
PMID 26351350 a_Summary_SoE.pdf,NCT01989572,26351350,False,True,False,False,False,True
PMID 26412349 a_Summary_SoE.pdf,NCT00310180,26412349,False,False,True,False,True,False
PMID 26673811 a_Summary_SoE.pdf,NCT01646021,26673811,True,False,False,False,True,False
PMID 26712084b_Summary_SoE.pdf,NCT01905657,26712084,False,True,False,False,False,False
PMID 26933849 a_Summary_SoE.pdf,NCT01167712,26933849,True,False,False,False,True,False
PMID 26997579 a _Summary_SoE.pdf,NCT02106494,26997579,True,False,False,False,False,False
PMID 27264120 a_Summary_SoE.pdf,NCT00754845,27264120,False,False,True,False,False,False
PMID 27458945 a_Summary_SoE.pdf,NCT00377156,27458945,True,False,False,False,False,False
PMID 27569442 CT_Summary_SoE.pdf,NCT00134030,27569442,False,False,True,False,False,False
PMID 27717299 a_Summary_SoE.pdf,NCT01847274,27717299,False,False,True,False,False,False
PMID 27908454 CT_Summary_SoE.pdf,NCT01602380,27908454,True,False,False,False,False,False
PMID 27914822_Summary_SoE.pdf,NCT00716976,27914822,True,False,False,False,True,False
PMID 27918724 a_Summary_SoE.pdf,NCT01677910,27918724,False,False,True,False,False,True
PMID 28030702 a_Summary_SoE.pdf,NCT00869206,28030702,False,False,True,False,True,False
PMID 28056202 a_Summary_SoE.pdf,NCT01120184,28056202,False,True,False,False,True,True
PMID 28125763 a_Summary_SoE.pdf,NCT00320710,28125763,False,False,True,False,True,False
PMID 28296618 a_Summary_SoE.pdf,NCT00482677,28296618,True,False,False,True,False,False
PMID 28384065 a_Summary_SoE.pdf,NCT00569127,28384065,True,False,False,False,True,False
PMID 28438473 a_Summary_SoE.pdf,NCT00565851,28438473,False,False,True,False,False,False
PMID 28492898 CT_Summary_SoE.pdf,NCT01933932,28492898,True,False,False,False,True,True
PMID 28632865 a_Summary_SoE.pdf,NCT00265850,28632865,False,False,True,False,False,False
PMID 28746153 CT_Summary_SoE.pdf,NCT01438476,28746153,True,False,False,False,True,False
PMID 28809610 a_Summary_SoE.pdf,NCT01308580,28809610,False,False,True,False,False,False
PMID 28891423 a_Summary_SoE.pdf,NCT02388906,28891423,False,False,True,False,True,True
PMID 28935843 a_Summary_SoE.pdf,NCT01649856,28935843,True,False,False,False,False,False
PMID 29158011 CT_Summary_SoE.pdf,NCT00553410,29158011,False,False,True,False,False,False
PMID 29169877 CT_Summary_SoE.pdf,NCT00946712,29169877,False,False,True,False,False,False
PMID 29238824 a_Summary_SoE.pdf,NCT01067144,29238824,False,False,True,False,False,False
PMID 29244528 a_Summary_SoE.pdf,NCT01160211,29244528,True,False,False,False,False,False
PMID 29477665 CT_Summary_SoE.pdf,NCT01667419,29477665,False,False,True,False,False,False
PMID 29522138 a_Summary_SoE.pdf,NCT02055781,29522138,False,True,False,False,False,False
PMID 29562156 a_Summary_SoE.pdf,NCT02005471,29562156,False,False,True,False,False,False
PMID 29573941 a_Summary_SoE.pdf,NCT01909453,29573941,False,False,True,False,False,False
PMID 29625879 CT_Summary_SoE.pdf,NCT01755767,29625879,False,False,True,False,False,False
PMID 29856685 a_Summary_SoE.pdf,NCT02165397,29856685,False,False,True,False,True,True
PMID 29866475 CT_Summary_SoE.pdf,NCT02412878,29866475,True,False,False,False,True,False
PMID 29989857 a_Summary_SoE.pdf,NCT01672892,29989857,True,False,False,False,False,False
PMID 30040523 a_Summary_SoE.pdf,NCT00433511,30040523,False,True,False,False,False,False
PMID 30052729 CT_Summary_SoE.pdf,NCT02625623,30052729,False,False,True,False,False,False
PMID 30072745 a_Summary_SoE.pdf,NCT00770874,30072745,True,False,False,False,False,False
PMID 30105668 a_Summary_SoE.pdf,NCT02101021,30105668,True,False,False,False,False,False
PMID 30280657 a_Summary_SoE.pdf,NCT02737501,30280657,False,False,True,False,False,False
PMID 30355453 CT_Summary_SoE.pdf,NCT02500043,30355453,True,False,False,False,True,True
PMID 30415629 a_Summary_SoE.pdf,NCT01169259,30415629,True,True,False,True,False,False
PMID 30449625 CT_Summary_SoE.pdf,NCT01302834,30449625,True,False,False,True,False,False
PMID 30501481 a_Summary_SoE.pdf,NCT01886872,30501481,False,True,False,False,False,False
PMID 30522969 CT_Summary_SoE.pdf,NCT02264574,30522969,True,False,False,False,True,False
PMID 30653422 a_Summary_SoE.pdf,NCT01109004,30653422,False,True,False,True,False,False
PMID 30665869 CT_Summary_SoE.pdf,NCT02435433,30665869,False,False,True,False,False,False
PMID 30763730 CT_Summary_SoE.pdf,NCT02454933,30763730,True,False,False,False,True,False
PMID 30777794 a_Summary_SoE.pdf,NCT01539083,30777794,False,False,True,False,True,False
PMID 30786186 a_Summary_SoE.pdf,NCT02555878,30786186,True,False,False,False,True,True
PMID 30811280 a_Summary_SoE.pdf,NCT02714218,30811280,False,False,True,False,True,False
PMID 30817251 CT_Summary_SoE.pdf,NCT01322490,30817251,False,True,False,False,False,True
PMID 30939090 a_Summary_SoE.pdf,NCT00118209,30939090,False,False,True,False,False,False
PMID 30990550 a_Summary_SoE.pdf,NCT02229539,30990550,False,True,False,False,False,False
PMID 30995176 CT a_Summary_SoE.pdf,NCT01539291,30995176,True,False,False,False,True,False
PMID 31002578 a_Summary_SoE.pdf,NCT00951496,31002578,True,False,False,False,True,False
PMID 31003911 CT_Summary_SoE.pdf,NCT02788279,31003911,False,True,False,False,False,False
PMID 31141632 a_Summary_SoE.pdf,NCT02252172,31141632,True,False,False,True,False,False
PMID 31150574 a_Summary_SoE.pdf,NCT02489318,31150574,True,False,False,False,True,True
PMID 31166681 a_Summary_SoE.pdf,NCT02242942,31166681,False,False,True,False,True,False
PMID 31246522 CT_Summary_SoE.pdf,NCT00703820,31246522,True,False,False,True,False,False
PMID 31248843 CT_Summary_SoE.pdf,NCT01231412,31248843,False,False,True,False,False,False
PMID 31329516 a_Summary_SoE.pdf,NCT02677896,31329516,False,False,True,False,False,False
PMID 31345387 CT_Summary_SoE.pdf,NCT01706939,31345387,False,False,True,False,False,False
PMID 31361535 a_Summary_SoE.pdf,NCT01107626,31361535,False,True,False,False,True,False
PMID 31399378 CT_Summary_SoE.pdf,NCT01254630,31399378,False,False,True,False,False,False
PMID 31454045 a_Summary_SoE.pdf,NCT00567567,31454045,True,False,False,False,False,False
PMID 31486832 a_Summary_SoE.pdf,NCT01015833,31486832,True,False,False,False,True,False
PMID 31582355 a_Summary_SoE.pdf,NCT02569242,31582355,False,False,True,False,False,False
PMID 31590988 a_Summary_SoE.pdf,NCT03043872,31590988,False,True,False,False,False,False
PMID 31591063 CT a_Summary_SoE.pdf,NCT02411448,31591063,False,False,True,False,False,False
PMID 31618129 a_Summary_SoE.pdf,NCT00588770,31618129,False,False,True,False,False,False
PMID 31645288 CT_Summary_SoE.pdf,NCT00418457,31645288,True,False,False,True,False,False
PMID 31647503 a_Summary_SoE.pdf,NCT02586025,31647503,True,False,False,False,True,True
PMID 31679945 a_Summary_SoE.pdf,NCT02358031,31679945,False,True,False,False,False,False
PMID 31693129 CT_Summary_SoE.pdf,NCT00127205,31693129,False,False,True,False,False,False
PMID 31820339 CT_Summary_SoE.pdf,NCT02213263,31820339,True,False,False,False,False,False
PMID 31935026 a_Summary_SoE.pdf,NCT01238172,31935026,True,False,False,False,True,False
PMID 32010577 a_Summary_SoE.pdf,NCT02954172,32010577,True,False,False,False,False,False
PMID 32031887 CT_Summary_SoE.pdf,NCT02349412,32031887,True,False,False,False,True,False
PMID 32058845 a_Summary_SoE.pdf,NCT02360215,32058845,True,False,False,False,True,False
PMID 32145827 a_Summary_SoE.pdf,NCT01435018,32145827,False,False,True,False,False,False
PMID 32201234 a_Summary_SoE.pdf,NCT02352948,32201234,False,False,True,False,True,False
PMID 32213342 a_Summary_SoE.pdf,NCT03277105,32213342,True,False,False,False,False,False
PMID 32271377 a_Summary_SoE.pdf,NCT02453282,32271377,False,True,False,False,False,False
PMID 32294530 CT_Summary_SoE.pdf,NCT02369874,32294530,False,True,False,False,False,False
PMID 32372176 CT_Summary_SoE.pdf,NCT01573442,32372176,False,False,True,False,False,False
PMID 32416072 CT a_Summary_SoE.pdf,NCT02989857,32416072,False,False,True,True,False,False
PMID 32416073 CT_Summary_SoE.pdf,NCT03099382,32416073,False,False,True,False,False,False
PMID 32459600 a_Summary_SoE.pdf,NCT02970318,32459600,False,False,True,False,False,False
PMID 32460997 CT_Summary_SoE.pdf,NCT01535053,32460997,False,False,True,False,False,False
PMID 32496902 a_Summary_SoE.pdf,NCT02883049,32496902,False,False,True,False,False,False
PMID 32534646 CT_Summary_SoE.pdf,NCT02908672,32534646,True,False,False,False,True,True
PMID 32786187 a_Summary_SoE.pdf,NCT02993523,32786187,False,False,True,True,False,False
PMID 32813610 a_Summary_SoE.pdf,NCT00408005,32813610,False,False,True,False,False,False
PMID 32822286 a_Summary_SoE.pdf,NCT01849874,32822286,False,False,True,False,False,False
PMID 32880601a_Summary_SoE.pdf,NCT02494583,32880601,False,True,False,False,False,False
PMID 32945632 a_Summary_SoE.pdf,NCT02603432,32945632,True,False,False,False,True,False
PMID 32971005 CT_Summary_SoE.pdf,NCT02516241,32971005,False,False,True,False,False,False
PMID 32997907 a_Summary_SoE.pdf,NCT02409342,32997907,False,False,True,False,False,False
PMID 33010094 CT_Summary_SoE.pdf,NCT01509612,33010094,False,False,True,False,False,False
PMID 33026938 CT_Summary_SoE.pdf,NCT02564263,33026938,False,False,True,False,False,False
PMID 33078978 a_Summary_SoE.pdf,NCT00063999,33078978,False,False,True,False,False,False
PMID 33189178 a_Summary_SoE.pdf,NCT03110562,33189178,False,False,True,False,True,False
PMID 33197226 a_Summary_SoE.pdf,NCT02625610,33197226,False,False,True,False,False,False
PMID 33278935 a_Summary_SoE.pdf,NCT02819518,33278935,False,False,True,False,False,False
PMID 33480963 a_Summary_SoE.pdf,NCT02492711,33480963,False,False,True,False,False,False
PMID 33539945 CT_Summary_SoE.pdf,NCT02436668,33539945,True,False,False,True,False,False
PMID 33577729 a_Summary_SoE.pdf,NCT03474107,33577729,False,False,True,False,False,False
PMID 33651090 a_Summary_SoE.pdf,NCT02101853,33651090,False,True,False,False,False,False
PMID 33657295 a_Summary_SoE.pdf,NCT03141177,33657295,False,True,False,False,False,False
PMID 33667670 CT_Summary_SoE.pdf,NCT02631876,33667670,True,False,False,False,True,False
PMID 33676601 CT_Summary_SoE.pdf,NCT02555657,33676601,False,False,True,False,False,False
PMID 33739848 a_Summary_SoE.pdf,NCT00769379,33739848,True,False,False,False,True,False
PMID 33821899a_Summary_SoE.pdf,NCT01150045,33821899,False,False,True,False,False,True
PMID 34051178a_Summary_SoE.pdf,NCT02853305,34051178,False,True,False,False,False,False
PMID 34092112 a_Summary_SoE.pdf,NCT02445391,34092112,True,True,False,False,False,False
PMID 34102137 a_Summary_SoE.pdf,NCT02872116,34102137,False,True,False,False,False,False
PMID 34110925 a_Summary_SoE.pdf,NCT00085735,34110925,False,False,True,False,True,False
PMID 34133211 a_Summary_SoE.pdf,NCT01515748,34133211,True,False,False,False,True,False
PMID 34134469 CT_Summary_SoE.pdf,NCT01461928,34134469,True,False,False,False,True,False
PMID 34143970 CT_Summary_SoE.pdf,NCT02580058,34143970,False,True,False,False,False,False
PMID 34170389 CT_Summary_SoE.pdf,NCT00549848,34170389,False,False,True,False,False,False
PMID 34219000 a_Summary_SoE.pdf,NCT03125902,34219000,True,False,False,False,False,True
PMID 34320285 a_Summary_SoE.pdf,NCT00295620,34320285,True,False,False,False,True,False
PMID 34363762 CT_Summary_SoE.pdf,NCT02718417,34363762,False,True,False,False,False,False
PMID 34383006a_Summary_SoE.pdf,NCT01459497,34383006,True,False,False,True,False,False
PMID 34652968 a_Summary_SoE.pdf,NCT01231906,34652968,True,False,False,False,True,False
PMID 34855460 a_Summary_SoE.pdf,NCT02345850,34855460,False,True,False,False,False,False
PMID 34882169 a_Summary_SoE.pdf,NCT01781468,34882169,False,True,False,False,False,False
PMID 34890060 CT_Summary_SoE.pdf,NCT03103321,34890060,False,True,False,False,False,False
PMID 34914339 a_Summary_SoE.pdf,NCT01272037,34914339,True,False,False,False,True,False
PMID 34997889 CT_Summary_SoE.pdf,NCT00500890,34997889,False,False,False,False,True,False
PMID 35007153 a_Summary_SoE.pdf,NCT00954174,35007153,True,False,False,False,True,False
PMID 35030011 a_Summary_SoE.pdf,NCT02967692,35030011,False,False,True,False,False,False
PMID 35038433 CT_Summary_SoE.pdf,NCT01196390,35038433,True,False,False,False,True,False
PMID 35213496 CT_Summary_SoE.pdf,NCT03196791,35213496,True,False,False,False,True,False
PMID 35290101 a_Summary_SoE.pdf,NCT02446600,35290101,False,True,False,False,False,False
PMID 35403841 a_Summary_SoE.pdf,NCT02998528,35403841,False,True,False,False,False,False
PMID 35569466 CT_Summary_SoE.pdf,NCT00567580,35569466,False,True,False,False,False,False
PMID 35660812 a_Summary_SoE.pdf,NCT01208662,35660812,False,False,True,False,False,False
PMID 35728048 a_Summary_SoE.pdf,NCT03268954,35728048,True,False,False,False,True,False
PMID 35759733a_Summary_SoE.pdf,NCT00108745,35759733,False,True,False,False,False,False
PMID 35810754 CT_Summary_SoE.pdf,NCT03336333,35810754,False,False,True,False,True,False
PMID 35857290 a_Summary_SoE.pdf,NCT02448381,35857290,True,False,False,True,False,False
PMID 36162037 a_Summary_SoE.pdf,NCT03068455,36162037,True,False,False,False,True,False
PMID 36308441 a_Summary_SoE.pdf,NCT03654729,36308441,False,True,False,False,False,False
PMID 36327426 a_Summary_SoE.pdf,NCT03164616,36327426,False,True,False,False,False,False
PMID 36541957 a_Summary_SoE.pdf,NCT02703272,36541957,True,False,False,False,True,False
PMID 36669140 a_Summary_SoE.pdf,NCT02306161,36669140,True,False,False,False,True,False
PMID 36709073 CT_Summary_SoE.pdf,NCT04173494,36709073,True,False,False,False,False,False
PMID 36795891 a_Summary_SoE.pdf,NCT02975934,36795891,False,False,True,False,False,False
PMID 36952634 a_Summary_SoE.pdf,NCT03748641,36952634,True,True,False,False,True,True
PMID 36996380 a_Summary_SoE.pdf,NCT01949337,36996380,False,False,True,False,True,False
PMID 37080223 CT_Summary_SoE.pdf,NCT01414608,37080223,True,False,False,False,True,False
PMID 37086745 a_Summary_SoE.pdf,NCT03523585,37086745,False,False,True,False,False,False
PMID 37141294 CT_Summary_SoE.pdf,NCT02864394,37141294,True,False,False,False,True,False
PMID 37257422 CT_Summary_SoE.pdf,NCT03419403,37257422,False,False,True,False,True,False
PMID 37379502 a_Summary_SoE.pdf,NCT04248829,37379502,False,False,True,False,False,False
PMID 37478390 a_Summary_SoE.pdf,NCT03053440,37478390,False,False,True,False,False,False
PMID 37748693 CT_Summary_SoE.pdf,NCT02576574,37748693,False,True,False,False,False,False
PMID 37870976 a_Summary_SoE.pdf,NCT04538664,37870976,True,False,False,False,True,False
PMID 37935977 a_Summary_SoE.pdf,NCT01802333,37935977,False,True,False,False,True,False
PMID 38059497 CT_Summary_SoE.pdf,NCT03750786,38059497,True,False,False,False,False,False
PMID 38060199 CT_Summary_SoE.pdf,NCT04177108,38060199,False,False,True,False,True,True
PMID 38252907 a_Summary_SoE.pdf,NCT02864251,38252907,False,True,False,False,False,False
PMID 38483412 a_Summary_SoE.pdf,NCT03274687,38483412,True,False,False,False,True,False
PMID 38648575 a_Summary_SoE.pdf,NCT03088813,38648575,False,False,True,False,False,False
