nct,http_status,n_armgroups,sha256,from_cache
NCT00002597,200,2,0dc02d0ad1e037a6,False
NCT00002874,200,2,938c6966f4bcb010,False
NCT00003641,200,2,cdb710aaf5b0b597,False
NCT00004124,200,2,79780eaa94e8144e,False
NCT00004859,200,2,88506ffe17fdb7e0,False
NCT00006237,200,2,56de02bdf6e2ec74,False
NCT00007644,200,2,ab20e1236e99d657,False
NCT00019682,200,2,c84021ecd749621b,False
NCT00021255,200,3,2e719119a570e041,False
NCT00025259,200,7,d5e5b905d59b7467,False
NCT00033631,200,2,2994764e7d191812,False
NCT00041119,200,4,85524bcc72f08f99,False
NCT00047008,200,2,b763748e5b61b918,False
NCT00049543,200,2,96eee8d7d84d702f,False
NCT00063882,200,2,082864af693b8307,False
NCT00063999,200,2,bf5f976d5ae9d53f,False
NCT00065442,200,2,ce8de5796cf2cf85,False
NCT00066573,200,2,eebadb0f90c1a671,False
NCT00066690,200,3,54ea232ace23d5e8,False
NCT00066703,200,2,d223a7160a2584db,False
NCT00068601,200,2,ead95ac6a864b671,False
NCT00070564,200,6,047280b2e6c34279,False
NCT00075764,200,2,761c905341b0c39d,False
NCT00075803,200,2,23193a7171759daf,False
NCT00075816,200,2,a16682e8d61dc2c1,False
NCT00075829,200,3,3f1ccd63667b8812,False
NCT00075946,200,2,a43f75dac8ccd77c,False
NCT00078949,200,4,4499e0ff5779eec8,False
NCT00079001,200,2,7b6880d3226fb239,False
NCT00085735,200,6,a70403d27446ed0f,False
NCT00087022,200,2,c4eaa3efdb747ade,False
NCT00088907,200,2,93af0dcdace5baed,False
NCT00091169,200,2,35f6dd4fb92a0bb6,False
NCT00093795,200,3,31712a624ffb1add,False
NCT00094497,200,2,7c6de0def5c118fc,False
NCT00094653,200,3,8f7af73a931b3d0c,False
NCT00106691,200,2,8b39e4e98d68ff58,False
NCT00107172,200,2,8b1906012f50f52e,False
NCT00108745,200,3,94e890f707b3a49a,False
NCT00110019,200,2,62f161d12260b3d8,False
NCT00110214,200,2,2902636a84cae0b9,False
NCT00114101,200,2,c76f627dcd44c1c4,False
NCT00116142,200,2,028743f30c7450d6,False
NCT00118209,200,2,7fad9a475fb7ca8f,False
NCT00121992,200,2,db4fae4b26710b18,False
NCT00127205,200,3,d8c30cad001c7e9e,False
NCT00129389,200,2,5b40d0f982194f14,False
NCT00129935,200,2,03b59362ac86611e,False
NCT00130533,200,2,4b062e6661b33a96,False
NCT00130728,200,2,1375f02362911044,False
NCT00134030,200,4,2049fb8356b11cb3,False
NCT00210353,200,3,f6b23869b515a653,False
NCT00257608,200,2,da0152063791573c,False
NCT00260832,200,2,541914facb2150c0,False
NCT00262821,200,2,6bff189a45479b11,False
NCT00262847,200,3,ea14d592825fd65e,False
NCT00265850,200,3,4babc6ec311378c0,False
NCT00268983,200,2,2e3666c82b1483e1,False
NCT00281658,200,4,f13ea4336d7a51e1,False
NCT00281697,200,2,87479469ef99bb03,False
NCT00295620,200,2,3e41bb272d45004d,False
NCT00295646,200,4,01ae5479c21f331d,False
NCT00304031,200,3,005d43aae0688907,False
NCT00309985,200,2,472c38670425009f,False
NCT00310180,200,4,c4718a88fd4041d8,False
NCT00312377,200,2,359a5e7a94d8877d,False
NCT00317642,200,2,24f74f59b1b3c60a,False
NCT00320710,200,3,6b22e759e7096f09,False
NCT00324155,200,2,b6163f1d79022cca,False
NCT00331773,200,2,c857a184579451cf,False
NCT00337103,200,2,d641ccdc81b67dfc,False
NCT00338286,200,2,8ac71f7b99487dc3,False
NCT00353496,200,2,57bbcae4982e4235,False
NCT00354432,200,4,eb47ce6601e84c0a,False
NCT00364351,200,2,76bfd7f54a3c8de7,False
NCT00369785,200,2,ed5d4e250f53234b,False
NCT00372593,200,3,e13016f1f0b09b7f,False
NCT00374322,200,2,ea50afaf4500a40d,False
NCT00375674,200,2,f26c55627ba3e81f,False
NCT00377156,200,2,5844f6b31be497d1,False
NCT00382018,200,4,42f5070a39b905cd,False
NCT00384176,200,2,6df115d739a5b386,False
NCT00390455,200,2,ed2cdbd92dcd2704,False
NCT00399035,200,4,6f2396b58df95cc6,False
NCT00402779,200,2,b7615f77d04314ea,False
NCT00405756,200,3,8330097af9d865d1,False
NCT00406393,200,2,77640c0107af63bc,False
NCT00408005,200,17,50a07e7aed6ded14,False
NCT00410761,200,2,2df0149f5077e436,False
NCT00412061,200,2,6b92395c6336a794,False
NCT00412360,200,2,95cd6bcb167b85fe,False
NCT00414648,200,2,0668887694851f2d,False
NCT00418457,200,2,756bcc8b5561cba5,False
NCT00418574,200,2,e8ebd2e9b4faa666,False
NCT00424255,200,2,bf7490a87033e132,False
NCT00428597,200,2,0540c80103334247,False
NCT00430183,200,2,9144ac1dc64e520a,False
NCT00433511,200,3,aa46005e61302869,False
NCT00434642,200,2,be9e22076f816f66,False
NCT00435409,200,2,85f84f37eaf1e378,False
NCT00445601,200,2,a7c0ca6c59f8992c,False
NCT00449033,200,2,6f343c0a70947f17,False
NCT00457392,200,2,e5564f7cc7e5dcde,False
NCT00457691,200,2,f30da40e8107a147,False
NCT00471497,200,3,035c71fd13c2242e,False
NCT00474786,200,2,7d14e5dd0c5c8fa1,False
NCT00475085,200,4,46c447ff7f8e23e9,False
NCT00481247,200,2,0c0dc2a209112f24,False
NCT00482677,200,2,35fe188cc488e839,False
NCT00486954,200,2,e3bd59bae138a49b,False
NCT00490139,200,4,06f6a9f52ca91f4c,False
NCT00499109,200,2,07c6e54dc3a6f682,False
NCT00500890,200,2,289dc88aa3e83925,False
NCT00507416,200,3,3f29afe5be23e26f,False
NCT00510068,200,2,1da4acfdde7c5a76,False
NCT00532155,200,2,f3f888762bc4db3e,False
NCT00549848,200,2,af1f39206179b2a2,False
NCT00553358,200,3,7e9600958256f73d,False
NCT00553410,200,2,ac2e526f4008267a,False
NCT00556374,200,4,f51b4367977b036f,False
NCT00565851,200,4,e295b5bdba779acb,False
NCT00567190,200,2,dde2ec51701f38eb,False
NCT00567567,200,2,50e8a905299f7e84,False
NCT00567580,200,3,3d5812cfbb62a83b,False
NCT00569127,200,2,fa2b0c832318e69d,False
NCT00574873,200,2,5ae5a357f7c3b8f9,False
NCT00588770,200,8,35be6e4a6808cde3,False
NCT00602420,200,2,1c338d48d0e63d7b,False
NCT00617669,200,2,dda623b9f249e52e,False
NCT00631371,200,2,de9a84a7be186e31,False
NCT00632853,200,2,b79f8b4c11a5600b,False
NCT00638690,200,2,190af55b51b32a0b,False
NCT00651261,200,2,8d025d0c781e5b1d,False
NCT00655876,200,2,55e613f36c226324,False
NCT00667251,200,2,3a8417b3be44fa6f,False
NCT00676650,200,2,58470b9fb9fdcf8b,False
NCT00680901,200,2,6fa8823a1b9f89a8,False
NCT00686959,200,2,6fd2d34afd1d0740,False
NCT00689936,200,3,d357c4aa12e69d71,False
NCT00699751,200,2,532869b95011cf17,False
NCT00703820,200,2,1a16575841cb12d6,False
NCT00716976,200,2,21359d24da8ea0b2,False
NCT00722137,200,2,a8ab60bb3b797760,False
NCT00754845,200,2,e4b17ac1f2834187,False
NCT00762034,200,2,8ccb9e4953231c52,False
NCT00769379,200,2,a45047d8ff0e50bc,False
NCT00769704,200,2,30745d25a29a58e4,False
NCT00770874,200,2,99cfe15f164112ac,False
NCT00774345,200,2,bbcdbf40ae1c2465,False
NCT00775645,200,2,72b71e11ec164274,False
NCT00777153,200,3,2e6396759541878c,False
NCT00803062,200,4,338898072fe3ae16,False
NCT00807768,200,2,bc7be336ccd30650,False
NCT00824265,200,2,d13add648043fd00,False
NCT00844649,200,2,1931406ccf78974f,False
NCT00858364,200,2,03a34e40e204da2c,False
NCT00863655,200,2,1c14390e4fa85bc9,False
NCT00866697,200,2,11126226ad6b24d0,False
NCT00869206,200,2,be64c892eefa8129,False
NCT00879333,200,2,9bf76d9e36f406dd,False
NCT00884741,200,2,12e1aa0f4f7a068e,False
NCT00887198,200,2,4b98bb050ead1783,False
NCT00901901,200,2,a76ccbf794488fb1,False
NCT00910910,200,2,1903bf19478d3053,False
NCT00929695,200,2,34f93ed01e0e840a,False
NCT00932893,200,2,9849ccce739a67a4,False
NCT00934544,200,2,17a5208874f54ff0,False
NCT00936390,200,2,c317b1904210b339,False
NCT00942331,200,2,528eee907b812fd7,False
NCT00942357,200,2,28d920bb9389a8d7,False
NCT00943826,200,2,6ac4c26375f2a3b3,False
NCT00946712,200,2,a6d02b2795f3a3c2,False
NCT00949650,200,2,109e1714a20258ae,False
NCT00951496,200,3,5fb1105f7c6bc75a,False
NCT00952289,200,2,05b8b2775ebf575b,False
NCT00954174,200,2,d8e0365f47345c7b,False
NCT00961415,200,3,fa9fd270fe35a643,False
NCT00974311,200,2,9c792d352143cf28,False
NCT00976911,200,2,303403a4f173063f,False
NCT00984282,200,2,ab2b92cfb966a542,False
NCT01006980,200,2,72353dc077f12a13,False
NCT01012297,200,2,1ff6c67dbf6ff7e2,False
NCT01014208,200,2,ad5240edbbf1b040,False
NCT01015833,200,2,40c41587b5c88aab,False
NCT01029262,200,2,6df1c22452c66e26,False
NCT01039376,200,2,819c4483ffdbfee9,False
NCT01057810,200,2,daae9cd574e8481b,False
NCT01067144,200,2,ebb0c15b106a0dd7,False
NCT01077154,200,2,306085838a771e92,False
NCT01080391,200,2,089131755e284679,False
NCT01099449,200,3,3895e4ede42145e6,False
NCT01101438,200,2,27a18691b60a12e1,False
NCT01102426,200,2,e9c52f35c639460b,False
NCT01107626,200,3,3da346db8ac5dda5,False
NCT01109004,200,3,f0fd41bf541160bf,False
NCT01120184,200,3,7aadea0ccfabe77a,False
NCT01120249,200,2,8e6a6b68d52539c0,False
NCT01121393,200,2,75492c81c8e4f0ec,False
NCT01144364,200,1,0632055852fc5f17,False
NCT01150045,200,4,74bb31695da29220,False
NCT01154140,200,2,7821b26b86883e3d,False
NCT01156142,200,2,83b899bb8c8ffd44,False
NCT01160211,200,3,e6fbd48628983ecb,False
NCT01167712,200,2,0605d12dc2a413d3,False
NCT01168973,200,2,0365209428151758,False
NCT01169259,200,4,007234bddcd3224b,False
NCT01196390,200,2,088918565dc5677e,False
NCT01208662,200,2,b6ae5f18ff8c618c,False
NCT01212991,200,2,8c8bdec3825c39fb,False
NCT01227889,200,3,b21f1a4906a1d4a0,False
NCT01231412,200,3,3219c3dc6ccae01c,False
NCT01231906,200,2,0f310fc4f70a381d,False
NCT01235962,200,2,7735620ca19c02d2,False
NCT01238172,200,2,41e813210ca2934a,False
NCT01239797,200,2,cb74bca8806d3a9e,False
NCT01243944,200,2,b2e54c66ac9b414e,False
NCT01244191,200,2,4371c61ea52ec6b2,False
NCT01245062,200,3,7cdaaa18805a2181,False
NCT01254630,200,4,e4f133af412d4d10,False
NCT01271712,200,2,e7c35bad110b07cc,False
NCT01272037,200,2,6190da2453f84dce,False
NCT01275677,200,2,46e12fda3d15d27d,False
NCT01285609,200,2,b00a3a4a43b1d5b9,False
NCT01287741,200,2,fec78f83f5615f78,False
NCT01302834,200,2,dd503b63989d5bad,False
NCT01307579,200,2,62f590818fe5c9f6,False
NCT01308567,200,3,2c803c9aaed3e90a,False
NCT01308580,200,2,5c5b7509cd8ba616,False
NCT01321554,200,4,8823afd83fc9b360,False
NCT01322490,200,3,f0244c1d481a45da,False
NCT01332968,200,2,ac2cb97a310fc58c,False
NCT01339910,200,2,b8e9eeb6b52bcb12,False
NCT01343277,200,2,b27df6715c2218c6,False
NCT01345669,200,2,377af204f37cd3b9,False
NCT01351415,200,2,c6417de86e86f1d2,False
NCT01358877,200,2,f86039099d9aa942,False
NCT01385137,200,2,3ade4549bf7d2e22,False
NCT01414608,200,2,6f128c6b9d43e8ae,False
NCT01435018,200,3,d8eb6d9f86fb168b,False
NCT01438476,200,2,60d015ee712af803,False
NCT01450761,200,2,1e25e6c4da7adccd,False
NCT01459497,200,2,5ed81f4272333f55,False
NCT01461928,200,2,d04cf125f135b02d,False
NCT01482962,200,2,52b811291d9baf5c,False
NCT01509612,200,3,491cffa7abe0941b,False
NCT01512745,200,2,bf6b3bf3ab8be3ea,False
NCT01515748,200,2,7eb8634db08ed240,False
NCT01519700,200,2,88071b98c37dcf98,False
NCT01524783,200,2,95c36e2e66365cfb,False
NCT01535053,200,2,231c2da12836ad12,False
NCT01539083,200,3,0a98d3cd4cca962c,False
NCT01539291,200,2,63e4b3c98c8553f7,False
NCT01539512,200,2,307c72e76bd3201b,False
NCT01544179,200,2,04393dae3d36ea83,False
NCT01564537,200,2,f079b380d6734733,False
NCT01566695,200,2,814b0ab00d19341a,False
NCT01569295,200,2,8cc9928717ad602f,False
NCT01573442,200,2,ad4bb951c057a108,False
NCT01575548,200,2,438bfb120757e6f3,False
NCT01578239,200,2,86a240454ba52fe9,False
NCT01578499,200,2,813dc90c2bee783f,False
NCT01578707,200,2,aa21b4a8bced7cba,False
NCT01596283,200,2,4d3b83353600167e,False
NCT01597908,200,2,26b9bcf37a6d05f4,False
NCT01598298,200,2,5383da8033dbdbc1,False
NCT01599754,200,2,a2d54db82263fc14,False
NCT01602380,200,2,6fa44184cfa11c78,False
NCT01607957,200,2,de7449997a256577,False
NCT01611090,200,2,23836b83219fa351,False
NCT01642004,200,2,cb99711e059c4942,False
NCT01646021,200,2,56e0133deb3e995b,False
NCT01649856,200,2,a56d8551db930b06,False
NCT01659021,200,2,41d08f4f49502692,False
NCT01667419,200,4,fb948eb5169999ba,False
NCT01668784,200,2,f75f139d53802a4e,False
NCT01672892,200,2,2cf7c98cdba7ebca,False
NCT01673867,200,2,f6c64ebc9008488c,False
NCT01674140,200,2,e08f255669ac393f,False
NCT01677910,200,4,b8e2c47cd3c4b0ee,False
NCT01682083,200,2,242fa7bd19bec779,False
NCT01689519,200,2,61904d0fa168813a,False
NCT01696084,200,2,b12a5671aeedddab,False
NCT01706939,200,2,1d20dbc4954eb1c4,False
NCT01712490,200,2,10a704fef92df3bf,False
NCT01715285,200,2,b0e9565dba39bac9,False
NCT01718873,200,2,8e79f15caf143fa8,False
NCT01721772,200,2,3e55bb4527e6d802,False
NCT01722487,200,2,d5dc9992bbea44ef,False
NCT01728805,200,2,75918ad2f48be5e9,False
NCT01734928,200,2,304251b738181366,False
NCT01740427,200,2,21fe11b283c72d18,False
NCT01755767,200,4,8103e7523a4796e2,False
NCT01757535,200,2,f47556fa11387577,False
NCT01772472,200,2,fc87e35386c395f4,False
NCT01776840,200,2,39a83cd338b9d240,False
NCT01777152,200,2,68db93e971830485,False
NCT01781468,200,3,151fe848d6854f64,False
NCT01802333,200,3,624e150eb13970b2,False
NCT01806259,200,2,908c2324cc0b6a15,False
NCT01808573,200,2,dfdd0b8736ba44b9,False
NCT01809691,200,2,b3c6c7336eb3d021,False
NCT01818752,200,2,a520f86f4c966edd,False
NCT01828099,200,2,96c967877cd6f444,False
NCT01843062,200,2,8e435d5e162f0b18,False
NCT01844505,200,3,f22cce397828545f,False
NCT01844986,200,2,86a9ed610459047e,False
NCT01846611,200,2,fb0d6668a6def737,False
NCT01847274,200,2,4fc58d9b8efabb15,False
NCT01849874,200,2,65c6b69b6b6554df,False
NCT01855750,200,2,86f2fe05466167ef,False
NCT01856543,200,2,7093a78e12d0b9e7,False
NCT01864746,200,2,487f8476023ca7e8,False
NCT01865747,200,2,dfca4a37dcce2875,False
NCT01866319,200,3,0710e2e05412126a,False
NCT01874353,200,2,f22c64ddeacb83bd,False
NCT01886872,200,3,32771949dd7e8e56,False
NCT01905657,200,3,d5bffcc19a9f8332,False
NCT01908426,200,2,27d29aab72630a67,False
NCT01909453,200,4,1d3286750f0b6a71,False
NCT01924533,200,2,623b659910abd967,False
NCT01933932,200,2,1c4a08572b0e6718,False
NCT01938001,200,2,295173d774043ad7,False
NCT01942135,200,2,244e82554a6d265a,False
NCT01945775,200,2,97087b40d2edc06f,False
NCT01946204,200,2,87bac97bc5122be9,False
NCT01949337,200,2,26647ac5ad4e4810,False
NCT01958021,200,2,f3704a2ed53a8bce,False
NCT01964430,200,2,678f72442eb5e195,False
NCT01966471,200,2,bed18650ecc81bff,False
NCT01968213,200,2,1c3e39482979d10d,False
NCT01974440,200,2,d9e5b3497a6cd667,False
NCT01974752,200,2,7562bd5da1901d7e,False
NCT01989572,200,6,c925c6069276c4e7,False
NCT01998880,200,3,2fd2a4456f3598b9,False
NCT02000622,200,2,3bf959e31e965cb3,False
NCT02003924,200,2,aaa70c347875e843,False
NCT02004522,200,2,7a2abc207355ff4d,False
NCT02005471,200,4,77a42dea997e3390,False
NCT02008227,200,2,070d22ef42ce27b2,False
NCT02013167,200,2,56c8ea62046fcb94,False
NCT02017717,200,3,b94ba82ca331ac54,False
NCT02039726,200,2,94a2bd1916a52e39,False
NCT02041533,200,2,4f65e07118fcff1c,False
NCT02043678,200,2,db6c50d8331e362b,False
NCT02048813,200,2,7b3dc4518a24f40f,False
NCT02055781,200,3,eac68c1b136e7889,False
NCT02066181,200,2,b1f996145b362ff6,False
NCT02073682,200,2,9f49ccc3bae91a4f,False
NCT02075840,200,2,4c613dc40fcf39ab,False
NCT02076009,200,2,2ab420f9602aedcf,False
NCT02101021,200,2,eab7eb5bd2af8f4e,False
NCT02101853,200,4,ad7aed5ffca0fb79,False
NCT02105636,200,2,bd863cd0f5eefa42,False
NCT02106494,200,2,d5785dc51a8f1285,False
NCT02107703,200,2,4c22801863ee44f7,False
NCT02111577,200,2,4b973943a03c3605,False
NCT02112916,200,2,cb025a3d5b7bc4ca,False
NCT02115282,200,2,e0eaad624d16506c,False
NCT02125461,200,2,bc4135e9f60970c8,False
NCT02130557,200,2,9c884fbeb967e339,False
NCT02135419,200,2,ee7a7e114f64d477,False
NCT02136134,200,2,bb490b4857349595,False
NCT02142738,200,6,a13a94e6efae5303,False
NCT02149108,200,2,150cc1df2ad90e6f,False
NCT02149524,200,2,808945b32bc9cce3,False
NCT02151981,200,2,f28896b3368c7a79,False
NCT02152631,200,2,eec9799c0cf03ea3,False
NCT02163694,200,2,7d0e55d1c0ec91ab,False
NCT02165397,200,3,8865cbc1f4815a77,False
NCT02166463,200,2,25fc5c49056aa6e3,False
NCT02181413,200,2,b63fedd518daa580,False
NCT02184195,200,2,3e52cd20ed79448d,False
NCT02200614,200,2,56aa98015be5ebe9,False
NCT02213263,200,2,2a65b84c249c8c4c,False
NCT02220894,200,2,f88b42b805db4c37,False
NCT02229539,200,3,bd92a6cc93a444a9,False
NCT02231086,200,2,fca163eb4119ccdd,False
NCT02231749,200,2,513eb2ad6f2c7db8,False
NCT02242942,200,3,a1c13504338c3210,False
NCT02246621,200,2,8f9d16daa0914063,False
NCT02252042,200,2,5f47f96d4b5baaf2,False
NCT02252172,200,2,2885ca6f1e8a2045,False
NCT02256436,200,2,b814ba2cf13732d2,False
NCT02257736,200,2,f1308c95883b49c2,False
NCT02260804,200,2,e87aa42703e37b2f,False
NCT02264574,200,2,af7dfadb3ad44edf,False
NCT02264990,200,2,ace0cd17ce623b22,False
NCT02278120,200,2,c697ad7d24bbc5d5,False
NCT02282020,200,2,e39f1b3643efbd7f,False
NCT02285062,200,2,13b0d3424edb1ee0,False
NCT02288247,200,2,381c8cc56aa3f562,False
NCT02296125,200,2,fe044ae26fa09678,False
NCT02297438,200,2,c13420475f16b13a,False
NCT02301156,200,2,830762a722ee0d25,False
NCT02302807,200,2,707819f15707a64b,False
NCT02306161,200,2,ac226351592c2247,False
NCT02312258,200,2,525ae049154c18cc,False
NCT02322593,200,2,2229e709c7a2176c,False
NCT02329860,200,2,0e74f7d4f0f70b44,False
NCT02340221,200,2,ea7f66f9a7db62ca,False
NCT02345850,200,3,b2615c1bfbab8a03,False
NCT02348489,200,2,bb4fbd963568a016,False
NCT02349412,200,2,35b215871a96b84c,False
NCT02352948,200,6,fd4b39ea96b6cdde,False
NCT02358031,200,3,e9e9e32ec138288e,False
NCT02360215,200,2,79524587bb3d090f,False
NCT02362594,200,2,8c1e44c0b470dc4d,False
NCT02364999,200,2,2dc754a36295783a,False
NCT02366143,200,3,669a7eb44a0cf6e9,False
NCT02367040,200,2,8f0aa61319c5cd96,False
NCT02367781,200,2,cae000ba92cd280c,False
NCT02367794,200,3,d6ee0f55b7dcb227,False
NCT02369653,200,2,268ef5c83c331855,False
NCT02369874,200,3,8810a11724e51704,False
NCT02370498,200,2,f1afd9173319996c,False
NCT02383966,200,2,7be5da84aa8397e3,False
NCT02388906,200,2,f9fed2a517000094,False
NCT02393859,200,2,37337173c860341e,False
NCT02394795,200,2,b252ce1876c6635d,False
NCT02395016,200,2,64bb3e6990f92ea5,False
NCT02395172,200,2,d49d97078aef4777,False
NCT02409342,200,2,bfc2598b57c51da8,False
NCT02411448,200,3,3c498c6fe01df415,False
NCT02412878,200,2,2b99f594ad540576,False
NCT02420821,200,2,06244c178e1f486d,False
NCT02421939,200,2,3b86bad4489250c6,False
NCT02422615,200,2,d2255947344d59ad,False
NCT02425891,200,2,c95cd599a03056e8,False
NCT02426125,200,2,1a2785b95fa91570,False
NCT02429427,200,2,8b834edafa1f52b7,False
NCT02435433,200,5,b5eedb2d3a9b2095,False
NCT02436668,200,2,5123964772bfc636,False
NCT02437318,200,2,72ff6a06947ebd28,False
NCT02445391,200,3,d82af93e8e288610,False
NCT02446600,200,3,7afd5a93a1230d20,False
NCT02448381,200,2,501d302bbe81fd30,False
NCT02450331,200,2,5dd518bdc1523956,False
NCT02451943,200,2,8964143c6dea99fd,False
NCT02453282,200,3,2c2dbc390a8f37a1,False
NCT02454933,200,2,490002525b370527,False
NCT02472964,200,2,4544f460c1fb845b,False
NCT02475681,200,3,32defd881fc5c657,False
NCT02489318,200,2,42b6303d1de1c974,False
NCT02492711,200,3,025d1e4f165723bc,False
NCT02494583,200,3,4cb679a585cdb1c1,False
NCT02500043,200,2,09f30099005fe7fe,False
NCT02504372,200,2,e200175524082c12,False
NCT02511106,200,2,e3c7b25cacd49d88,False
NCT02513394,200,2,d6506480346da059,False
NCT02516241,200,3,02d4ffb50572552c,False
NCT02518191,200,2,db882cb91ff09039,False
NCT02538666,200,3,d89a98e9ec18bdb9,False
NCT02545504,200,2,533c671c807aed17,False
NCT02555657,200,2,83be5dccc4526936,False
NCT02555878,200,2,c5ba259c30ad614e,False
NCT02563002,200,2,89dfb1af2b41e3fb,False
NCT02564263,200,2,f09a65e88b2ce9a0,False
NCT02569242,200,2,663356c891cc0f52,False
NCT02574455,200,2,54caf62a08d63e20,False
NCT02576509,200,2,8378aa84677991c1,False
NCT02576574,200,3,23f5eab4371f48a3,False
NCT02576977,200,2,b21739a6fad97e65,False
NCT02578680,200,2,323e5621e1ce4cf2,False
NCT02579863,200,2,753be4f5894eadbf,False
NCT02580058,200,3,15456a7ccdbbf30e,False
NCT02586025,200,2,fc59c79c379c4a2b,False
NCT02588261,200,2,f2b28311fb24bd85,False
NCT02603432,200,2,0ffba57587be73d5,False
NCT02604342,200,2,3d012c65c6c1aa77,False
NCT02611960,200,2,4b3cb53648d25d28,False
NCT02613507,200,2,012f7cef5cb5811c,False
NCT02617589,200,2,40edf4a93d0c4179,False
NCT02625610,200,2,f2723851e6fa0181,False
NCT02625623,200,2,b40e645a1a8c83f2,False
NCT02627963,200,2,a0de6af7349ac12f,False
NCT02631876,200,2,8c9a634ab41ba9ec,False
NCT02632409,200,2,42f396e126ead723,False
NCT02654587,200,2,487b366db684826b,False
NCT02655016,200,2,fa8531781ed003f4,False
NCT02663908,200,2,a10e36238fa7da7f,False
NCT02667587,200,2,b1643359ff30c27e,False
NCT02668653,200,2,ddfa3cdef5f3477a,False
NCT02677896,200,3,d27b1767a629f858,False
NCT02703272,200,2,b086531d2597f564,False
NCT02714218,200,3,b040045959b4f527,False
NCT02718417,200,3,64231dafb1c8705a,False
NCT02726581,200,3,250261d8fedff869,False
NCT02737501,200,3,7d0a5145e06b7da2,False
NCT02741570,200,2,7ca47d65755a0cec,False
NCT02743494,200,2,5ad73f34846e9b08,False
NCT02747043,200,2,e607d343d0ce3fe4,False
NCT02752074,200,2,f56d7625fa90cf3d,False
NCT02753127,200,2,861bd164976ccdb0,False
NCT02755597,200,2,75906da363b97ea1,False
NCT02763579,200,2,ada56dac837e6a06,False
NCT02775435,200,2,ca9effe5d30a0e48,False
NCT02785952,200,2,55a853b2db22be87,False
NCT02788279,200,3,0a2f0785732ccc43,False
NCT02799602,200,2,98afdbb749cf7795,False
NCT02807636,200,3,869ccec2f2e463b5,False
NCT02810457,200,2,b791d0c47bf6893c,False
NCT02811861,200,3,872ed97dba9bd3b5,False
NCT02819518,200,5,ab652ddf53968cb1,False
NCT02853305,200,3,418c1b2354ed0c90,False
NCT02853331,200,2,a3bf6576ba78eecd,False
NCT02855944,200,2,82f464426671e0ac,False
NCT02864251,200,3,667b0cc31b82c6b8,False
NCT02864394,200,2,877d813cf236ccfe,False
NCT02872103,200,2,569fcc0d19740f2c,False
NCT02872116,200,5,21332362592a264b,False
NCT02883049,200,8,d5ce0075005b69fa,False
NCT02896855,200,2,ac70fc9dfdeba3d3,False
NCT02899299,200,2,76464d096b9195f1,False
NCT02908672,200,2,56c90793fe5356be,False
NCT02915744,200,2,efabbae1c0a23124,False
NCT02920008,200,2,3921fc6523ebb6d6,False
NCT02923921,200,2,8a5967b4a8a6a9ed,False
NCT02927249,200,2,0432b4f93c4305a5,False
NCT02928224,200,3,a03d1430303c7bc0,False
NCT02952586,200,2,2f5aec1d34196eca,False
NCT02954172,200,2,c307fda245a36de3,False
NCT02967692,200,4,7b64ac21a0ead433,False
NCT02970318,200,2,39222e85aba504fa,False
NCT02975934,200,2,6cb55da3411a680d,False
NCT02987543,200,2,a54981e2468a40ed,False
NCT02989857,200,3,21bb9ff3ae99d475,False
NCT02990338,200,2,48dc78756f5db56f,False
NCT02993523,200,3,a04e8d8c2ce437a9,False
NCT02993731,200,2,119837d80d1db36a,False
NCT02998528,200,3,6557c38ebb9bbbdc,False
NCT03016312,200,2,4160d3315317ead8,False
NCT03024996,200,2,7827dd7886b107a6,False
NCT03038100,200,2,e47625cbc19de388,False
NCT03040999,200,2,5d75f13b481f7e79,False
NCT03043872,200,3,c8450b21ce13d462,False
NCT03052608,200,2,42a302d34404b76a,False
NCT03053440,200,2,e67887d890b70f0e,False
NCT03055013,200,2,d5dc7f996b304049,False
NCT03062358,200,2,e919defec5ee91f1,False
NCT03068455,200,2,43ad99b36f9525d4,False
NCT03072238,200,2,0b71ed42eeb362d2,False
NCT03085095,200,2,4ce0f53e04b2ac5e,False
NCT03088813,200,4,458a1791e1764be9,False
NCT03091192,200,2,91ee58e62c24b836,False
NCT03099382,200,2,c16a79c796e4db3d,False
NCT03103321,200,4,3715a9aa7a23766a,False
NCT03106779,200,2,289b0a2b0eba04b3,False
NCT03110562,200,4,cf8d6ca155e66f77,False
NCT03125902,200,2,61bd70a115a24626,False
NCT03131713,200,2,492859ae20d341c8,False
NCT03137121,200,2,b70eb3637bb36b3b,False
NCT03141177,200,3,ffd1f580ed6fa8e3,False
NCT03142334,200,2,91a47e5b0914f944,False
NCT03143153,200,3,ad2208cf1be274e8,False
NCT03151408,200,2,95e3dd3323fa9d32,False
NCT03151811,200,2,4f5d6fd19e04641d,False
NCT03155997,200,2,e0decfc6c2580336,False
NCT03158688,200,2,ad2320d739035191,False
NCT03164616,200,3,631ba09d1ecc863c,False
NCT03173248,200,2,229f0ef623ab5efe,False
NCT03180307,200,2,0dfe7f4be93ab48b,False
NCT03180736,200,2,97cc610a8edcf00e,False
NCT03189719,200,2,75e591779657a5c2,False
NCT03191786,200,2,95b2de35d204359d,False
NCT03196791,200,2,30a01be67ec3de17,False
NCT03197935,200,2,843160445ef12c04,False
NCT03215706,200,2,6a6bba08ccb6909b,False
NCT03246529,200,2,ad6853a092349961,False
NCT03257267,200,2,24db973076fc72c8,False
NCT03268954,200,2,8a24ecc415c16e2e,False
NCT03269344,200,2,a4ff060f906e76aa,False
NCT03274687,200,2,e0868459e3464042,False
NCT03277105,200,2,b956f773ee701138,False
NCT03296163,200,2,8c4a43309c609d63,False
NCT03298451,200,4,9680c978ef4f38ac,False
NCT03302234,200,2,e98b285082013e4e,False
NCT03336333,200,6,4f756a9ddd97a2cb,False
NCT03391466,200,2,6cc43b55ea56b9db,False
NCT03395197,200,2,92ed2dcf22493af3,False
NCT03416179,200,4,45b194ac9a8653fa,False
NCT03419403,200,3,38390ac2393ac706,False
NCT03430843,200,2,a6b4f9f8cd92c748,False
NCT03434379,200,2,c0b011d7ded78957,False
NCT03447769,200,2,962280581efa8d96,False
NCT03462719,200,2,95aa610496df8009,False
NCT03465722,200,2,239a9153f43c2054,False
NCT03471078,200,2,1ae7b9d041d7bfa2,False
NCT03474107,200,3,deaefe5c789df176,False
NCT03493854,200,2,91efe4e914876bf6,False
NCT03511664,200,2,e531c7c70d7f4468,False
NCT03517449,200,2,0ca500c4e7169a6e,False
NCT03523585,200,3,b3cb11ff662dd35f,False
NCT03529110,200,2,2d58c9695e0965bc,False
NCT03553836,200,2,f3cee43bc66de879,False
NCT03578081,200,2,5498b8e051d52888,False
NCT03581786,200,2,f31f786e32a6a038,False
NCT03594747,200,3,7d3806a8d4a6470c,False
NCT03629925,200,2,5153e6b0b95ac239,False
NCT03635489,200,2,0260b63547d82f8f,False
NCT03635567,200,2,4d65e4354a523bdf,False
NCT03654729,200,3,ba885ae6b2cf465b,False
NCT03673501,200,2,290af00a03b8e9f3,False
NCT03675737,200,2,2f3c937bf27da784,False
NCT03686215,200,2,d0a4d47951b7047a,False
NCT03690388,200,2,41c387827c7539aa,False
NCT03713593,200,2,7c956bbf146bdb38,False
NCT03726879,200,2,819b7e9e54764a1a,False
NCT03729245,200,2,ebba1bb316c6385a,False
NCT03732820,200,2,f760fe88276bb409,False
NCT03734016,200,2,e202232ce01c32e9,False
NCT03734029,200,2,294aee652caf537d,False
NCT03748641,200,3,a1a133de157b98f2,False
NCT03750786,200,2,f521a9accec02f86,False
NCT03764293,200,2,a3b192f59f59123e,False
NCT03778931,200,2,d31a0d1b99f0443c,False
NCT03783442,200,2,480382e8d1a3a395,False
NCT03829969,200,2,8f42192e891a7a36,False
NCT03830866,200,2,80a394008ff65edd,False
NCT03834519,200,2,d1f016f1ff293692,False
NCT03839940,200,2,19709491949c57a3,False
NCT03849768,200,2,37c703d1cc414564,False
NCT03850444,200,2,53ae3832e6cd8c18,False
NCT03875092,200,2,0cae2007f81535fe,False
NCT03875235,200,2,1493dd42eb3182d2,False
NCT03959241,200,2,d66e084c62aa1dda,False
NCT04003636,200,2,4474cb7a810316a8,False
NCT04083235,200,2,98e8fe2b7d5be3fd,False
NCT04099251,200,2,bb92f6ae4157675e,False
NCT04162210,200,2,b877c8fad0fc62bc,False
NCT04164901,200,2,9f8b1620aa64435f,False
NCT04173494,200,2,21e3a16cabe7ea9e,False
NCT04177108,200,5,00c4d0aa20592f26,False
NCT04248829,200,2,774b4fdb249fcb9a,False
NCT04303780,200,2,4d9dba19c96da0c0,False
NCT04322539,200,2,396dd13d4b4534c1,False
NCT04338269,200,2,c1802f60bdf2204c,False
NCT04471428,200,2,f463fc7e60dd8cb5,False
NCT04478266,200,2,abd068d6940df218,False
NCT04538664,200,2,76f297e2747a2297,False
NCT04633564,200,2,a2f512d3b06ec57f,False
NCT04649060,200,2,20a340d650bf7ac5,False
NCT04676412,200,2,f337b1f9b80613b5,False
NCT04737187,200,2,34e412b220108be5,False
NCT04776148,200,2,81be61873b11b66a,False
