filename,pmid,publication_year
PMID 27731748 a_Summary_SoE.pdf,27731748,2017
PMID 31688884 a_Summary_SoE.pdf,31688884,2019
PMID 32459600 a_Summary_SoE.pdf,32459600,2020
PMID 28891408 a_Summary_SoE.pdf,28891408,2017
PMID 29420164 a_Summary_SoE.pdf,29420164,2018
PMID 31590988 a_Summary_SoE.pdf,31590988,2019
PMID 30280641 a_Summary_SoE.pdf,30280641,2018
PMID 28581356 a_Summary_SoE.pdf,28581356,2017
PMID 34407542 a_Summary_SoE.pdf,34407542,2021
PMID 30280635 a_Summary_SoE.pdf,30280635,2018
PMID 28034081 a_Summary_SoE.pdf,28034081,2017
PMID 31454045 a_Summary_SoE.pdf,31454045,2019
PMID 31365801 a_Summary_SoE.pdf,31365801,2019
PMID 31150574 a_Summary_SoE.pdf,31150574,2019
PMID 23509322 a_Summary_SoE.pdf,23509322,2013
PMID 26351350 a_Summary_SoE.pdf,26351350,2015
PMID 31820339 CT_Summary_SoE.pdf,31820339,2020
PMID 22149875 a_Summary_SoE.pdf,22149875,2012
PMID 30177994 a_Summary_SoE.pdf,30177994,2018
PMID 32437507 a_Summary_SoE.pdf,32437507,2020
PMID 31582355 a_Summary_SoE.pdf,31582355,2019
PMID 31002578 a_Summary_SoE.pdf,31002578,2019
PMID 23569308 a_Summary_SoE.pdf,23569308,2013
PMID 26628478 a_Summary_SoE.pdf,26628478,2016
PMID 30024784 a_Summary_SoE.pdf,30024784,2018
PMID 35240074a_Summary_SoE.pdf,35240074,2022
PMID 31345387 CT_Summary_SoE.pdf,31345387,2019
PMID 30575484 a_Summary_SoE.pdf,30575484,2018
PMID 20570559 CT a_Summary_SoE.pdf,20570559,2010
PMID 30287523 CT_Summary_SoE.pdf,30287523,2018
PMID 22965965 a_Summary_SoE.pdf,22965965,2012
PMID 22551107 a_Summary_SoE.pdf,22551107,2012
PMID 27569442 CT_Summary_SoE.pdf,27569442,2016
PMID 29989857 a_Summary_SoE.pdf,29989857,2018
PMID 36099926 a_Summary_SoE.pdf,36099926,2022
PMID 24081940 a_Summary_SoE.pdf,24081940,2013
PMID 26712084b_Summary_SoE.pdf,26712084,2016
PMID 31240472 CT_Summary_SoE.pdf,31240472,2019
PMID 22025146 CT_Summary_SoE.pdf,22025146,2012
PMID 37315297 a_Summary_SoE.pdf,37315297,2023
PMID 33021870 a_Summary_SoE.pdf,33021870,2020
PMID 37069359 a_Summary_SoE.pdf,37069359,2023
PMID 29860922 CT_Summary_SoE.pdf,29860922,2018
PMID 22965961 a_Summary_SoE.pdf,22965961,2012
PMID 27914822_Summary_SoE.pdf,27914822,2017
PMID 29863955 a_Summary_SoE.pdf,29863955,2018
PMID 36669140 a_Summary_SoE.pdf,36669140,2023
PMID 23358972_Summary_SoE.pdf,23358972,2013
PMID 21410393 a_Summary_SoE.pdf,21410393,2011
PMID 28029326 a_Summary_SoE.pdf,28029326,2017
PMID 25629741 a_Summary_SoE.pdf,25629741,2015
PMID 35045221 a_Summary_SoE.pdf,35045221,2022
PMID 25184863 a_Summary_SoE.pdf,25184863,2014
PMID 25014687 a_Summary_SoE.pdf,25014687,2014
PMID 33078978 a_Summary_SoE.pdf,33078978,2020
PMID 35032434 a_Summary_SoE.pdf,35032434,2022
PMID 26027431 a_Summary_SoE.pdf,26027431,2015
PMID 34092112 a_Summary_SoE.pdf,34092112,2021
PMID 37071094 a_Summary_SoE.pdf,37071094,2023
PMID 21306238 a_Summary_SoE.pdf,21306238,2011
PMID 36764316 a_Summary_SoE.pdf,36764316,2023
PMID 34407342 a_Summary_SoE.pdf,34407342,2021
PMID 37646660 CT_Summary_SoE.pdf,37646660,2024
PMID 27705267 a_Summary_SoE.pdf,27705267,2016
PMID 34264316 a_Summary_SoE.pdf,34264316,2021
PMID 29668860 a_Summary_SoE.pdf,29668860,2018
PMID 36327426 a_Summary_SoE.pdf,36327426,2023
PMID 33651091 a_Summary_SoE.pdf,33651091,2021
PMID 23980091 a_Summary_SoE.pdf,23980091,2013
PMID 19213681 a_Summary_SoE.pdf,19213681,2009
PMID 25092781 a_Summary_SoE.pdf,25092781,2014
PMID 25354103 a_Summary_SoE.pdf,25354103,2014
PMID 30262187 CT _Summary_SoE.pdf,30262187,2018
PMID 22965962 a_Summary_SoE.pdf,22965962,2012
PMID 30522922 CT_Summary_SoE.pdf,30522922,2019
PMID 26811519 a_Summary_SoE.pdf,26811519,2016
PMID 31327687 CT_Summary_SoE.pdf,31327687,2019
PMID 23816960 a_Summary_SoE.pdf,23816960,2013
PMID 25154829 a_Summary_SoE.pdf,25154829,2014
PMID 27718784 a_Summary_SoE.pdf,27718784,2016
PMID 31806543 CT_Summary_SoE.pdf,31806543,2020
PMID 36535566 CT_Summary_SoE.pdf,36535566,2023
PMID 37116523 a_Summary_SoE.pdf,37116523,2023
PMID 34087126 a_Summary_SoE.pdf,34087126,2021
PMID 34997889 CT_Summary_SoE.pdf,34997889,2022
PMID 24733799 a_Summary_SoE.pdf,24733799,2014
PMID 24101040 a_Summary_SoE.pdf,24101040,2013
PMID 36503738 CT_Summary_SoE.pdf,36503738,2023
PMID 31003911 CT_Summary_SoE.pdf,31003911,2019
PMID 28296618 a_Summary_SoE.pdf,28296618,2017
PMID 31329516 a_Summary_SoE.pdf,31329516,2019
PMID 27959613 a_Summary_SoE.pdf,27959613,2016
PMID 33044684 CT_Summary_SoE.pdf,33044684,2020
PMID 24881463 a_Summary_SoE.pdf,24881463,2014
PMID 35108470 a_Summary_SoE.pdf,35108470,2022
PMID 31693129 CT_Summary_SoE.pdf,31693129,2020
PMID 37792130 CT_Summary_SoE.pdf,37792130,2023
PMID 35427471 CT_Summary_SoE.pdf,35427471,2022
PMID 23248256 a_Summary_SoE.pdf,23248256,2013
PMID 36346687 CT_Summary_SoE.pdf,36346687,2023
PMID 34341578 CT_Summary_SoE.pdf,34341578,2021
PMID 25311218 a_Summary_SoE.pdf,25311218,2014
PMID 25399551 a_Summary_SoE.pdf,25399551,2015
PMID 32073956 a_Summary_SoE.pdf,32073956,2020
PMID 22663011 a_Summary_SoE.pdf,22663011,2012
PMID 29151359 a_Summary_SoE.pdf,29151359,2018
PMID 37272516 a_Summary_SoE.pdf,37272516,2023
PMID 30777794 a_Summary_SoE.pdf,30777794,2019
PMID 33764805 a_Summary_SoE.pdf,33764805,2021
PMID 33683919 a_Summary_SoE.pdf,33683919,2021
PMID 34264305 a_Summary_SoE.pdf,34264305,2021
PMID 25779558 a_Summary_SoE.pdf,25779558,2015
PMID 29658430 a_Summary_SoE.pdf,29658430,2018
PMID 31399378 CT_Summary_SoE.pdf,31399378,2019
PMID 29972759 a_Summary_SoE.pdf,29972759,2018
PMID 38552197 a_Summary_SoE.pdf,38552197,2024
PMID 22808955 a_Summary_SoE.pdf,22808955,2012
PMID 28753384 a_Summary_SoE.pdf,28753384,2017
PMID 36541957 a_Summary_SoE.pdf,36541957,2023
PMID 29625879 CT_Summary_SoE.pdf,29625879,2018
PMID 32402160 a_Summary_SoE.pdf,32402160,2020
PMID 26035255 a_Summary_SoE.pdf,26035255,2015
PMID 38320161 a_Summary_SoE.pdf,38320161,2023
PMID 31221619 a_Summary_SoE.pdf,31221619,2019
PMID 24982504 CT_Summary_SoE.pdf,24982504,2014
PMID 34320285 a_Summary_SoE.pdf,34320285,2021
PMID 34133211 a_Summary_SoE.pdf,34133211,2021
PMID 27908454 CT_Summary_SoE.pdf,27908454,2016
PMID 29801011 CT_Summary_SoE.pdf,29801011,2018
PMID 30345884 a_Summary_SoE.pdf,30345884,2018
PMID 33631112 CT_Summary_SoE.pdf,33631112,2021
PMID 33914256 CT_Summary_SoE.pdf,33914256,2021
PMID 25470694 a_Summary_SoE.pdf,25470694,2014
PMID 28796588 a_Summary_SoE.pdf,28796588,2017
PMID 24043745 a_Summary_SoE.pdf,24043745,2013
PMID 31665578 a_Summary_SoE.pdf,31665578,2019
PMID 34246347 CT_Summary_SoE.pdf,34246347,2021
PMID 35320644 a_Summary_SoE.pdf,35320644,2022
PMID 24590644 a_Summary_SoE.pdf,24590644,2014
PMID 23295789 a_Summary_SoE.pdf,23295789,2013
PMID 33848462 CT_Summary_SoE.pdf,33848462,2021
PMID 27044935 a_Summary_SoE.pdf,27044935,2016
PMID 29880231 a_Summary_SoE.pdf,29880231,2018
PMID 34237250 a_Summary_SoE.pdf,34237250,2021
PMID 24881730 a_Summary_SoE.pdf,24881730,2014
PMID 37845511 a_Summary_SoE.pdf,37845511,2023
PMID 30545780 CT_Summary_SoE.pdf,30545780,2019
PMID 27787547 a_Summary_SoE.pdf,27787547,2017
PMID 22915657 a_Summary_SoE.pdf,22915657,2012
PMID 26540028 a_Summary_SoE.pdf,26540028,2016
PMID 37788412 a_Summary_SoE.pdf,37788412,2024
PMID 25366680 a_Summary_SoE.pdf,25366680,2014
PMID 26244877 a_Summary_SoE.pdf,26244877,2015
PMID 30346481 CT_Summary_SoE.pdf,30346481,2018
PMID 32379269 a_Summary_SoE.pdf,32379269,2020
PMID 31800611 a_Summary_SoE.pdf,31800611,2019
PMID 27979383 a_Summary_SoE.pdf,27979383,2017
PMID 24982457 a_Summary_SoE.pdf,24982457,2014
PMID 37524096 a_Summary_SoE.pdf,37524096,2023
PMID 34161051 a_Summary_SoE.pdf,34161051,2021
PMID 31166681 a_Summary_SoE.pdf,31166681,2019
PMID 34891224 a_Summary_SoE.pdf,34891224,2022
PMID 25332243 a_Summary_SoE.pdf,25332243,2014
PMID 33555926 a_Summary_SoE.pdf,33555926,2021
PMID 34808255 CT_Summary_SoE.pdf,34808255,2022
PMID 32372176 CT_Summary_SoE.pdf,32372176,2021
PMID 22949154 a_Summary_SoE.pdf,22949154,2012
PMID 23177515 a_Summary_SoE.pdf,23177515,2013
PMID 22689805 a_Summary_SoE.pdf,22689805,2012
PMID 24881631 a_Summary_SoE.pdf,24881631,2014
PMID 36623230 a_Summary_SoE.pdf,36623230,2023
PMID 28492898 CT_Summary_SoE.pdf,28492898,2017
PMID 35013615 CT_Summary_SoE.pdf,35013615,2022
PMID 29856685 a_Summary_SoE.pdf,29856685,2018
PMID 29528792 a_Summary_SoE.pdf,29528792,2018
PMID 31097405 a_Summary_SoE.pdf,31097405,2019
PMID 35192411 a_Summary_SoE.pdf,35192411,2022
PMID 38561010 a_Summary_SoE.pdf,38561010,2024
PMID 25547503 a_Summary_SoE.pdf,25547503,2015
PMID 37647576 a_Summary_SoE.pdf,37647576,2023
PMID 30522969 CT_Summary_SoE.pdf,30522969,2019
PMID 29477665 CT_Summary_SoE.pdf,29477665,2018
PMID 35665782 a_Summary_SoE.pdf,35665782,2022
PMID 37478390 a_Summary_SoE.pdf,37478390,2023
PMID 25682602 a_Summary_SoE.pdf,25682602,2015
PMID 37104748 a_Summary_SoE.pdf,37104748,2023
PMID 37133585 a_Summary_SoE.pdf,37133585,2023
PMID 28578607 a_Summary_SoE.pdf,28578607,2017
PMID 29804902 CT_Summary_SoE.pdf,29804902,2018
PMID 38889373 a_Summary_SoE.pdf,38889373,2024
PMID 24552320 a_Summary_SoE.pdf,24552320,2014
PMID 26014293 a_Summary_SoE.pdf,26014293,2015
PMID 26416999 a_Summary_SoE.pdf,26416999,2015
PMID 21631324 a_Summary_SoE.pdf,21631324,2011
PMID 34219000 a_Summary_SoE.pdf,34219000,2021
PMID 31618129 a_Summary_SoE.pdf,31618129,2019
PMID 22987089 a_Summary_SoE.pdf,22987089,2012
PMID 29091516 a_Summary_SoE.pdf,29091516,2018
PMID 26884585 a_Summary_SoE.pdf,26884585,2016
PMID 30105668 a_Summary_SoE.pdf,30105668,2019
PMID 35552364 a_Summary_SoE.pdf,35552364,2022
PMID 30811280 a_Summary_SoE.pdf,30811280,2019
PMID 30897038 a_Summary_SoE.pdf,30897038,2019
PMID 34967844 a_Summary_SoE.pdf,34967844,2022
PMID 34197181 a_Summary_SoE.pdf,34197181,2021
PMID 34882169 a_Summary_SoE.pdf,34882169,2022
PMID 37290461 a_Summary_SoE.pdf,37290461,2023
PMID 26169611 a_Summary_SoE.pdf,26169611,2015
PMID 20525993 a_Summary_SoE.pdf,20525993,2010
PMID 28644114 a_Summary_SoE.pdf,28644114,2017
PMID 36952634 a_Summary_SoE.pdf,36952634,2023
PMID 32564260 CT_Summary_SoE.pdf,32564260,2020
PMID 31157963 a_Summary_SoE.pdf,31157963,2019
PMID 33882206 a_Summary_SoE.pdf,33882206,2021
PMID 24323035 a_Summary_SoE.pdf,24323035,2014
PMID 38252907 a_Summary_SoE.pdf,38252907,2024
PMID 23940225 a_Summary_SoE.pdf,23940225,2013
PMID 37276510 CT_Summary_SoE.pdf,37276510,2023
PMID 27717299 a_Summary_SoE.pdf,27717299,2016
PMID 29624463 a_Summary_SoE.pdf,29624463,2018
PMID 28632865 a_Summary_SoE.pdf,28632865,2017
PMID 35419607 CT_Summary_SoE.pdf,35419607,2023
PMID 36795891 a_Summary_SoE.pdf,36795891,2023
PMID 28854067 a_Summary_SoE.pdf,28854067,2017
PMID 35580297 a_Summary_SoE.pdf,35580297,2022
PMID 22585697 a_Summary_SoE.pdf,22585697,2012
PMId 32966830 a_Summary_SoE.pdf,32966830,2020
PMID 27918780 a_Summary_SoE.pdf,27918780,2017
PMID 32010577 a_Summary_SoE.pdf,32010577,2019
PMID 35584336 a_Summary_SoE.pdf,35584336,2022
PMID 28257752 CT_Summary_SoE.pdf,28257752,2017
PMID 33480963 a_Summary_SoE.pdf,33480963,2021
PMID 28140392 a_Summary_SoE.pdf,28140392,2017
PMID 26159065 CT_Summary_SoE.pdf,26159065,2015
PMID 26598744 a_Summary_SoE.pdf,26598744,2016
PMID 22375971 a_Summary_SoE.pdf,22375971,2012
PMID 33739848 a_Summary_SoE.pdf,33739848,2021
PMID 23863050 a_Summary_SoE.pdf,23863050,2013
PMID 32861273 CT_Summary_SoE.pdf,32861273,2020
PMID 34600602 a_Summary_SoE.pdf,34600602,2021
PMID 32416072 CT a_Summary_SoE.pdf,32416072,2020
PMID 27918724 a_Summary_SoE.pdf,27918724,2017
PMID 35245446 CT_Summary_SoE.pdf,35245446,2022
PMID 29726361 CT_Summary_SoE.pdf,29726361,2018
PMID 24101054 a_Summary_SoE.pdf,24101054,2013
PMID 34534429 a_Summary_SoE.pdf,34534429,2021
PMID 25605862 a_Summary_SoE.pdf,25605862,2015
PMID 35290101 a_Summary_SoE.pdf,35290101,2022
PMID 29949494 a_Summary_SoE.pdf,29949494,2018
PMID 30665869 CT_Summary_SoE.pdf,30665869,2019
PMID 28891423 a_Summary_SoE.pdf,28891423,2017
PMID 31591063 CT a_Summary_SoE.pdf,31591063,2019
PMID 30355453 CT_Summary_SoE.pdf,30355453,2018
PMID 33794205 CT_Summary_SoE.pdf,33794205,2021
PMID 26030518 a_Summary_SoE.pdf,26030518,2015
PMID 34110925 a_Summary_SoE.pdf,34110925,2021
PMID 23075175 a_Summary_SoE.pdf,23075175,2012
PMID 36709073 CT_Summary_SoE.pdf,36709073,2023
PMID 37708904 a_Summary_SoE.pdf,37708904,2023
PMID 24450857 a_Summary_SoE.pdf,24450857,2014
PMID 28935843 a_Summary_SoE.pdf,28935843,2017
PMID 23295793 a_Summary_SoE.pdf,23295793,2013
PMID 23724913 a_Summary_SoE.pdf,23724913,2013
PMID 30389036 CT_Summary_SoE.pdf,30389036,2018
PMID 26673811 a_Summary_SoE.pdf,26673811,2016
PMID 34459214 CT_Summary_SoE.pdf,34459214,2021
PMID 23460714 a_Summary_SoE.pdf,23460714,2013
PMID 31122901 CT_Summary_SoE.pdf,31122901,2019
PMID 31327689 a_Summary_SoE.pdf,31327689,2019
PMID 31091374 a_Summary_SoE.pdf,31091374,2019
PMID 24868024 a_Summary_SoE.pdf,24868024,2014
PMID 35569466 CT_Summary_SoE.pdf,35569466,2022
PMID 30763730 CT_Summary_SoE.pdf,30763730,2019
PMID 31189035 a_Summary_SoE.pdf,31189035,2019
PMID 35511454 CT_Summary_SoE.pdf,35511454,2022
PMID 31338773 CT_Summary_SoE.pdf,31338773,2019
PMID 31629060 a_Summary_SoE.pdf,31629060,2020
PMID 33189178 a_Summary_SoE.pdf,33189178,2020
PMID 32343890 a_Summary_SoE.pdf,32343890,2020
PMID 38319892 a_Summary_SoE.pdf,38319892,2022
PMID 30516102 a_Summary_SoE.pdf,30516102,2019
PMID 24552318 a_Summary_SoE.pdf,24552318,2014
PMID 37748693 CT_Summary_SoE.pdf,37748693,2024
PMID 32469183 a_Summary_SoE.pdf,32469183,2020
PMID 38319800 a_Summary_SoE.pdf,38319800,2022
PMID 28902533 a_Summary_SoE.pdf,28902533,2017
PMID 34890214 a_Summary_SoE.pdf,34890214,2022
PMID 21639808 a_Summary_SoE.pdf,21639808,2011
PMID 26028407 a_Summary_SoE.pdf,26028407,2015
PMID 33513313 a_Summary_SoE.pdf,33513313,2021
PMID 25897156 a_Summary_SoE.pdf,25897156,2015
PMID 26703889 a_Summary_SoE.pdf,26703889,2016
PMID 26040499 a_Summary_SoE.pdf,26040499,2015
PMID 29522138 a_Summary_SoE.pdf,29522138,2018
PMID 38833643 a_Summary_SoE.pdf,38833643,2024
PMID 26527790 a_Summary_SoE.pdf,26527790,2015
PMID 30345906 a_Summary_SoE.pdf,30345906,2018
PMID 30072745 a_Summary_SoE.pdf,30072745,2018
PMID 21991949 a_Summary_SoE.pdf,21991949,2011
PMID 28384065 a_Summary_SoE.pdf,28384065,2017
PMID 21282542 CT_Summary_SoE.pdf,21282542,2011
PMID 36070540 a_Summary_SoE.pdf,36070540,2023
PMID 22149876 a_Summary_SoE.pdf,22149876,2012
PMID 33539945 CT_Summary_SoE.pdf,33539945,2021
PMID 36693773 CT_Summary_SoE.pdf,36693773,2023
PMID 27264120 a_Summary_SoE.pdf,27264120,2016
PMID 33789008 a_Summary_SoE.pdf,33789008,2021
PMID 25422488 a_Summary_SoE.pdf,25422488,2015
PMID 35657079 a_Summary_SoE.pdf,35657079,2022
PMID 25348000 a_Summary_SoE.pdf,25348000,2014
PMID 28139405 CT_Summary_SoE.pdf,28139405,2017
PMID 37080223 CT_Summary_SoE.pdf,37080223,2023
PMID 35030011 a_Summary_SoE.pdf,35030011,2022
PMID 37285865 a_Summary_SoE.pdf,37285865,2023
PMID 36265504 a_Summary_SoE.pdf,36265504,2022
PMID 28958469a_Summary_SoE.pdf,28958469,2017
PMID 20826719 a_Summary_SoE.pdf,20826719,2010
PMID 22454414 a_Summary_SoE.pdf,22454414,2012
PMID 30280657 a_Summary_SoE.pdf,30280657,2018
PMID 32534646 CT_Summary_SoE.pdf,32534646,2020
PMID 24552317 a_Summary_SoE.pdf,24552317,2014
PMID 32259228 a_Summary_SoE.pdf,32259228,2020
PMID 33207094 a_Summary_SoE.pdf,33207094,2020
PMID 25891173 a_Summary_SoE.pdf,25891173,2015
PMID 22851564 a_Summary_SoE.pdf,22851564,2012
PMID 30939090 a_Summary_SoE.pdf,30939090,2019
PMID 34077643 a_Summary_SoE.pdf,34077643,2021
PMID 37704166 CT_Summary_SoE.pdf,37704166,2023
PMID 21612468 a_Summary_SoE.pdf,21612468,2011
PMID 33577358 a_Summary_SoE.pdf,33577358,2021
PMID 21990397 a_Summary_SoE.pdf,21990397,2011
PMID 34874182 a_Summary_SoE.pdf,34874182,2022
PMID 38499457 CT_Summary_SoE.pdf,38499457,2024
PMID 20525992 a_Summary_SoE.pdf,20525992,2010
PMID 32706639 a_Summary_SoE.pdf,32706639,2020
PMID 30817251 CT_Summary_SoE.pdf,30817251,2019
PMID 24898665 CT_Summary_SoE.pdf,24898665,2015
PMID 34652968 a_Summary_SoE.pdf,34652968,2021
PMID 26412456 a_Summary_SoE.pdf,26412456,2015
PMID 33676601 CT_Summary_SoE.pdf,33676601,2021
PMID 36155117 CT_Summary_SoE.pdf,36155117,2022
PMID 38838287a_Summary_SoE.pdf,38838287,2024
PMID 27717303 a_Summary_SoE.pdf,27717303,2016
PMID 31079938 CT_Summary_SoE.pdf,31079938,2019
PMID 35331641 CT_Summary_SoE.pdf,35331641,2022
PMID 36996380 a_Summary_SoE.pdf,36996380,2023
PMID 30653422 a_Summary_SoE.pdf,30653422,2019
PMID 28438473 a_Summary_SoE.pdf,28438473,2017
PMID 38103088 CT_Summary_SoE.pdf,38103088,2023
PMID 28809610 a_Summary_SoE.pdf,28809610,2017
PMID 37870976 a_Summary_SoE.pdf,37870976,2023
PMID 29244528 a_Summary_SoE.pdf,29244528,2018
PMID 33197226 a_Summary_SoE.pdf,33197226,2021
PMID 24297951 a_Summary_SoE.pdf,24297951,2014
PMID 32469384 a_Summary_SoE.pdf,32469384,2020
PMID 32416780 a_Summary_SoE.pdf,32416780,2020
PMID 23690416 a_Summary_SoE.pdf,23690416,2013
PMID 38849283 CT_Summary_SoE.pdf,38849283,2024
PMID 21121833 a_Summary_SoE.pdf,21121833,2010
PMID 35857290 a_Summary_SoE.pdf,35857290,2022
PMID 25482145 a_Summary_SoE.pdf,25482145,2015
PMID 32822286 a_Summary_SoE.pdf,32822286,2020
PMID 29224502 a_Summary_SoE.pdf,29224502,2018
PMID 31486832 a_Summary_SoE.pdf,31486832,2019
PMId 37331369 a_Summary_SoE.pdf,37331369,2023
PMID 30819926 a_Summary_SoE.pdf,30819926,2019
PMID 26412349 a_Summary_SoE.pdf,26412349,2015
PMID 27354480 a_Summary_SoE.pdf,27354480,2016
PMID 35271306 a_Summary_SoE.pdf,35271306,2022
PMID 24297950 a_Summary_SoE.pdf,24297950,2014
PMID 29373094 a_Summary_SoE.pdf,29373094,2018
PMID 32271377 a_Summary_SoE.pdf,32271377,2020
PMID 33194700 CT a_Summary_SoE.pdf,33194700,2020
PMID 29562156 a_Summary_SoE.pdf,29562156,2018
PMID 34102137 a_Summary_SoE.pdf,34102137,2021
PMID 32997907 a_Summary_SoE.pdf,32997907,2020
PMID 30110579 a_Summary_SoE.pdf,30110579,2018
PMID 30995174 a_Summary_SoE.pdf,30995174,2019
PMID 32460997 CT_Summary_SoE.pdf,32460997,2020
PMID 38039991 CT_Summary_SoE.pdf,38039991,2023
PMID 31935026 a_Summary_SoE.pdf,31935026,2020
PMID 28580882 a_Summary_SoE.pdf,28580882,2017
PMID 38060199 CT_Summary_SoE.pdf,38060199,2024
PMID 31679945 a_Summary_SoE.pdf,31679945,2019
PMID 32786187 a_Summary_SoE.pdf,32786187,2020
PMID 34418665 CT_Summary_SoE.pdf,34418665,2021
PMID 28916367 a_Summary_SoE.pdf,28916367,2017
PMID 37875143 a_Summary_SoE.pdf,37875143,2023
PMID 30779529 a_Summary_SoE.pdf,30779529,2019
PMID 36108662 CT_Summary_SoE.pdf,36108662,2022
PMID 37342922 a_Summary_SoE.pdf,37342922,2023
PMID 35298906 CT_Summary_SoE.pdf,35298906,2022
PMID 30786186 a_Summary_SoE.pdf,30786186,2019
PMID 29543933 a_Summary_SoE.pdf,29543933,2018
PMID 25495490 a_Summary_SoE.pdf,25495490,2015
PMID 31562799 a_Summary_SoE.pdf,31562799,2019
PMID 26933849 a_Summary_SoE.pdf,26933849,2016
PMID 26997579 a _Summary_SoE.pdf,26997579,2016
PMID 24768112 a_Summary_SoE.pdf,24768112,2014
PMID 30501481 a_Summary_SoE.pdf,30501481,2018
PMID 24637997 a_Summary_SoE.pdf,24637997,2014
PMID 32416073 CT_Summary_SoE.pdf,32416073,2020
PMID 23835708 a_Summary_SoE.pdf,23835708,2013
PMID 23733756 a_Summary_SoE.pdf,23733756,2013
PMID 33369355 a_Summary_SoE.pdf,33369355,2020
PMID 26122726 a_Summary_SoE.pdf,26122726,2015
PMID 35810754 CT_Summary_SoE.pdf,35810754,2022
PMID 28968163 CT a_Summary_SoE.pdf,28968163,2017
PMID 35922251 CT_Summary_SoE.pdf,35922251,2022
PMID 26371143 a_Summary_SoE.pdf,26371143,2016
PMID 23857972 a_Summary_SoE.pdf,23857972,2013
PMID 35759733a_Summary_SoE.pdf,35759733,2022
PMID 34134469 CT_Summary_SoE.pdf,34134469,2022
PMID 35142815 a_Summary_SoE.pdf,35142815,2022
PMId 32955177 a_Summary_SoE.pdf,32955177,2020
PMID 28600132 CT_Summary_SoE.pdf,28600132,2017
PMID 33971141 CT_Summary_SoE.pdf,33971141,2021
PMID 36473143 a_Summary_SoE.pdf,36473143,2023
PMID 37499670 a_Summary_SoE.pdf,37499670,2023
PMID 33657295 a_Summary_SoE.pdf,33657295,2021
PMID 28687830 a_Summary_SoE.pdf,28687830,2017
PMID 22119496 a_Summary_SoE.pdf,22119496,2011
PMID 22529265 a_Summary_SoE.pdf,22529265,2012
PMID 28578601 a_Summary_SoE.pdf,28578601,2017
PMID 24933332 a_Summary_SoE.pdf,24933332,2014
PMID 37379502 a_Summary_SoE.pdf,37379502,2023
PMID 21962393 CT_Summary_SoE.pdf,21962393,2011
PMID 23733779 a_Summary_SoE.pdf,23733779,2013
PMID 28126333 a_Summary_SoE.pdf,28126333,2017
PMID 33026938 CT_Summary_SoE.pdf,33026938,2020
PMID 34309665 a_Summary_SoE.pdf,34309665,2021
PMID 34890060 CT_Summary_SoE.pdf,34890060,2022
PMID 28916371 a_Summary_SoE.pdf,28916371,2017
PMID 30990550 a_Summary_SoE.pdf,30990550,2019
PMId 36395435 a_Summary_SoE.pdf,36395435,2023
PMID 32213342 a_Summary_SoE.pdf,32213342,2020
PMID 33476593 a_Summary_SoE.pdf,33476593,2021
PMID 33891472 a_Summary_SoE.pdf,33891472,2021
PMID 31647503 a_Summary_SoE.pdf,31647503,2020
PMID 32880601a_Summary_SoE.pdf,32880601,2020
PMID 28746153 CT_Summary_SoE.pdf,28746153,2017
PMID 29573941 a_Summary_SoE.pdf,29573941,2018
PMID 25940724 a_Summary_SoE.pdf,25940724,2015
PMID 26406150 a_Summary_SoE.pdf,26406150,2015
PMID 35007153 a_Summary_SoE.pdf,35007153,2022
PMID 33621109 a_Summary_SoE.pdf,33621109,2021
PMID 34914889 a_Summary_SoE.pdf,34914889,2022
PMID 34357781 a_Summary_SoE.pdf,34357781,2021
PMID 31566309 a_Summary_SoE.pdf,31566309,2019
PMID 26639149 a_Summary_SoE.pdf,26639149,2015
PMID 29866475 CT_Summary_SoE.pdf,29866475,2018
PMID 38483412 a_Summary_SoE.pdf,38483412,2024
PMID 38833658 a_Summary_SoE.pdf,38833658,2024
PMID 28056202 a_Summary_SoE.pdf,28056202,2017
PMID 31194247 a_Summary_SoE.pdf,31194247,2019
PMID 34264503 CT_Summary_SoE.pdf,34264503,2021
PMID 35947817 a_Summary_SoE.pdf,35947817,2022
PMID 23228172 a_Summary_SoE.pdf,23228172,2013
PMID 22508813 a_Summary_SoE.pdf,22508813,2012
PMID 32305093 a_Summary_SoE.pdf,32305093,2020
PMID 35608580 a_Summary_SoE.pdf,35608580,2022
PMID 31645288 CT_Summary_SoE.pdf,31645288,2019
PMID 28636851 a_Summary_SoE.pdf,28636851,2017
PMID 29658856 a_Summary_SoE.pdf,29658856,2018
PMID 30010751 a_Summary_SoE.pdf,30010751,2018
PMID 26056177 a_Summary_SoE.pdf,26056177,2015
PMID 30901302 a_Summary_SoE.pdf,30901302,2019
PMID 33485464 a_Summary_SoE.pdf,33485464,2021
PMID 28380315 a_Summary_SoE.pdf,28380315,2017
PMID 35442766 a_Summary_SoE.pdf,35442766,2022
PMID 37604981 CT_Summary_SoE.pdf,37604981,2023
PMID 32971005 CT_Summary_SoE.pdf,32971005,2020
PMID 33231285 a_Summary_SoE.pdf,33231285,2021
PMID 38159809 CT_Summary_SoE.pdf,38159809,2024
PMID 30509740 a_Summary_SoE.pdf,30509740,2019
PMID 37980924 a_Summary_SoE.pdf,37980924,2024
PMID 26858335 a_Summary_SoE.pdf,26858335,2016
PMID 32945632 a_Summary_SoE.pdf,32945632,2020
PMID 36455168 a_Summary_SoE.pdf,36455168,2023
PMID 25738670 a_Summary_SoE.pdf,25738670,2015
PMID 31821109 a_Summary_SoE.pdf,31821109,2020
PMID 38059497 CT_Summary_SoE.pdf,38059497,2024
PMID 33989025 a_Summary_SoE.pdf,33989025,2021
PMID 34661177 CT_Summary_SoE.pdf,34661177,2021
PMID 38531002 a_Summary_SoE.pdf,38531002,2024
PMID 37080222 a_Summary_SoE.pdf,37080222,2023
PMID 24849084 a_Summary_SoE.pdf,24849084,2014
PMID 30707661 a_Summary_SoE.pdf,30707661,2019
PMID 31371228 CT_Summary_SoE.pdf,31371228,2019
PMID 28125763 a_Summary_SoE.pdf,28125763,2017
PMID 38231126 a_Summary_SoE.pdf,38231126,2024
PMID 32031887 CT_Summary_SoE.pdf,32031887,2020
PMID 23940216 a_Summary_SoE.pdf,23940216,2013
PMID 33793299 a_Summary_SoE.pdf,33793299,2021
PMID 32813610 a_Summary_SoE.pdf,32813610,2020
PMID 35038433 CT_Summary_SoE.pdf,35038433,2022
PMID 35660812 a_Summary_SoE.pdf,35660812,2022
PMID 31141632 a_Summary_SoE.pdf,31141632,2019
PMID 29238824 a_Summary_SoE.pdf,29238824,2018
PMID 32058845 a_Summary_SoE.pdf,32058845,2020
PMID 34454674 a_Summary_SoE.pdf,34454674,2021
PMID 22204724 a_Summary_SoE.pdf,22204724,2011
PMID 27458307 a_Summary_SoE.pdf,27458307,2016
PMID 36521097 a_Summary_SoE.pdf,36521097,2023
PMID 24395863 a_Summary_SoE.pdf,24395863,2014
PMID 27458945 a_Summary_SoE.pdf,27458945,2016
PMID 26655421 CT_Summary_SoE.pdf,26655421,2016
PMID 21621716 CT_Summary_SoE.pdf,21621716,2011
PMID 34914339 a_Summary_SoE.pdf,34914339,2021
PMID 23550669 a_Summary_SoE.pdf,23550669,2013
PMID 29136387 a_Summary_SoE.pdf,29136387,2018
PMID 35213496 CT_Summary_SoE.pdf,35213496,2022
PMID 30040523 a_Summary_SoE.pdf,30040523,2018
PMID 32682484 a_Summary_SoE.pdf,32682484,2020
PMID 34363762 CT_Summary_SoE.pdf,34363762,2021
PMID 22735384 a_Summary_SoE.pdf,22735384,2012
PMID 35403841 a_Summary_SoE.pdf,35403841,2022
PMID 37935977 a_Summary_SoE.pdf,37935977,2024
PMID 35179323 a_Summary_SoE.pdf,35179323,2022
PMID 30449625 CT_Summary_SoE.pdf,30449625,2019
PMID 35367007a_Summary_SoE.pdf,35367007,2022
PMID 23960180 a_Summary_SoE.pdf,23960180,2013
PMID 24131140 a_Summary_SoE.pdf,24131140,2013
PMID 26377300 CT_Summary_SoE.pdf,26377300,2015
PMID 31810797 CT_Summary_SoE.pdf,31810797,2020
PMID 35763704 a_Summary_SoE.pdf,35763704,2022
PMID 37793771 CT_Summary_SoE.pdf,37793771,2023
PMID 29103871 CT_Summary_SoE.pdf,29103871,2017
PMID 22271472 a_Summary_SoE.pdf,22271472,2012
PMID 30415629 a_Summary_SoE.pdf,30415629,2019
PMID 37141294 CT_Summary_SoE.pdf,37141294,2023
PMID 37284847 CT_Summary_SoE.pdf,37284847,2023
PMID 22894553 a_Summary_SoE.pdf,22894553,2012
PMID 31361535 a_Summary_SoE.pdf,31361535,2019
PMID 22257673 a_Summary_SoE.pdf,22257673,2012
PMID 29231094 a_Summary_SoE.pdf,29231094,2018
PMID 30100375 CT_Summary_SoE.pdf,30100375,2018
PMID 34143970 CT_Summary_SoE.pdf,34143970,2021
PMID 38319896 a_Summary_SoE.pdf,38319896,2022
PMID 28076709 a_Summary_SoE.pdf,28076709,2017
PMID 33616314 a_Summary_SoE.pdf,33616314,2021
PMID 28754483 CT_Summary_SoE.pdf,28754483,2017
PMID 29169877 CT_Summary_SoE.pdf,29169877,2018
PMID 34383006a_Summary_SoE.pdf,34383006,2021
PMID 25399552 a_Summary_SoE.pdf,25399552,2015
PMID 37290035 a_Summary_SoE.pdf,37290035,2023
PMID 37423228 a_Summary_SoE.pdf,37423228,2023
PMID 22375970 a_Summary_SoE.pdf,22375970,2012
PMID 33186740 a_Summary_SoE.pdf,33186740,2021
PMID 25970050 a_Summary_SoE.pdf,25970050,2015
PMID 33651090 a_Summary_SoE.pdf,33651090,2021
PMID 30052729 CT_Summary_SoE.pdf,30052729,2018
PMID 31725692 CT_Summary_SoE.pdf,31725692,2020
PMID 24439929 CT_Summary_SoE.pdf,24439929,2014
PMID 31248843 CT_Summary_SoE.pdf,31248843,2019
PMID 32496902 a_Summary_SoE.pdf,32496902,2020
PMID 31924332 CT_Summary_SoE.pdf,31924332,2020
PMID 33129376 a_Summary_SoE.pdf,33129376,2020
PMID 28030702 a_Summary_SoE.pdf,28030702,2017
PMID 32294530 CT_Summary_SoE.pdf,32294530,2020
PMID 29562145 a_Summary_SoE.pdf,29562145,2018
PMID 33792623a_Summary_SoE.pdf,33792623,2021
PMID 34051178a_Summary_SoE.pdf,34051178,2021
PMID 32201234 a_Summary_SoE.pdf,32201234,2020
PMID 30955977 a_Summary_SoE.pdf,30955977,2019
PMID 37075781 a_Summary_SoE.pdf,37075781,2023
PMID 37086745 a_Summary_SoE.pdf,37086745,2023
PMID 28976863 a_Summary_SoE.pdf,28976863,2017
PMID 26406148 a_Summary_SoE.pdf,26406148,2015
PMID 23478059 a_Summary_SoE.pdf,23478059,2013
PMID 23234763 a_Summary_SoE.pdf,23234763,2013
PMID 34048947 a_Summary_SoE.pdf,34048947,2021
PMID 25738668 a_Summary_SoE.pdf,25738668,2015
PMID 38872480 a_Summary_SoE.pdf,38872480,2024
PMID 30995176 CT a_Summary_SoE.pdf,30995176,2019
PMID 33577729 a_Summary_SoE.pdf,33577729,2021
PMID 32145827 a_Summary_SoE.pdf,32145827,2020
PMID 32682457 a_Summary_SoE.pdf,32682457,2020
PMID 37722354 CT_Summary_SoE.pdf,37722354,2023
PMID 31735560 CT_Summary_SoE.pdf,31735560,2019
PMID 20525995 a_Summary_SoE.pdf,20525995,2010
PMID 38319255 a_Summary_SoE.pdf,38319255,2022
PMID 34170389 CT_Summary_SoE.pdf,34170389,2021
PMID 25265494 a_Summary_SoE.pdf,25265494,2014
PMID 37257422 CT_Summary_SoE.pdf,37257422,2023
PMID 24934787 a_Summary_SoE.pdf,24934787,2014
PMID 31175001 CT_Summary_SoE.pdf,31175001,2019
PMID 35728048 a_Summary_SoE.pdf,35728048,2022
PMID 33278935 a_Summary_SoE.pdf,33278935,2020
PMID 25671254 a_Summary_SoE.pdf,25671254,2015
PMID 36322844 a_Summary_SoE.pdf,36322844,2022
PMID 28212060 a_Summary_SoE.pdf,28212060,2017
PMID 28135150 a_Summary_SoE.pdf,28135150,2017
PMID 23358971 a_Summary_SoE.pdf,23358971,2013
PMID 24145346 a_Summary_SoE.pdf,24145346,2013
PMID 32302702 CT_Summary_SoE.pdf,32302702,2020
PMID 25225436 a_Summary_SoE.pdf,25225436,2014
PMID 28885881 a_Summary_SoE.pdf,28885881,2017
PMID 27557302 a_Summary_SoE.pdf,27557302,2016
PMID 20818862 a_Summary_SoE.pdf,20818862,2010
PMID 32954927a_Summary_SoE.pdf,32954927,2020
PMID 29268948 a_Summary_SoE.pdf,29268948,2018
PMID 31246522 CT_Summary_SoE.pdf,31246522,2019
PMID 28146658 a_Summary_SoE.pdf,28146658,2017
PMID 38648575 a_Summary_SoE.pdf,38648575,2024
PMID 22853014 a_Summary_SoE.pdf,22853014,2012
PMID 36308441 a_Summary_SoE.pdf,36308441,2022
PMID 28501140 CT_Summary_SoE.pdf,28501140,2017
PMID 33357420 CT_Summary_SoE.pdf,33357420,2021
PMID 36162037 a_Summary_SoE.pdf,36162037,2023
PMID 34343033 a_Summary_SoE.pdf,34343033,2021
PMID 30659987 CT_Summary_SoE.pdf,30659987,2019
PMID 32678716 CT_Summary_SoE.pdf,32678716,2020
PMID 33010094 CT_Summary_SoE.pdf,33010094,2020
PMID 26206652 CT_Summary_SoE.pdf,26206652,2015
PMID 24297945 a_Summary_SoE.pdf,24297945,2014
PMID 33821899a_Summary_SoE.pdf,33821899,2021
PMID 28249141 a_Summary_SoE.pdf,28249141,2017
PMID 35446628 a_Summary_SoE.pdf,35446628,2022
PMID 30763142 a_Summary_SoE.pdf,30763142,2019
PMID 38039993 a_Summary_SoE.pdf,38039993,2023
PMID 22571200 a_Summary_SoE.pdf,22571200,2012
PMID 38683596 a_Summary_SoE.pdf,38683596,2024
PMID 21639810 a_Summary_SoE.pdf,21639810,2011
PMID 24888818 a_Summary_SoE.pdf,24888818,2014
PMID 29158011 CT_Summary_SoE.pdf,29158011,2018
PMID 21306237 a_Summary_SoE.pdf,21306237,2011
PMID 33667670 CT_Summary_SoE.pdf,33667670,2021
PMID 22564989 a_Summary_SoE.pdf,22564989,2012
PMID 27119237 a_Summary_SoE.pdf,27119237,2016
PMID 27718781 a_Summary_SoE.pdf,27718781,2016
PMID 34855460 a_Summary_SoE.pdf,34855460,2022
PMID 27959700 a_Summary_SoE.pdf,27959700,2017
PMID 38942046 a_Summary_SoE.pdf,38942046,2024
PMID 21751904 a_Summary_SoE.pdf,21751904,2011
PMID 35704479 a_Summary_SoE.pdf,35704479,2022
PMID 31070709 CT_Summary_SoE.pdf,31070709,2019
PMID 24401022 a_Summary_SoE.pdf,24401022,2014
PMID 36969338 a_Summary_SoE.pdf,36969338,2023
PMID 25713428 a_Summary_SoE.pdf,25713428,2015
PMID 33721560 CT_Summary_SoE.pdf,33721560,2021
PMID 22571201 a_Summary_SoE.pdf,22571201,2012
PMID 25267740 a_Summary_SoE.pdf,25267740,2014
PMID 35443108 a_Summary_SoE.pdf,35443108,2022
