filename,arm_name,intervention_type,screening,1_month,3_months,6_months,9_months,12_months,cycle_length,visit_pattern,error
PMID 23358972_Summary_SoE.pdf,Arm A (FOLFIRI + sunitinib),intervention,2,7,11,17,24,31,42,"FOLFIRI administered every 2 weeks (Days 1, 15, 29). Cycle 1 includes additional weekly hematology on Days 8 and 22.",
PMID 23358972_Summary_SoE.pdf,Arm B (FOLFIRI + placebo),control,2,7,11,17,24,31,42,"FOLFIRI administered every 2 weeks (Days 1, 15, 29). Cycle 1 includes additional weekly hematology on Days 8 and 22.",
PMID 23940216 a_Summary_SoE.pdf,Cediranib 30 mg monotherapy,intervention,1,5,8,10,12,14,42,"Weekly for the first 6 weeks (W0-W6), then every 6 weeks (Visit 10).",
PMID 23940216 a_Summary_SoE.pdf,Cediranib 20 mg + Lomustine,intervention,1,5,9,13,17,22,42,"Weekly for the first 6 weeks (W0-W6), then every 3 weeks (alternating Visit 9 and Visit 10).",
PMID 23940216 a_Summary_SoE.pdf,Cediranib matched placebo + Lomustine,control,1,5,9,13,17,22,42,"Weekly for the first 6 weeks (W0-W6), then every 3 weeks (alternating Visit 9 and Visit 10).",
PMID 27264120 a_Summary_SoE.pdf,Arm 1 (Letrozole),intervention,1,0,0,1,1,2,,"Screening, then clinic visits at 6 months and every 12 months thereafter.",
PMID 27264120 a_Summary_SoE.pdf,Arm 2 (Placebo),control,1,0,0,1,1,2,,"Screening, then clinic visits at 6 months and every 12 months thereafter.",
PMID 27569442 CT_Summary_SoE.pdf,Arm A (Good Responders - MAP),control,2,8,23,43,52,54,35,"2 days treatment in weeks 1, 4, 5, 6, 9, 10 (Induction) and weeks 12, 15, 16, 17, 20, 21, 22, 24, 25, 26, 28, 29 (Post-Op). Plus twice-weekly labs in weeks 2, 7, 13, 18, 23, 27.",
PMID 27569442 CT_Summary_SoE.pdf,Arm B (Good Responders - MAPifn),intervention,2,8,23,43,60,74,35,"Same as MAP until week 29, then weekly injections of pegylated interferon alfa-2b until week 104.",
PMID 27569442 CT_Summary_SoE.pdf,Arm C (Poor Responders - MAP),control,2,8,23,43,52,54,35,Identical to Arm A.,
PMID 27569442 CT_Summary_SoE.pdf,Arm D (Poor Responders - MAPIE),intervention,2,8,23,42,60,65,28,"2-5 days treatment in weeks 1, 4, 5, 6, 9, 10 (Induction) and weeks 12, 15, 16, 19, 20, 23, 24, 27, 28, 31, 32, 35, 36, 39, 40 (Post-Op). Plus labs in weeks 2, 7, 13, 29.",
PMID 30177994 a_Summary_SoE.pdf,,,,,,,,,,,Failed to parse JSON
PMID 30516102 a_Summary_SoE.pdf,Arm A (Trastuzumab emtansine),intervention,2,3,7,12,17,21,21,"Day 1 of each 21-day cycle for drug administration; Day 8 of Cycle 1 for biomarker labs; Days 14-21 of Cycles 2, 6, 10, and 14 for ECHO/MUGA monitoring.",
PMID 30516102 a_Summary_SoE.pdf,Arm B (Trastuzumab),control,2,3,7,12,17,21,21,"Day 1 of each 21-day cycle for drug administration; Day 8 of Cycle 1 for biomarker labs; Days 14-21 of Cycles 2, 6, 10, and 14 for ECHO/MUGA monitoring.",
PMID 31327689 CT_Summary_SoE.pdf,Arm A (Pembrolizumab + Lenalidomide + Dexamethasone),intervention,1,3,7,13,19,27,28,Arm A visits occur on Day 1 of every 28-day cycle plus additional visits for Pembrolizumab infusions every 21 days (Q3W).,
PMID 31327689 CT_Summary_SoE.pdf,Arm B (Lenalidomide + Dexamethasone),control,1,2,4,7,10,14,28,Arm B visits occur only on Day 1 of every 28-day cycle (per protocol note 'd').,
PMID 31821109 a_Summary_SoE.pdf,Arm 1 (Chemotherapy alone),control,2,2,5,16,17,18,21,AC regimen: 4 cycles every 3 weeks (4 days); followed by WP regimen: 12 weekly doses (12 days). Total 16 treatment days.,
PMID 31821109 a_Summary_SoE.pdf,Arm 2 (Chemotherapy plus Trastuzumab),intervention,2,2,5,16,20,25,21,AC regimen: 4 cycles every 3 weeks (4 days); followed by WP+H regimen: 12 weekly doses (12 days); followed by Trastuzumab alone every 3 weeks (9 doses within the first year).,
PMID 34087126 b_Summary_SoE.pdf,Arm A (DaraPomDex),intervention,1,6,13,19,22,26,28,"Cycles 1-2: weekly (Days 1, 8, 15, 22) plus PK on C1D4; Cycles 3-6: bi-weekly (Days 1, 15) plus PK on C3D4; Cycles 7+: monthly (Day 1).",
PMID 34087126 b_Summary_SoE.pdf,Arm B (PomDex),control,1,5,11,17,20,24,28,"Cycles 1-2: weekly (Days 1, 8, 15, 22); Cycles 3-6: bi-weekly (Days 1, 15); Cycles 7+: monthly (Day 1).",
PMID 34110925 a_Summary_SoE.pdf,Arm 1: Reduced-dose CSI (18 Gy),intervention,3,22,33,41,49,57,42,"Radiation: 5 days/week for 6 weeks. Maintenance: Regimen A (6 weeks) visits on D1, D8, D15; Regimen B (4 weeks) visits on D1, D2, D8.",
PMID 34110925 a_Summary_SoE.pdf,Arm 2: Standard-dose CSI (23.4 Gy),intervention,3,22,33,41,49,57,42,"Radiation: 5 days/week for 6 weeks. Maintenance: Regimen A (6 weeks) visits on D1, D8, D15; Regimen B (4 weeks) visits on D1, D2, D8.",
PMID 34874182 CT_Summary_SoE.pdf,Arm A (Palbociclib + Endocrine Therapy),intervention,1,3,5,6,7,8,28,"Day 1 and Day 14 for the first 2 cycles, then Day 1 of Cycles 3, 6, 9, 12, 15, 18, 21, 24.",
PMID 34874182 CT_Summary_SoE.pdf,Arm B (Standard Endocrine Therapy Alone),control,1,2,3,4,5,6,28,"Day 1 of Cycles 1, 2, 3, 6, 9, 12, 15, 18, 21, 24.",
PMID 35660812 a_Summary_SoE.pdf,Arm A (Conventional RVD),control,1,7,18,33,36,40,21,"Days 1, 4, 8, 11 for RVD cycles (Induction C1-3 and Consolidation C4-8); Day 1 for Maintenance cycles (28-day cycles).",
PMID 35660812 a_Summary_SoE.pdf,Arm B (RVD + PBSCT),intervention,1,7,15,20,27,30,21,"Days 1, 4, 8, 11 for RVD cycles; Specific days for PBSCT prep, collection, and reinfusion; Day 1 for Maintenance.",
PMID 35665782 CT_Summary_SoE.pdf,Trastuzumab deruxtecan (T-DXd),intervention,3,4,7,11,15,20,21,"Cycle 1: Days 1, 8, 15. Subsequent cycles: Day 1 only.",
PMID 35665782 CT_Summary_SoE.pdf,Treatment of Physician's Choice (TPC - Eribulin),control,3,5,10,19,27,37,21,"Cycle 1: Days 1, 8, 15. Subsequent cycles: Days 1 and 8 for infusions.",
PMID 35704479 a_Summary_SoE.pdf,Active Monitoring Arm,control,2,1,1,2,2,3,180,"Screening (Info Visit + Visit 0), Randomization (Visit 1), then every 6 months (Visit 2 at 6m, Visit 3 at 12m).",
PMID 35704479 a_Summary_SoE.pdf,Treatment Arm,intervention,2,2,4,5,5,6,180,"Screening (Info Visit + Visit 0), Randomization/Start (Visit 1), interim treatment visits (1A, 1B, 1C every 3 weeks), then every 6 months (Visit 2, Visit 3).",
PMID 35728048 CT_Summary_SoE.pdf,Pevonedistat + Azacitidine,intervention,1,11,30,56,80,106,28,"Cycle 1: Days 1, 2, 3, 4, 5, 8, 9 (Treatment), 15, 21 (Labs). Cycle 2+: Days 1, 2, 3, 4, 5, 8, 9 (Treatment), 22 (Bone Marrow/Labs).",
PMID 35728048 CT_Summary_SoE.pdf,Azacitidine,control,1,11,30,56,80,106,28,"Cycle 1: Days 1, 2, 3, 4, 5, 8, 9 (Treatment), 15, 21 (Labs). Cycle 2+: Days 1, 2, 3, 4, 5, 8, 9 (Treatment), 22 (Bone Marrow/Labs).",
PMID 35759733CT_Summary_SoE.pdf,Regimen I (CT-2103),intervention,1,2,4,7,10,12,28,1 visit per 28-day cycle (Day 1) for 12 cycles.,
PMID 35759733CT_Summary_SoE.pdf,Regimen II (Paclitaxel),intervention,1,2,4,7,10,12,28,1 visit per 28-day cycle (Day 1) for 12 cycles.,
PMID 35759733CT_Summary_SoE.pdf,Regimen III (No Treatment/Surveillance),control,1,1,3,6,9,12,30,"Monthly surveillance visits (History, PE, CA-125) for the first year.",
PMID 35763704 a_Summary_SoE.pdf,Arm A (Atezolizumab + ddAC-PacHP),intervention,2,3,6,11,16,20,14,Cycles 1-4 are 14-day cycles; Cycles 5-22 are 21-day cycles. Visits occur on Day 1 of each cycle.,
PMID 35763704 a_Summary_SoE.pdf,Arm B (Placebo + ddAC-PacHP),control,2,3,6,11,16,20,14,Cycles 1-4 are 14-day cycles; Cycles 5-22 are 21-day cycles. Visits occur on Day 1 of each cycle.,
PMID 35810754 CT_Summary_SoE.pdf,,,,,,,,,,,Failed to parse JSON
PMID 35857290 CT_Summary_SoE.pdf,,,,,,,,,,,Failed to parse JSON
PMID 35922251 CT_Summary_SoE.pdf,Arm 1 (REGN2810 / Cemiplimab),intervention,1,2,7,13,19,24,42,"Day 1 and Day 22 (Treatment); Day 42 (Imaging in Cycles 1-4, 6, 8, 10, 12, 14, 16)",
PMID 35922251 CT_Summary_SoE.pdf,Arm 2 (Investigator's Choice Chemotherapy),control,1,10,27,54,75,96,42,"Topotecan used as representative intensive regimen: Days 1-5 and Days 22-26 (Treatment); Day 42 (Imaging in Cycles 1-4, 6, 8, 10, 12, 14, 16)",
PMID 35947817 CT_Summary_SoE.pdf,Arm A (DCC-2618 / Ripretinib),intervention,1,3,6,8,10,12,42,"Cycle 1: Days 1, 15, 29; Cycle 2: Days 1, 29; Cycle 3+: Day 1 only.",
PMID 35947817 CT_Summary_SoE.pdf,Arm B (Sunitinib),control,1,3,6,8,10,12,42,"Cycle 1: Days 1, 15, 29; Cycle 2: Days 1, 29; Cycle 3+: Day 1 only.",
PMID 36070540 CT_Summary_SoE.pdf,,,,,,,,,,,Failed to parse JSON
PMID 36099926 CT_Summary_SoE.pdf,Arm A (Atezolizumab),intervention,1,2,5,9,13,17,21,"Day 1 of each 21-day cycle for 16 cycles, plus a discontinuation visit.",
PMID 36099926 CT_Summary_SoE.pdf,Arm B (Placebo),control,1,2,5,9,13,17,21,"Day 1 of each 21-day cycle for 16 cycles, plus a discontinuation visit.",
PMID 36108662 CT_Summary_SoE.pdf,Arm A (Pembrolizumab),intervention,2,2,5,9,13,18,21,Infusions every 3 weeks (Q3W) for a total of 18 infusions.,
PMID 36108662 CT_Summary_SoE.pdf,Arm B (Placebo),control,2,2,5,9,13,18,21,Infusions every 3 weeks (Q3W) for a total of 18 infusions.,
PMID 36155117 CT_Summary_SoE.pdf,Arm A (Palbociclib + Letrozole),intervention,2,4,8,11,14,18,28,"Cycle 1 & 2: Day 1, Day 14, Day 21. Cycle 3+: Day 1.",
PMID 36155117 CT_Summary_SoE.pdf,Arm B (Placebo + Letrozole),control,2,4,8,11,14,18,28,"Cycle 1 & 2: Day 1, Day 14, Day 21. Cycle 3+: Day 1.",
PMID 36162037 a_Summary_SoE.pdf,Arm A (Nivolumab plus Ipilimumab),intervention,1,3,7,13,20,25,14,"Every 2 weeks (Q2W) for Nivolumab and every 6 weeks (Q6W) for Ipilimumab, resulting in a visit every 14 days.",
PMID 36162037 a_Summary_SoE.pdf,Arm B (Nivolumab Monotherapy),control,1,3,7,13,20,25,14,"Every 2 weeks (Q2W) to maintain the study blind, receiving active Nivolumab every 4 weeks and placebos on intervening weeks.",
PMID 36265504 a_Summary_SoE.pdf,Enzalutamide + Docetaxel + Prednisolone,intervention,1,5,12,21,24,25,21,"Docetaxel infusion every 3 weeks (Days 1, 22, 43, 64, 85, 106, 127, 148, 169, 190). Lab visits for nadir counts at Day 8 and Day 15 for the first 3 cycles, then Day 8 for cycles 4-10. Assessment visits every 12 weeks starting at Week 37 (Day 253).",
PMID 36265504 a_Summary_SoE.pdf,Placebo + Docetaxel + Prednisolone,control,1,5,12,21,24,25,21,"Docetaxel infusion every 3 weeks (Days 1, 22, 43, 64, 85, 106, 127, 148, 169, 190). Lab visits for nadir counts at Day 8 and Day 15 for the first 3 cycles, then Day 8 for cycles 4-10. Assessment visits every 12 weeks starting at Week 37 (Day 253).",
PMID 36308441 CT_Summary_SoE.pdf,Arm A: PledOx (5 µmol/kg) + mFOLFOX6 chemotherapy,intervention,3,3,8,14,15,16,14,"1 visit every 2 weeks (Day 1 of each cycle) for 12 cycles, plus assessment visits every 3 months.",
PMID 36308441 CT_Summary_SoE.pdf,Arm B: Placebo + mFOLFOX6 chemotherapy,control,3,3,8,14,15,16,14,"1 visit every 2 weeks (Day 1 of each cycle) for 12 cycles, plus assessment visits every 3 months.",
PMID 36322844 a_Summary_SoE.pdf,Arm A (Bv-AVEPC),intervention,2,8,20,36,37,39,21,"Days 1, 2, 3, and 8 of each 21-day cycle; one day for interim imaging (Cycle 2); one day for end-of-treatment imaging; 14 daily visits for ISRT.",
PMID 36322844 a_Summary_SoE.pdf,Arm B (ABVE-PC),control,2,8,20,36,37,39,21,"Days 1, 2, 3, and 8 of each 21-day cycle; one day for interim imaging (Cycle 2); one day for end-of-treatment imaging; 14 daily visits for ISRT.",
PMID 36327426 a_Summary_SoE.pdf,Arm 1 (Durvalumab + Tremelimumab + SoC Chemotherapy),intervention,2,7,15,18,21,25,21,"Days 1, 8, 15 for 4 cycles (chemo phase); Day 1 every 4 weeks (maintenance phase).",
PMID 36327426 a_Summary_SoE.pdf,Arm 2 (Durvalumab + SoC Chemotherapy),intervention,2,7,15,18,21,25,21,"Days 1, 8, 15 for 4 cycles (chemo phase); Day 1 every 4 weeks (maintenance phase).",
PMID 36327426 a_Summary_SoE.pdf,Arm 3 (SoC Chemotherapy Alone),control,2,7,15,23,27,32,21,"Days 1, 8, 15 for 6 cycles (chemo phase); Day 1 every 3 weeks (maintenance phase).",
PMID 36346687 CT_Summary_SoE.pdf,Arm A (Capecitabine),intervention,1,2,5,9,10,11,21,"Day 1 of each 21-day cycle for 8 cycles, followed by follow-up visits every 3 months.",
PMID 36346687 CT_Summary_SoE.pdf,Arm B (Observation),control,1,0,1,2,3,4,0,Follow-up visits every 3 months starting from randomization.,
PMID 36395435 b_Summary_SoE.pdf,Arm A (Zanubrutinib),intervention,1,2,4,7,10,14,28,"Screening visit (1 day), followed by Day 1 visits for each 28-day cycle.",
PMID 36395435 b_Summary_SoE.pdf,Arm B (Ibrutinib),control,1,2,4,7,10,14,28,"Screening visit (1 day), followed by Day 1 visits for each 28-day cycle.",
PMID 36455168 a_Summary_SoE.pdf,Arm A (Pembrolizumab + BSC),intervention,2,2,5,9,13,18,21,Day 1 of each 3-week cycle (Q3W),
PMID 36455168 a_Summary_SoE.pdf,Arm B (Placebo + BSC),control,2,2,5,9,13,18,21,Day 1 of each 3-week cycle (Q3W),
PMID 36473143 CT_Summary_SoE.pdf,Arm A (Nivolumab + Ipilimumab),intervention,2,3,7,13,20,27,42,"Nivolumab Q2W (Days 1, 15, 29) and Ipilimumab Q6W (Day 1).",
PMID 36473143 CT_Summary_SoE.pdf,Arm B (EXTREME Regimen),control,2,11,28,44,57,71,21,"Initial 6 cycles: Days 1, 2, 3, 4, 8, 15 of a 21-day cycle. Maintenance: Weekly Cetuximab.",
PMID 36503738 CT_Summary_SoE.pdf,Arm 1 (BBI-608 + FOLFIRI),intervention,3,3,7,13,20,27,14,Biweekly (every 14 days) on Day 1 of each cycle.,
PMID 36503738 CT_Summary_SoE.pdf,Arm 2 (FOLFIRI alone),control,2,3,7,13,20,27,14,Biweekly (every 14 days) on Day 1 of each cycle.,
PMID 36521097 CT_Summary_SoE.pdf,Arm A (nab-Paclitaxel plus Gemcitabine),intervention,1,4,10,19,20,21,28,"Days 1, 8, and 15 of a 28-day cycle for 6 cycles.",
PMID 36521097 CT_Summary_SoE.pdf,Arm B (Gemcitabine),control,1,4,10,19,20,21,28,"Days 1, 8, and 15 of a 28-day cycle for 6 cycles.",
PMID 36535566 CT_Summary_SoE.pdf,Arm 1 (Pembrolizumab),intervention,1,5,13,17,21,26,21,"Cycles 1-4: Days 1, 8, 15; Cycles 5+: Day 1 only.",
PMID 36535566 CT_Summary_SoE.pdf,Arm 2 (Standard of Care - Gemcitabine),control,1,5,13,22,30,40,21,"Cycles 1-4: Days 1, 8, 15; Cycles 5+: Days 1, 8 (Gemcitabine schedule).",
PMID 36541957 CT_Summary_SoE.pdf,Arm A (Ibrutinib + CIT),intervention,1,3,5,8,9,10,28,"Combination Phase: C1D1, C1D14, C2D1, C3D1, EOT (Day 85). Monotherapy Phase: C1D1 (Day 85), C2D1 (Day 113), C3D1 (Day 141), End-of-Monotherapy (Day 169). Follow-up: 9m, 12m.",
PMID 36541957 CT_Summary_SoE.pdf,Arm B (CIT alone),control,1,3,5,6,7,8,28,"Treatment Phase: C1D1, C1D14, C2D1, C3D1, EOT (Day 85). Follow-up: 6m, 9m, 12m.",
PMID 36623230 a_Summary_SoE.pdf,Arm A (45 Gy BID 3 weeks + Cisplatin/Etoposide),control,2,19,30,31,32,33,21,Radiotherapy daily (Mon-Fri) for 3 weeks; Chemotherapy Days 1-3 of each 21-day cycle (4 cycles total); Labs Day 1 and 8 of each cycle.,
PMID 36623230 a_Summary_SoE.pdf,Arm B (70 Gy QD 7 weeks + Cisplatin/Etoposide),intervention,2,22,43,44,45,46,21,Radiotherapy daily (Mon-Fri) for 7 weeks; Chemotherapy Days 1-3 of each 21-day cycle (4 cycles total); Labs Day 1 and 8 of each cycle.,
PMID 36623230 a_Summary_SoE.pdf,Arm C (61.2 Gy CB 5 weeks + Cisplatin/Etoposide),intervention,2,22,36,37,38,39,21,Radiotherapy daily (Mon-Fri) for 5 weeks; Chemotherapy Days 1-3 of each 21-day cycle (4 cycles total); Labs Day 1 and 8 of each cycle.,
PMID 36669140 CT_Summary_SoE.pdf,Regimen B (VDC/IE + Ganitumab),intervention,2,13,31,57,73,78,14,"Induction (6 cycles, 12 weeks): VDC cycles (Days 1, 2, 8), IE cycles (Days 15-19, 22). Local Control (Week 13). Consolidation (8 cycles, 16 weeks): similar pattern. Metastatic Site Radiation (1 week). Maintenance (24 weeks): Ganitumab every 3 weeks.",
PMID 36669140 CT_Summary_SoE.pdf,Regimen A (VDC/IE),control,2,13,31,57,71,72,14,"Induction (6 cycles, 12 weeks): VDC cycles (Days 1, 2, 8), IE cycles (Days 15-19, 22). Local Control (Week 13). Consolidation (8 cycles, 16 weeks): similar pattern. Metastatic Site Radiation (1 week). No Maintenance phase.",
PMID 36693773 CT_Summary_SoE.pdf,,,,,,,,,,,Failed to parse JSON
PMID 36709073 CT_Summary_SoE.pdf,,,,,,,,,,,Failed to parse JSON
PMID 36764316 a_Summary_SoE.pdf,AMG 510 (Sotorasib),intervention,2,5,10,14,18,23,21,"Cycle 1: Days 1, 5, 8; Cycles 2-4: Days 1, 5; Cycle 5+: Day 1.",
PMID 36764316 a_Summary_SoE.pdf,Docetaxel,control,2,4,8,12,16,21,21,"Cycles 1-3: Days 1, 5; Cycle 4+: Day 1.",
PMID 36795891 a_Summary_SoE.pdf,Arm 1 (Rucaparib),intervention,3,3,6,9,12,16,28,"Visits occur on Day 1 and Day 15 for the first 8 weeks, then every 4 weeks (Day 1 of each cycle) thereafter.",
PMID 36795891 a_Summary_SoE.pdf,Arm 2 (Physician's Choice - AR-directed therapy),control,3,3,6,9,12,16,28,"Visits occur on Day 1 and Day 15 for the first 8 weeks, then every 4 weeks (Day 1 of each cycle) thereafter.",
PMID 36795891 a_Summary_SoE.pdf,Arm 3 (Physician's Choice - Docetaxel),control,3,3,7,13,17,21,21,Docetaxel infusions every 3 weeks (max 10 cycles). PRO assessments every 4 weeks. Imaging every 8-12 weeks.,
PMID 36952634 CT_Summary_SoE.pdf,Arm A (Niraparib + AAP),intervention,2,5,11,14,17,20,28,"Weekly for Cycles 1-2 (BP/Labs), Day 1 and 15 for Cycle 3, then Day 1 for Cycles 4-12, then Day 1 every 2 cycles (C13+). Imaging at C3D1, C5D1, C7D1, then every 12 weeks.",
PMID 36952634 CT_Summary_SoE.pdf,Arm B (Placebo + AAP),control,2,5,11,14,17,20,28,"Weekly for Cycles 1-2 (BP/Labs), Day 1 and 15 for Cycle 3, then Day 1 for Cycles 4-12, then Day 1 every 2 cycles (C13+). Imaging at C3D1, C5D1, C7D1, then every 12 weeks.",
PMID 36969338 a_Summary_SoE.pdf,Arm 1 (BBI-608 plus nab-paclitaxel with gemcitabine),intervention,2,4,11,21,31,40,28,"Run-in Day 1, then Days 1, 8, and 15 of each 28-day cycle.",
PMID 36969338 a_Summary_SoE.pdf,Arm 2 (nab-paclitaxel with gemcitabine),control,2,4,10,20,30,40,28,"Days 1, 8, and 15 of each 28-day cycle.",
PMID 36996380 CT_Summary_SoE.pdf,Arm A (Enzalutamide alone),control,2,1,4,7,10,14,28,Day 1 of each 28-day cycle.,
PMID 36996380 CT_Summary_SoE.pdf,"Arm B (Enzalutamide, Abiraterone, and Prednisone)",intervention,2,3,7,10,13,17,28,"Day 1 and Day 15 for the first 3 months (Cycles 1-3), then Day 1 of each cycle thereafter.",
PMID 37069359 a_Summary_SoE.pdf,Arm A (BL-8040 + G-CSF),intervention,2,17,41,42,43,44,0,"Daily for 8 days (mobilization), then conditioning and transplant, then daily for 29 days post-transplant, then follow-up visits at Day 30, 60, 100, 180, 270, and 360 post-transplant.",
PMID 37069359 a_Summary_SoE.pdf,Arm B (Placebo + G-CSF),control,2,17,41,42,43,44,0,"Daily for 8 days (mobilization), then conditioning and transplant, then daily for 29 days post-transplant, then follow-up visits at Day 30, 60, 100, 180, 270, and 360 post-transplant.",
PMID 37071094 a_Summary_SoE.pdf,mFOLFOX6 + panitumumab,intervention,2,3,7,13,20,27,14,Day 1 of every 14-day course,
PMID 37071094 a_Summary_SoE.pdf,mFOLFOX6 + bevacizumab,control,2,3,7,13,20,27,14,Day 1 of every 14-day course,
PMID 37075781 a_Summary_SoE.pdf,Arm A (Pembrolizumab + Gemcitabine + Cisplatin),intervention,2,4,9,18,26,36,21,Day 1 and Day 8 of each 21-day cycle.,
PMID 37075781 a_Summary_SoE.pdf,Arm B (Placebo + Gemcitabine + Cisplatin),control,2,4,9,18,26,36,21,Day 1 and Day 8 of each 21-day cycle.,
PMID 37080222 a_Summary_SoE.pdf,Arm A (Tislelizumab + chemotherapy doublet),intervention,2,5,11,15,19,24,21,"Cycles 1-3: Days 1, 8, 15. Cycle 4 and subsequent: Day 1 only.",
PMID 37080222 a_Summary_SoE.pdf,Arm B (Placebo + chemotherapy doublet),control,2,5,11,15,19,24,21,"Cycles 1-3: Days 1, 8, 15. Cycle 4 and subsequent: Day 1 only.",
PMID 37080223 CT_Summary_SoE.pdf,Arm A (Standard Chemoradiation),control,2,20,33,34,35,36,7,EBRT 5 days/week for 6 weeks; weekly cisplatin; 2 days brachytherapy; 3-monthly follow-up.,
PMID 37080223 CT_Summary_SoE.pdf,Arm B (Standard Chemoradiation + Adjuvant Chemotherapy),intervention,2,20,33,37,38,39,21,EBRT 5 days/week for 6 weeks; weekly cisplatin; 2 days brachytherapy; 4 cycles 3-weekly adjuvant chemotherapy; 3-monthly follow-up.,
PMID 37086745 a_Summary_SoE.pdf,Arm A (Trastuzumab deruxtecan),intervention,3,4,7,11,15,20,21,"Cycle 1: Days 1, 8, 15; Cycle 2 and subsequent: Day 1 only.",
PMID 37086745 a_Summary_SoE.pdf,Arm B (Investigator's Choice),control,3,4,7,11,15,20,21,"Cycle 1: Days 1, 8, 15; Cycle 2 and subsequent: Day 1 only.",
PMID 37104748 CT_Summary_SoE.pdf,Arm 1 (Dose-escalated RT alone),control,2,20,44,45,46,47,7,Daily RT (5 days/week) for 44 fractions (~9 weeks).,
PMID 37104748 CT_Summary_SoE.pdf,Arm 2 (Dose-escalated RT + short-term ADT),intervention,2,2,27,48,48,49,30,Monthly ADT injections/labs for 6 months. Daily RT (5 days/week) for 44 fractions starting at Week 8.,
PMID 37116523 a_Summary_SoE.pdf,Arm A (Quizartinib + Chemotherapy),intervention,2,29,46,62,65,68,28,"Induction: 28-day inpatient stay. Consolidation: Days 1, 3, 5, 6, 13, 19, 28. Continuation: Cycle 1 (Days 1, 8, 15), Cycle 2 (Days 1, 15), Cycle 3+ (Day 1).",
PMID 37116523 a_Summary_SoE.pdf,Arm B (Placebo + Chemotherapy),control,2,29,46,62,65,68,28,"Induction: 28-day inpatient stay. Consolidation: Days 1, 3, 5, 6, 13, 19, 28. Continuation: Cycle 1 (Days 1, 8, 15), Cycle 2 (Days 1, 15), Cycle 3+ (Day 1).",
PMID 37141294 CT_Summary_SoE.pdf,Pembrolizumab (MK-3475),intervention,1,2,5,9,13,18,21,Day 1 of each 21-day (3-week) cycle,
PMID 37141294 CT_Summary_SoE.pdf,Docetaxel,control,1,2,5,9,13,18,21,Day 1 of each 21-day (3-week) cycle,
PMID 37257422 CT_Summary_SoE.pdf,,,,,,,,,,,Unknown failure
PMID 37272516 a_Summary_SoE.pdf,Arm A (Vorasidenib),intervention,2,3,6,9,12,16,28,Cycles 1-2: Days 1 and 15; Cycles 3-14: Day 1 only.,
PMID 37272516 a_Summary_SoE.pdf,Arm B (Placebo),control,2,3,6,9,12,16,28,Cycles 1-2: Days 1 and 15; Cycles 3-14: Day 1 only.,
PMID 37276510 CT_Summary_SoE.pdf,Arm 1 (SGI-110),intervention,1,10,27,45,60,76,28,"SGI-110 given SC daily for 5 days (Days 1-5) in 28-day cycles. Additional visits for labs/assessments on Days 8, 15, 22 in Cycles 1-2, and Day 15 in Cycles 3-6. Cycles >6 require only treatment day visits.",
PMID 37276510 CT_Summary_SoE.pdf,Arm 2 (Treatment Choice - Cytarabine),control,1,14,41,78,108,139,28,"Calculated using the most intensive TC regimen: Cytarabine 20mg SC BID on Days 1-10 every 28 days. Additional visits on Days 15, 22 in Cycles 1-2, and Day 15 in Cycles 3-6.",
PMID 37284847 CT_Summary_SoE.pdf,Group 1 (Olanzapine + Fosaprepitant/Aprepitant),intervention,1,2,4,4,4,4,21,Screening visit followed by Day 1 of each chemotherapy cycle (Cycles 1-4).,
PMID 37284847 CT_Summary_SoE.pdf,Group 2 (Olanzapine + Placebo),control,1,2,4,4,4,4,21,Screening visit followed by Day 1 of each chemotherapy cycle (Cycles 1-4).,
PMID 37285865 b_Summary_SoE.pdf,Arm A (Talazoparib + Enzalutamide),intervention,2,3,7,11,14,18,,"q2w through Week 17, then q4w through Week 53, then q8w thereafter.",
PMID 37285865 b_Summary_SoE.pdf,Arm B (Placebo + Enzalutamide),control,2,3,7,11,14,18,,"q2w through Week 17, then q4w through Week 53, then q8w thereafter.",
PMID 37290035 CT_Summary_SoE.pdf,Arm 1 (Pembrolizumab + Olaparib),intervention,1,2,5,9,13,18,21,Day 1 of each 21-day cycle.,
PMID 37290035 CT_Summary_SoE.pdf,Arm 2 (Abiraterone Acetate or Enzalutamide),control,1,2,5,9,13,18,21,Day 1 of each 21-day cycle.,
PMID 37290461 a_Summary_SoE.pdf,Experimental Arm (Atezolizumab + Cabozantinib),intervention,2,4,7,11,15,20,21,Day 1 of each 21-day cycle.,
PMID 37290461 a_Summary_SoE.pdf,Control Arm (Cabozantinib),control,2,4,7,11,15,20,21,Day 1 of each 21-day cycle.,
PMID 37315297 a_Summary_SoE.pdf,Arm 1: Combined EBRT and Brachytherapy,intervention,2,20,27,29,30,31,7,"Daily EBRT (5 days/week) for 5 weeks, followed by 1-day Brachytherapy procedure 2-4 weeks later.",
PMID 37315297 a_Summary_SoE.pdf,Arm 2: Brachytherapy Alone,control,2,2,2,4,5,6,,Single-day Brachytherapy procedure followed by post-implant imaging and periodic follow-up.,
PMID 37331369 CT_Summary_SoE.pdf,Arm A (Fruquintinib + BSC),intervention,2,3,7,10,13,17,28,Screening (2 days); Cycles 1-3: Day 1 and Day 21; Cycles 4+: Day 1 only.,
PMID 37331369 CT_Summary_SoE.pdf,Arm B (Placebo + BSC),control,2,3,7,10,13,17,28,Screening (2 days); Cycles 1-3: Day 1 and Day 21; Cycles 4+: Day 1 only.,
PMID 37342922 a_Summary_SoE.pdf,Arm A (Tacrolimus/Methotrexate),control,2,11,19,21,22,23,7,"Day 0 (Transplant), Days 1, 3, 6, 11 (MTX admin), then weekly visits to Day 84, then Day 98, 180, 270, 365.",
PMID 37342922 a_Summary_SoE.pdf,Arm B (PTCy/Tacrolimus/Mycophenolate Mofetil),intervention,2,9,17,19,20,21,7,"Day 0 (Transplant), Days 3, 4 (PTCy admin), then weekly visits to Day 84, then Day 98, 180, 270, 365.",
PMID 37379502 a_Summary_SoE.pdf,Lazertinib (240 mg once daily),intervention,1,4,7,9,11,13,21,"Weekly in Cycle 1 (Day 1, 8, 15), then Day 1 of Cycles 2, 3, and 4, then Day 1 of every other cycle (C5, C7, C9, etc.)",
PMID 37379502 a_Summary_SoE.pdf,Gefitinib (250 mg once daily),control,1,4,7,9,11,13,21,"Weekly in Cycle 1 (Day 1, 8, 15), then Day 1 of Cycles 2, 3, and 4, then Day 1 of every other cycle (C5, C7, C9, etc.)",
PMID 37423228 CT_Summary_SoE.pdf,Atezolizumab,intervention,2,2,5,9,13,18,21,1 visit per cycle (Day 1) for infusion and assessments.,
PMID 37423228 CT_Summary_SoE.pdf,Chemotherapy (Vinorelbine or Gemcitabine),control,2,4,9,18,26,36,21,2 visits per cycle (Day 1 and Day 8) for infusions.,
PMID 37478390 CT_Summary_SoE.pdf,Arm A (Zanubrutinib),intervention,1,2,4,7,10,13,28,"Day 1 of every 28-day cycle for the first 48 weeks (Cycles 1-13), then every 3 cycles thereafter.",
PMID 37478390 CT_Summary_SoE.pdf,Arm B (Ibrutinib),control,1,2,4,7,10,13,28,"Day 1 of every 28-day cycle for the first 48 weeks (Cycles 1-13), then every 3 cycles thereafter.",
PMID 37478390 CT_Summary_SoE.pdf,Arm C (Zanubrutinib),intervention,1,2,4,7,10,13,28,"Day 1 of every 28-day cycle for the first 48 weeks (Cycles 1-13), then every 3 cycles thereafter.",
PMID 37499670 a_Summary_SoE.pdf,Experimental Arm (Camrelizumab + Rivoceranib),intervention,3,3,7,13,20,27,28,Day 1 and Day 15 of every 28-day cycle.,
PMID 37499670 a_Summary_SoE.pdf,Control Arm (Sorafenib),control,3,3,7,10,13,17,28,Day 1 and Day 15 for Cycles 1-3; Day 1 only from Cycle 4 onwards.,
PMID 37524096 CT_Summary_SoE.pdf,Everolimus,intervention,1,2,4,6,8,10,42,"Cycle 1: Weeks 1 and 4. Cycles 2-9: Week 1 of each cycle. CT scans every 18 weeks (Cycles 3, 6, 9).",
PMID 37524096 CT_Summary_SoE.pdf,Placebo,control,1,2,4,6,8,10,42,"Cycle 1: Weeks 1 and 4. Cycles 2-9: Week 1 of each cycle. CT scans every 18 weeks (Cycles 3, 6, 9).",
PMID 37604981 CT_Summary_SoE.pdf,Intensive Chemotherapy + Glasdegib,intervention,2,10,25,32,35,38,28,"Induction: Days 1-7 (infusion), 8, 15, 22 (labs). Consolidation: Days 1, 3, 5 (infusion), 10 (ECG/labs), 21 (labs). Maintenance: Day 1 (ECG/labs).",
PMID 37604981 CT_Summary_SoE.pdf,Intensive Chemotherapy + Placebo,control,2,10,25,32,35,38,28,"Induction: Days 1-7 (infusion), 8, 15, 22 (labs). Consolidation: Days 1, 3, 5 (infusion), 10 (ECG/labs), 21 (labs). Maintenance: Day 1 (ECG/labs).",
PMID 37604981 CT_Summary_SoE.pdf,Non-Intensive Chemotherapy + Glasdegib,intervention,2,8,29,50,71,92,28,All cycles: Days 1-7 (Azacitidine dosing). Cycle 1 also includes Day 15 (ECG/labs).,
PMID 37604981 CT_Summary_SoE.pdf,Non-Intensive Chemotherapy + Placebo,control,2,8,29,50,71,92,28,All cycles: Days 1-7 (Azacitidine dosing). Cycle 1 also includes Day 15 (ECG/labs).,
PMID 37646660 CT_Summary_SoE.pdf,Arm A (Melflufen + Daratumumab + Dexamethasone),intervention,1,6,15,28,41,55,28,"Cycles 1-2: Days 1, 4 (C1 only), 8, 15, 22; Cycles 3-6: Days 1, 4 (C3 only), 8, 15, 22; Cycle 7+: Days 1, 8, 15, 22.",
PMID 37646660 CT_Summary_SoE.pdf,Arm B (Daratumumab monotherapy),control,1,6,13,19,22,26,28,"Cycles 1-2: Days 1, 4 (C1 only), 8, 15, 22; Cycles 3-6: Days 1, 4 (C3 only), 15; Cycle 7+: Day 1.",
PMID 37647576 a_Summary_SoE.pdf,Arm A (Nimotuzumab + Gemcitabine),intervention,3,5,13,26,39,53,28,"Weekly visits (Day 1, 8, 15, 22) per 28-day cycle.",
PMID 37647576 a_Summary_SoE.pdf,Arm B (Placebo + Gemcitabine),control,3,5,13,26,39,53,28,"Weekly visits (Day 1, 8, 15, 22) per 28-day cycle.",
PMID 37704166 CT_Summary_SoE.pdf,Arm A (OSE2101),intervention,2,3,6,10,13,17,21,"Day 1 of each 21-day cycle for 6 cycles, then every 8 weeks for remainder of year 1, then every 12 weeks.",
PMID 37704166 CT_Summary_SoE.pdf,Arm B (Docetaxel or Pemetrexed),control,2,3,6,10,14,19,21,Day 1 of each 21-day cycle.,
PMID 37708904 CT_Summary_SoE.pdf,Arm 1 (Irinotecan liposome injection + oxaliplatin + 5-fluorouracil/leucovorin),intervention,1,5,15,29,44,59,28,"Arm 1: 4 visits per 28-day cycle (D1, D3, D15, D17) for drug administration and pump removal.",
PMID 37708904 CT_Summary_SoE.pdf,Arm 2 (nab-paclitaxel + gemcitabine),control,1,4,11,23,34,46,28,"Arm 2: 3 visits per 28-day cycle (D1, D8, D15) for drug administration.",
PMID 37722354 CT_Summary_SoE.pdf,Arm A (background chemotherapy plus placebo),control,2,4,8,13,14,16,28,"Days 1 and 2 for 6 cycles (28-day cycles), then every 8 weeks starting at Cycle 7.",
PMID 37722354 CT_Summary_SoE.pdf,Arm B (background chemotherapy plus 560 mg of ibrutinib),intervention,2,4,8,13,14,16,28,"Days 1 and 2 for 6 cycles (28-day cycles), then every 8 weeks starting at Cycle 7.",
PMID 37748693 CT_Summary_SoE.pdf,Arm A (Avelumab 10 mg/kg Q2W),intervention,1,3,7,13,20,27,14,"Once every 2 weeks (Day 1, 15, 29, etc.)",
PMID 37748693 CT_Summary_SoE.pdf,Arm B (Platinum-based Doublet Chemotherapy),control,1,4,9,14,16,18,21,Gemcitabine schedule (Day 1 and Day 8 of 21-day cycle) used for conservative contact day count.,
PMID 37748693 CT_Summary_SoE.pdf,Arm C (Avelumab 10 mg/kg Q1W then Q2W),intervention,1,5,13,19,26,33,7,"Once weekly for 12 weeks, then once every 2 weeks.",
PMID 37788412 CT_Summary_SoE.pdf,Canakinumab,intervention,1,4,7,11,15,20,21,"Screening (1 day), Cycle 1 (Days 1, 8, 15), then Day 1 of every 21-day cycle for 18 cycles.",
PMID 37788412 CT_Summary_SoE.pdf,Placebo,control,1,4,7,11,15,20,21,"Screening (1 day), Cycle 1 (Days 1, 8, 15), then Day 1 of every 21-day cycle for 18 cycles.",
PMID 37792130 CT_Summary_SoE.pdf,Arm A (MYL-1402O),intervention,2,2,5,9,13,16,21,Day 0 of each 21-day cycle.,
PMID 37792130 CT_Summary_SoE.pdf,Arm B (Avastin),control,2,2,5,9,13,16,21,Day 0 of each 21-day cycle.,
PMID 37793771 CT_Summary_SoE.pdf,,,,,,,,,,,Failed to parse JSON
PMID 37845511 a_Summary_SoE.pdf,Arm A (Nivolumab 480 mg Q4W),intervention,1,2,4,7,10,13,28,Day 1 of each 28-day cycle (every 4 weeks).,
PMID 37845511 a_Summary_SoE.pdf,Arm B (Placebo Q4W),control,1,2,4,7,10,13,28,Day 1 of each 28-day cycle (every 4 weeks).,
PMID 37870976 a_Summary_SoE.pdf,Arm A (Amivantamab + Carboplatin-Pemetrexed),intervention,1,5,8,12,16,21,21,"Cycle 1: Days 1, 2, 8, 15; Cycle 2+: Day 1 only.",
PMID 37870976 a_Summary_SoE.pdf,Arm B (Carboplatin-Pemetrexed),control,1,2,5,9,13,18,21,Day 1 of every 21-day cycle.,
PMID 37875143 a_Summary_SoE.pdf,Pembrolizumab + Chemotherapy (FP or CAPOX),intervention,2,2,5,9,13,18,21,Day 1 of each 3-week cycle,
PMID 37875143 a_Summary_SoE.pdf,Placebo + Chemotherapy (FP or CAPOX),control,2,2,5,9,13,18,21,Day 1 of each 3-week cycle,
PMID 37935977 CT_Summary_SoE.pdf,"Arm 1 (Standard Cytarabine plus Daunorubicin, 7+3)",control,1,10,22,34,35,36,28,"Induction: Days 1-7 (treatment), Weeks 2-4 (labs/exams). Consolidation: Days 1, 3, 5 (treatment), Weeks 2-4 (labs/exams).",
PMID 37935977 CT_Summary_SoE.pdf,"Arm 2 (Idarubicin with High Dose Cytarabine, IA)",intervention,1,7,19,31,32,33,28,"Induction: Days 1-4 (treatment), Weeks 2-4 (labs/exams). Consolidation: Days 1-3 (treatment), Weeks 2-4 (labs/exams).",
PMID 37935977 CT_Summary_SoE.pdf,"Arm 3 (IA with Vorinostat, IA+V)",intervention,1,10,28,46,47,48,28,"Induction: Days 1-7 (treatment), Weeks 2-4 (labs/exams). Consolidation: Days 1-6 (treatment), Weeks 2-4 (labs/exams).",
PMID 37980924 a_Summary_SoE.pdf,Arm A (Apixaban),intervention,1,6,7,7,7,7,28,"Screening (Day -7 to 4), Day 1 (Randomization/Chemo), Day 4 (Chemo), Day 8 (Chemo), Day 15 (Chemo), Day 22 (Chemo), Day 29 (Chemo/EOT), Day 35 (Follow-up).",
PMID 37980924 a_Summary_SoE.pdf,Arm B (No systemic anticoagulant prophylaxis / Standard of Care),control,1,6,7,7,7,7,28,"Screening (Day -7 to 4), Day 1 (Randomization/Chemo), Day 4 (Chemo), Day 8 (Chemo), Day 15 (Chemo), Day 22 (Chemo), Day 29 (Chemo/EOT), Day 35 (Follow-up).",
PMID 38039991 CT_Summary_SoE.pdf,Durvalumab + SoC CCRT,intervention,2,6,10,13,16,20,28,"Durvalumab q4w (Day 1 of each cycle); Cisplatin q1w for 5 weeks (C1D1, C1D8, C1D15, C1D22, C2D1); Safety reviews at Day 14 for first 3 cycles; Imaging q12w starting at Week 20.",
PMID 38039991 CT_Summary_SoE.pdf,Placebo + SoC CCRT,control,2,6,10,13,16,20,28,Placebo q4w (Day 1 of each cycle); Cisplatin q1w for 5 weeks; Safety reviews at Day 14 for first 3 cycles; Imaging q12w starting at Week 20.,
PMID 38039993 a_Summary_SoE.pdf,Arm A (Lenvatinib + Pembrolizumab),intervention,2,4,8,12,16,21,21,"Cycle 1: Days 1, 8, 15; Cycle 2: Days 1, 15; Cycle 3+: Day 1 only.",
PMID 38039993 a_Summary_SoE.pdf,Arm B (Lenvatinib + Placebo),control,2,4,8,12,16,21,21,"Cycle 1: Days 1, 8, 15; Cycle 2: Days 1, 15; Cycle 3+: Day 1 only.",
PMID 38059497 CT_Summary_SoE.pdf,,,,,,,,,,,Failed to parse JSON
PMID 38060199 CT_Summary_SoE.pdf,Arm A (Ipatasertib + Atezolizumab + Paclitaxel),intervention,2,4,10,19,30,40,28,"Days 1, 8, and 15 of every 28-day cycle.",
PMID 38060199 CT_Summary_SoE.pdf,Arm B (Ipatasertib + Paclitaxel),intervention,2,4,10,19,30,40,28,"Days 1, 8, and 15 of every 28-day cycle.",
PMID 38060199 CT_Summary_SoE.pdf,Arm C (Paclitaxel Alone),control,2,4,10,19,30,40,28,"Days 1, 8, and 15 of every 28-day cycle.",
PMID 38103088 CT_Summary_SoE.pdf,Arm 1 (F-627),intervention,1,24,49,49,49,49,21,"Cycle 1: Days 1, 2, then daily blood draws until recovery + 3 days. Cycles 2-4: Days 1, 2, then every other day blood draws until recovery + 3 days.",
PMID 38103088 CT_Summary_SoE.pdf,Arm 2 (Placebo / F-627),control,1,24,49,49,49,49,21,"Cycle 1: Days 1, 2, then daily blood draws until recovery + 3 days. Cycles 2-4: Days 1, 2, then every other day blood draws until recovery + 3 days.",
PMID 38159809 CT_Summary_SoE.pdf,Arm A (Pembrolizumab + Lenvatinib),intervention,2,3,7,11,15,20,21,Day 1 of every 21-day cycle; Day 15 of Cycles 1 and 2 only.,
PMID 38159809 CT_Summary_SoE.pdf,Arm B (Pembrolizumab + Placebo),control,2,3,7,11,15,20,21,Day 1 of every 21-day cycle; Day 15 of Cycles 1 and 2 only.,
PMID 38231126 a_Summary_SoE.pdf,Guadecitabine (SGI-110),intervention,1,12,32,50,65,85,28,"Cycles 1-2: 12 visits (10 dosing, 2 labs); Cycle 3: 7 visits (5 dosing, 2 labs); Cycles 4-6: 6 visits (5 dosing, 1 labs); Cycles 7+: 5 visits (5 dosing).",
PMID 38231126 a_Summary_SoE.pdf,Treatment Choice (TC),control,1,10,31,55,76,104,28,"Cycles 1-3: 10 visits (7 dosing, 3 labs); Cycles 4-6: 8 visits (7 dosing, 1 labs); Cycles 7+: 7 visits (7 dosing).",
PMID 38252907 a_Summary_SoE.pdf,Arm A (Nivolumab plus Pemetrexed/Platinum),intervention,1,2,5,9,13,18,21,Day 1 of each 21-day cycle,
PMID 38252907 a_Summary_SoE.pdf,Arm B (Nivolumab plus Ipilimumab),intervention,1,3,7,13,20,27,14,Day 1 of each 14-day cycle,
PMID 38252907 a_Summary_SoE.pdf,Arm C (Pemetrexed plus Platinum),control,1,2,5,9,13,18,21,Day 1 of each 21-day cycle,
PMID 38319255 a_Summary_SoE.pdf,Arm A (Ibrutinib + Venetoclax),intervention,2,2,5,11,14,18,28,"C1-3 D1; C3D26; C4 D1, 8, 15, 22; C5-15 D1.",
PMID 38319255 a_Summary_SoE.pdf,Arm B (Obinutuzumab + Chlorambucil),control,2,5,9,15,17,18,28,"C1 D1, 2, 8, 15; C2-6 D1, 15.",
PMID 38319800 CT_Summary_SoE.pdf,,,,,,,,,,,Failed to parse JSON
PMID 38319892 a_Summary_SoE.pdf,Arm A (Durvalumab 1500 mg monotherapy),intervention,1,2,4,7,10,14,28,One visit every 4 weeks (Q4W) on Day 1 of each cycle for IV infusion.,
PMID 38319892 a_Summary_SoE.pdf,Arm B (Durvalumab 1500 mg + Tremelimumab 75 mg x 4 doses),intervention,1,2,4,7,10,14,28,One visit every 4 weeks (Q4W) on Day 1 of each cycle for IV infusion.,
PMID 38319892 a_Summary_SoE.pdf,Arm C (Durvalumab 1500 mg + Tremelimumab 300 mg x 1 dose),intervention,1,2,4,7,10,14,28,One visit every 4 weeks (Q4W) on Day 1 of each cycle for IV infusion.,
PMID 38319892 a_Summary_SoE.pdf,Arm D (Sorafenib 400 mg BID),control,1,2,4,7,10,14,28,One visit every 4 weeks (Q4W) on Day 1 of each cycle for monitoring and assessments.,
PMID 38319896 a_Summary_SoE.pdf,,,,,,,,,,,Failed to parse JSON
PMID 38320161 a_Summary_SoE.pdf,LUM Imaging System (Intervention Arm),intervention,1,2,2,2,2,2,,"One screening visit, one surgery day (Day 1), and one post-operative follow-up visit.",
PMID 38320161 a_Summary_SoE.pdf,Standard of Care (Control Arm),control,1,2,2,2,2,2,,"One screening visit, one surgery day (Day 1), and one post-operative follow-up visit.",
PMID 38483412 CT_Summary_SoE.pdf,Arm II (HYPORT - Hypofractionated post-prostatectomy radiation therapy),intervention,2,20,25,26,26,27,0,5 days per week for 5 weeks (25 total fractions),
PMID 38483412 CT_Summary_SoE.pdf,Arm I (COPORT - Conventional post-prostatectomy radiation therapy),control,2,20,37,38,38,39,0,5 days per week for approximately 7.4 weeks (37 total fractions),
PMID 38499457 CT_Summary_SoE.pdf,Arm A (Pracinostat + Azacitidine),intervention,2,10,29,53,75,99,28,Days 1-7 of every cycle (AZA administration); Day 15 of Cycle 1 (PK/ECG); Days 21-26 of even-numbered cycles (Bone Marrow/ECG).,
PMID 38499457 CT_Summary_SoE.pdf,Arm B (Placebo + Azacitidine),control,2,10,29,53,75,99,28,Days 1-7 of every cycle (AZA administration); Day 15 of Cycle 1 (PK/ECG); Days 21-26 of even-numbered cycles (Bone Marrow/ECG).,
PMID 38531002 CT_Summary_SoE.pdf,Arm A (Pazopanib),intervention,2,5,8,11,14,18,28,"Cycle 1: Days 1, 8, 15, 22; Cycle 2: Days 1, 15; Cycles 3-13: Day 1 only.",
PMID 38531002 CT_Summary_SoE.pdf,Arm B (Placebo),control,2,5,8,11,14,18,28,"Cycle 1: Days 1, 8, 15, 22; Cycle 2: Days 1, 15; Cycles 3-13: Day 1 only.",
PMID 38552197 a_Summary_SoE.pdf,Experimental Arm (Atezolizumab + Cabozantinib),intervention,1,2,5,9,13,18,21,Day 1 of each 21-day cycle,
PMID 38552197 a_Summary_SoE.pdf,Control Arm (Docetaxel),control,1,2,5,9,13,18,21,Day 1 of each 21-day cycle,
PMID 38561010 CT_Summary_SoE.pdf,Arm 1 (Pembrolizumab + CRT),intervention,2,18,38,42,46,50,21,"Daily radiotherapy (RT) for 7 weeks (SFX) or 6 weeks (AFX), plus Q3W infusions of pembrolizumab and cisplatin.",
PMID 38561010 CT_Summary_SoE.pdf,Arm 2 (Placebo + CRT),control,2,18,38,42,46,50,21,"Daily radiotherapy (RT) for 7 weeks (SFX) or 6 weeks (AFX), plus Q3W infusions of placebo and cisplatin.",
PMID 38648575 a_Summary_SoE.pdf,Arm A (Irinotecan Liposome Injection),intervention,1,5,11,19,28,38,42,"Cycle 1: Days 1, 8, 15, 22, 29, 36. Cycle 2 and beyond: Days 1, 15, 22, 29. Treatment is administered on Days 1, 15, and 29 of every 6-week cycle.",
PMID 38648575 a_Summary_SoE.pdf,Arm B (IV Topotecan),control,1,13,31,55,80,110,42,"Cycle 1: Days 1-5, 8, 15, 22-26, 29, 36. Cycle 2 and beyond: Days 1-5, 15, 22-26, 29. Treatment is administered daily for 5 consecutive days every 3 weeks (Days 1-5 and 22-26 of a 6-week cycle).",
PMID 38683596 CT_Summary_SoE.pdf,Arm 1 (Aspirin 300 mg daily),intervention,1,0,0,1,1,2,180,One screening visit followed by clinic visits every 6 months.,
PMID 38683596 CT_Summary_SoE.pdf,Arm 2 (Placebo daily),control,1,0,0,1,1,2,180,One screening visit followed by clinic visits every 6 months.,
PMID 38833643 CT_Summary_SoE.pdf,,,,,,,,,,,Failed to parse JSON
PMID 38833658 CT_Summary_SoE.pdf,Arm A (Lenvatinib + Pembrolizumab),intervention,2,3,8,14,20,28,28,Day 1 and Day 15 of every 28-day cycle; extra Day 8 visit in Cycle 1.,
PMID 38833658 CT_Summary_SoE.pdf,Arm B (Standard of Care - Regorafenib or TAS-102),control,2,3,8,14,20,28,28,Day 1 and Day 15 of every 28-day cycle; extra Day 8 visit in Cycle 1 for Regorafenib.,
PMID 38838287CT_Summary_SoE.pdf,Arm A (NKTR-214 + Nivolumab),intervention,2,5,8,12,16,21,42,"Cycle 1: Days 1, 3, 5, 8, 22; Subsequent Cycles: Days 1, 22",
PMID 38838287CT_Summary_SoE.pdf,Arm B (Sunitinib or Cabozantinib),control,2,3,6,10,14,19,42,"Cycle 1: Days 1, 8, 22; Subsequent Cycles: Days 1, 22",
PMID 38849283 CT_Summary_SoE.pdf,,,,,,,,,,,Failed to parse JSON
PMID 38872480 CT_Summary_SoE.pdf,Arm A (Bevacizumab + Paclitaxel + Carboplatin),intervention,1,5,9,13,17,22,21,"Day 1 of each 21-day cycle for treatment. Weekly clinic visits (Days 8, 15, 29, 36) occur during the first cycle of chemotherapy and the first cycle of bevacizumab/placebo therapy for safety and wound monitoring.",
PMID 38872480 CT_Summary_SoE.pdf,Arm B (Placebo + Paclitaxel + Carboplatin),control,1,5,9,13,17,22,21,"Day 1 of each 21-day cycle for treatment. Weekly clinic visits (Days 8, 15, 29, 36) occur during the first cycle of chemotherapy and the first cycle of bevacizumab/placebo therapy for safety and wound monitoring.",
PMID 38889373 CT_Summary_SoE.pdf,Arm A (Amcenestrant + Palbociclib),intervention,2,3,6,9,12,16,28,Cycles 1-2: Day 1 and Day 15; Subsequent cycles: Day 1 only. Tumor assessments every 12 weeks (3 cycles).,
PMID 38889373 CT_Summary_SoE.pdf,Arm B (Letrozole + Palbociclib),control,2,3,6,9,12,16,28,Cycles 1-2: Day 1 and Day 15; Subsequent cycles: Day 1 only. Tumor assessments every 12 weeks (3 cycles).,
PMID 38942046 CT_Summary_SoE.pdf,Arm A (Perioperative Nivolumab),intervention,2,3,4,7,11,13,28,"1 neoadjuvant dose, surgery, then 9 adjuvant doses every 4 weeks.",
PMID 38942046 CT_Summary_SoE.pdf,Arm B (Observation),control,2,2,4,5,5,6,,"Surgery followed by observation visits at 6 weeks, 12 weeks, 20 weeks, 40 weeks, and 54 weeks.",
